Series Name,Series Code,Country Name,Country Code,2016 [YR2016]
"Population, total",SP.POP.TOTL,Afghanistan,AFG,34700612
"Population, total",SP.POP.TOTL,Albania,ALB,2689469
"Population, total",SP.POP.TOTL,Algeria,DZA,40850721
"Population, total",SP.POP.TOTL,American Samoa,ASM,52245
"Population, total",SP.POP.TOTL,Andorra,AND,72181
"Population, total",SP.POP.TOTL,Angola,AGO,29183070
"Population, total",SP.POP.TOTL,Antigua and Barbuda,ATG,89969
"Population, total",SP.POP.TOTL,Argentina,ARG,43900313
"Population, total",SP.POP.TOTL,Armenia,ARM,2992300
"Population, total",SP.POP.TOTL,Aruba,ABW,108727
"Population, total",SP.POP.TOTL,Australia,AUS,24190907
"Population, total",SP.POP.TOTL,Austria,AUT,8736668
"Population, total",SP.POP.TOTL,Azerbaijan,AZE,9757812
"Population, total",SP.POP.TOTL,"Bahamas, The",BHS,388055
"Population, total",SP.POP.TOTL,Bahrain,BHR,1423726
"Population, total",SP.POP.TOTL,Bangladesh,BGD,160811932
"Population, total",SP.POP.TOTL,Barbados,BRB,279598
"Population, total",SP.POP.TOTL,Belarus,BLR,9469379
"Population, total",SP.POP.TOTL,Belgium,BEL,11331422
"Population, total",SP.POP.TOTL,Belize,BLZ,364705
"Population, total",SP.POP.TOTL,Benin,BEN,11697842
"Population, total",SP.POP.TOTL,Bermuda,BMU,63449
"Population, total",SP.POP.TOTL,Bhutan,BTN,747866
"Population, total",SP.POP.TOTL,Bolivia,BOL,11180020
"Population, total",SP.POP.TOTL,Bosnia and Herzegovina,BIH,3473003
"Population, total",SP.POP.TOTL,Botswana,BWA,2234776
"Population, total",SP.POP.TOTL,Brazil,BRA,203218114
"Population, total",SP.POP.TOTL,British Virgin Islands,VGB,33878
"Population, total",SP.POP.TOTL,Brunei Darussalam,BRN,427564
"Population, total",SP.POP.TOTL,Bulgaria,BGR,6894139
"Population, total",SP.POP.TOTL,Burkina Faso,BFA,19334856
"Population, total",SP.POP.TOTL,Burundi,BDI,11239451
"Population, total",SP.POP.TOTL,Cabo Verde,CPV,512554
"Population, total",SP.POP.TOTL,Cambodia,KHM,15852803
"Population, total",SP.POP.TOTL,Cameroon,CMR,23454161
"Population, total",SP.POP.TOTL,Canada,CAN,36110803
"Population, total",SP.POP.TOTL,Cayman Islands,CYM,63100
"Population, total",SP.POP.TOTL,Central African Republic,CAF,4713663
"Population, total",SP.POP.TOTL,Chad,TCD,15114655
"Population, total",SP.POP.TOTL,Channel Islands,CHI,163883
"Population, total",SP.POP.TOTL,Chile,CHL,18267221
"Population, total",SP.POP.TOTL,China,CHN,1387790000
"Population, total",SP.POP.TOTL,Colombia,COL,47437512
"Population, total",SP.POP.TOTL,Comoros,COM,741741
"Population, total",SP.POP.TOTL,"Congo, Dem. Rep.",COD,83956415
"Population, total",SP.POP.TOTL,"Congo, Rep.",COG,5222536
"Population, total",SP.POP.TOTL,Costa Rica,CRI,4866998
"Population, total",SP.POP.TOTL,Cote d'Ivoire,CIV,25989405
"Population, total",SP.POP.TOTL,Croatia,HRV,4106867
"Population, total",SP.POP.TOTL,Cuba,CUB,11265612
"Population, total",SP.POP.TOTL,Curacao,CUW,159664
"Population, total",SP.POP.TOTL,Cyprus,CYP,1237112
"Population, total",SP.POP.TOTL,Czechia,CZE,10566332
"Population, total",SP.POP.TOTL,Denmark,DNK,5728010
"Population, total",SP.POP.TOTL,Djibouti,DJI,1037653
"Population, total",SP.POP.TOTL,Dominica,DMA,69606
"Population, total",SP.POP.TOTL,Dominican Republic,DOM,10551430
"Population, total",SP.POP.TOTL,Ecuador,ECU,16505139
"Population, total",SP.POP.TOTL,"Egypt, Arab Rep.",EGY,101644589
"Population, total",SP.POP.TOTL,El Salvador,SLV,6200800
"Population, total",SP.POP.TOTL,Equatorial Guinea,GNQ,1508186
"Population, total",SP.POP.TOTL,Eritrea,ERI,3124698
"Population, total",SP.POP.TOTL,Estonia,EST,1315790
"Population, total",SP.POP.TOTL,Ethiopia,ETH,106718162
"Population, total",SP.POP.TOTL,Faroe Islands,FRO,49464
"Population, total",SP.POP.TOTL,Fiji,FJI,919166
"Population, total",SP.POP.TOTL,Finland,FIN,5495303
"Population, total",SP.POP.TOTL,France,FRA,66724104
"Population, total",SP.POP.TOTL,French Polynesia,PYF,279178
"Population, total",SP.POP.TOTL,Gabon,GAB,2100306
"Population, total",SP.POP.TOTL,"Gambia, The",GMB,2283769
"Population, total",SP.POP.TOTL,Georgia,GEO,3727505
"Population, total",SP.POP.TOTL,Germany,DEU,82348669
"Population, total",SP.POP.TOTL,Ghana,GHA,29356742
"Population, total",SP.POP.TOTL,Gibraltar,GIB,33658
"Population, total",SP.POP.TOTL,Greece,GRC,10775971
"Population, total",SP.POP.TOTL,Greenland,GRL,56186
"Population, total",SP.POP.TOTL,Grenada,GRD,115130
"Population, total",SP.POP.TOTL,Guam,GUM,164233
"Population, total",SP.POP.TOTL,Guatemala,GTM,16268760
"Population, total",SP.POP.TOTL,Guinea,GIN,12073030
"Population, total",SP.POP.TOTL,Guinea-Bissau,GNB,1831893
"Population, total",SP.POP.TOTL,Guyana,GUY,763548
"Population, total",SP.POP.TOTL,Haiti,HTI,10671457
"Population, total",SP.POP.TOTL,Honduras,HND,9412380
"Population, total",SP.POP.TOTL,"Hong Kong SAR, China",HKG,7336600
"Population, total",SP.POP.TOTL,Hungary,HUN,9759755
"Population, total",SP.POP.TOTL,Iceland,ISL,335439
"Population, total",SP.POP.TOTL,India,IND,1343944296
"Population, total",SP.POP.TOTL,Indonesia,IDN,264627418
"Population, total",SP.POP.TOTL,"Iran, Islamic Rep.",IRN,83812228
"Population, total",SP.POP.TOTL,Iraq,IRQ,38469627
"Population, total",SP.POP.TOTL,Ireland,IRL,4762722
"Population, total",SP.POP.TOTL,Isle of Man,IMN,83466
"Population, total",SP.POP.TOTL,Israel,ISR,8546000
"Population, total",SP.POP.TOTL,Italy,ITA,60115223
"Population, total",SP.POP.TOTL,Jamaica,JAM,2809915
"Population, total",SP.POP.TOTL,Japan,JPN,127076000
"Population, total",SP.POP.TOTL,Jordan,JOR,10006367
"Population, total",SP.POP.TOTL,Kazakhstan,KAZ,18363600
"Population, total",SP.POP.TOTL,Kenya,KEN,48139687
"Population, total",SP.POP.TOTL,Kiribati,KIR,118478
"Population, total",SP.POP.TOTL,"Korea, Dem. People's Rep.",PRK,25698326
"Population, total",SP.POP.TOTL,"Korea, Rep.",KOR,51217803
"Population, total",SP.POP.TOTL,Kosovo,XKX,1777568
"Population, total",SP.POP.TOTL,Kuwait,KWT,4004096
"Population, total",SP.POP.TOTL,Kyrgyz Republic,KGZ,6175338
"Population, total",SP.POP.TOTL,Lao PDR,LAO,6908802
"Population, total",SP.POP.TOTL,Latvia,LVA,1959537
"Population, total",SP.POP.TOTL,Lebanon,LBN,6323060
"Population, total",SP.POP.TOTL,Lesotho,LSO,2130422
"Population, total",SP.POP.TOTL,Liberia,LBR,4755608
"Population, total",SP.POP.TOTL,Libya,LBY,6632126
"Population, total",SP.POP.TOTL,Liechtenstein,LIE,37716
"Population, total",SP.POP.TOTL,Lithuania,LTU,2877325
"Population, total",SP.POP.TOTL,Luxembourg,LUX,582014
"Population, total",SP.POP.TOTL,"Macao SAR, China",MAC,652500
"Population, total",SP.POP.TOTL,North Macedonia,MKD,1906313
"Population, total",SP.POP.TOTL,Madagascar,MDG,26099952
"Population, total",SP.POP.TOTL,Malawi,MWI,17557739
"Population, total",SP.POP.TOTL,Malaysia,MYS,31789685
"Population, total",SP.POP.TOTL,Maldives,MDV,443308
"Population, total",SP.POP.TOTL,Mali,MLI,19191289
"Population, total",SP.POP.TOTL,Malta,MLT,454505
"Population, total",SP.POP.TOTL,Marshall Islands,MHL,47709
"Population, total",SP.POP.TOTL,Mauritania,MRT,4086657
"Population, total",SP.POP.TOTL,Mauritius,MUS,1263747
"Population, total",SP.POP.TOTL,Mexico,MEX,122251351
"Population, total",SP.POP.TOTL,"Micronesia, Fed. Sts.",FSM,109075
"Population, total",SP.POP.TOTL,Moldova,MDA,2803186
"Population, total",SP.POP.TOTL,Monaco,MCO,37276
"Population, total",SP.POP.TOTL,Mongolia,MNG,3088856
"Population, total",SP.POP.TOTL,Montenegro,MNE,625353
"Population, total",SP.POP.TOTL,Morocco,MAR,35023457
"Population, total",SP.POP.TOTL,Mozambique,MOZ,27337105
"Population, total",SP.POP.TOTL,Myanmar,MMR,51495696
"Population, total",SP.POP.TOTL,Namibia,NAM,2439213
"Population, total",SP.POP.TOTL,Nauru,NRU,11150
"Population, total",SP.POP.TOTL,Nepal,NPL,27955462
"Population, total",SP.POP.TOTL,Netherlands,NLD,17030314
"Population, total",SP.POP.TOTL,New Caledonia,NCL,283423
"Population, total",SP.POP.TOTL,New Zealand,NZL,4714100
"Population, total",SP.POP.TOTL,Nicaragua,NIC,6232666
"Population, total",SP.POP.TOTL,Niger,NER,20685753
"Population, total",SP.POP.TOTL,Nigeria,NGA,195443700
"Population, total",SP.POP.TOTL,Northern Mariana Islands,MNP,50773
"Population, total",SP.POP.TOTL,Norway,NOR,5234519
"Population, total",SP.POP.TOTL,Oman,OMN,4390877
"Population, total",SP.POP.TOTL,Pakistan,PAK,220138869
"Population, total",SP.POP.TOTL,Palau,PLW,17797
"Population, total",SP.POP.TOTL,Panama,PAN,4029086
"Population, total",SP.POP.TOTL,Papua New Guinea,PNG,8961718
"Population, total",SP.POP.TOTL,Paraguay,PRY,6249126
"Population, total",SP.POP.TOTL,Peru,PER,30866494
"Population, total",SP.POP.TOTL,Philippines,PHL,106735719
"Population, total",SP.POP.TOTL,Poland,POL,37970087
"Population, total",SP.POP.TOTL,Portugal,PRT,10325452
"Population, total",SP.POP.TOTL,Puerto Rico (US),PRI,3480432
"Population, total",SP.POP.TOTL,Qatar,QAT,2477113
"Population, total",SP.POP.TOTL,Romania,ROU,19702267
"Population, total",SP.POP.TOTL,Russian Federation,RUS,145015460
"Population, total",SP.POP.TOTL,Rwanda,RWA,11919183
"Population, total",SP.POP.TOTL,Samoa,WSM,203499
"Population, total",SP.POP.TOTL,San Marino,SMR,33101
"Population, total",SP.POP.TOTL,Sao Tome and Principe,STP,203689
"Population, total",SP.POP.TOTL,Saudi Arabia,SAU,30954198
"Population, total",SP.POP.TOTL,Senegal,SEN,15034521
"Population, total",SP.POP.TOTL,Serbia,SRB,7058322
"Population, total",SP.POP.TOTL,Seychelles,SYC,94677
"Population, total",SP.POP.TOTL,Sierra Leone,SLE,7205328
"Population, total",SP.POP.TOTL,Singapore,SGP,5607283
"Population, total",SP.POP.TOTL,Sint Maarten (Dutch part),SXM,38249
"Population, total",SP.POP.TOTL,Slovak Republic,SVK,5430798
"Population, total",SP.POP.TOTL,Slovenia,SVN,2065042
"Population, total",SP.POP.TOTL,Solomon Islands,SLB,662379
"Population, total",SP.POP.TOTL,"Somalia, Fed. Rep.",SOM,14348740
"Population, total",SP.POP.TOTL,South Africa,ZAF,57259551
"Population, total",SP.POP.TOTL,South Sudan,SSD,10830102
"Population, total",SP.POP.TOTL,Spain,ESP,46458139
"Population, total",SP.POP.TOTL,Sri Lanka,LKA,21209000
"Population, total",SP.POP.TOTL,St. Kitts and Nevis,KNA,47075
"Population, total",SP.POP.TOTL,St. Lucia,LCA,175646
"Population, total",SP.POP.TOTL,St. Martin (French part),MAF,37175
"Population, total",SP.POP.TOTL,St. Vincent and the Grenadines,VCT,106349
"Population, total",SP.POP.TOTL,Sudan,SDN,41259892
"Population, total",SP.POP.TOTL,Suriname,SUR,587757
"Population, total",SP.POP.TOTL,Eswatini,SWZ,1149507
"Population, total",SP.POP.TOTL,Sweden,SWE,9923085
"Population, total",SP.POP.TOTL,Switzerland,CHE,8373338
"Population, total",SP.POP.TOTL,Syrian Arab Republic,SYR,19193834
"Population, total",SP.POP.TOTL,Tajikistan,TJK,8865631
"Population, total",SP.POP.TOTL,Tanzania,TZA,53824013
"Population, total",SP.POP.TOTL,Thailand,THA,70859841
"Population, total",SP.POP.TOTL,Timor-Leste,TLS,1228312
"Population, total",SP.POP.TOTL,Togo,TGO,7858289
"Population, total",SP.POP.TOTL,Tonga,TON,105524
"Population, total",SP.POP.TOTL,Trinidad and Tobago,TTO,1353895
"Population, total",SP.POP.TOTL,Tunisia,TUN,11528674
"Population, total",SP.POP.TOTL,Turkiye,TUR,79277962
"Population, total",SP.POP.TOTL,Turkmenistan,TKM,6360041
"Population, total",SP.POP.TOTL,Turks and Caicos Islands,TCA,38315
"Population, total",SP.POP.TOTL,Tuvalu,TUV,10930
"Population, total",SP.POP.TOTL,Uganda,UGA,38799152
"Population, total",SP.POP.TOTL,Ukraine,UKR,45616832
"Population, total",SP.POP.TOTL,United Arab Emirates,ARE,8935095
"Population, total",SP.POP.TOTL,United Kingdom,GBR,65607000
"Population, total",SP.POP.TOTL,United States,USA,324353340
"Population, total",SP.POP.TOTL,Uruguay,URY,3379283
"Population, total",SP.POP.TOTL,Uzbekistan,UZB,31284568
"Population, total",SP.POP.TOTL,Vanuatu,VUT,272087
"Population, total",SP.POP.TOTL,"Venezuela, RB",VEN,30765720
"Population, total",SP.POP.TOTL,Viet Nam,VNM,94000117
"Population, total",SP.POP.TOTL,Virgin Islands (U.S.),VIR,107516
"Population, total",SP.POP.TOTL,West Bank and Gaza,PSE,4367088
"Population, total",SP.POP.TOTL,"Yemen, Rep.",YEM,32109010
"Population, total",SP.POP.TOTL,Zambia,ZMB,16914423
"Population, total",SP.POP.TOTL,Zimbabwe,ZWE,14600294
Population growth (annual %),SP.POP.GROW,Afghanistan,AFG,2.53571991833963
Population growth (annual %),SP.POP.GROW,Albania,ALB,-1.54313470861992
Population growth (annual %),SP.POP.GROW,Algeria,DZA,2.05569111181654
Population growth (annual %),SP.POP.GROW,American Samoa,ASM,-1.20431808595042
Population growth (annual %),SP.POP.GROW,Andorra,AND,0.00969831319383994
Population growth (annual %),SP.POP.GROW,Angola,AGO,3.57644143982026
Population growth (annual %),SP.POP.GROW,Antigua and Barbuda,ATG,0.624381829779871
Population growth (annual %),SP.POP.GROW,Argentina,ARG,0.968911125580978
Population growth (annual %),SP.POP.GROW,Armenia,ARM,-0.410212518071397
Population growth (annual %),SP.POP.GROW,Aruba,ABW,0.75796755862231
Population growth (annual %),SP.POP.GROW,Australia,AUS,1.56194049810399
Population growth (annual %),SP.POP.GROW,Austria,AUT,1.08139629872802
Population growth (annual %),SP.POP.GROW,Azerbaijan,AZE,1.11785721013911
Population growth (annual %),SP.POP.GROW,"Bahamas, The",BHS,0.700545015838571
Population growth (annual %),SP.POP.GROW,Bahrain,BHR,3.82316300255316
Population growth (annual %),SP.POP.GROW,Bangladesh,BGD,0.892432416039535
Population growth (annual %),SP.POP.GROW,Barbados,BRB,0.217691837314076
Population growth (annual %),SP.POP.GROW,Belarus,BLR,0.0877210878706449
Population growth (annual %),SP.POP.GROW,Belgium,BEL,0.506300002451376
Population growth (annual %),SP.POP.GROW,Belize,BLZ,2.32231207163985
Population growth (annual %),SP.POP.GROW,Benin,BEN,2.92460216679542
Population growth (annual %),SP.POP.GROW,Bermuda,BMU,-0.0236382404794606
Population growth (annual %),SP.POP.GROW,Bhutan,BTN,0.973884473914115
Population growth (annual %),SP.POP.GROW,Bolivia,BOL,1.48970583998181
Population growth (annual %),SP.POP.GROW,Bosnia and Herzegovina,BIH,-1.30267774814121
Population growth (annual %),SP.POP.GROW,Botswana,BWA,1.41970172619868
Population growth (annual %),SP.POP.GROW,Brazil,BRA,0.761972670496742
Population growth (annual %),SP.POP.GROW,British Virgin Islands,VGB,-1.8135515178247
Population growth (annual %),SP.POP.GROW,Brunei Darussalam,BRN,1.25964272152269
Population growth (annual %),SP.POP.GROW,Bulgaria,BGR,-1.29824041616821
Population growth (annual %),SP.POP.GROW,Burkina Faso,BFA,2.92508251378454
Population growth (annual %),SP.POP.GROW,Burundi,BDI,1.72186004024144
Population growth (annual %),SP.POP.GROW,Cabo Verde,CPV,0.0312210963482392
Population growth (annual %),SP.POP.GROW,Cambodia,KHM,1.45860767566845
Population growth (annual %),SP.POP.GROW,Cameroon,CMR,2.98933225067819
Population growth (annual %),SP.POP.GROW,Canada,CAN,1.13153974027004
Population growth (annual %),SP.POP.GROW,Cayman Islands,CYM,2.33773131582921
Population growth (annual %),SP.POP.GROW,Central African Republic,CAF,1.80553237158984
Population growth (annual %),SP.POP.GROW,Chad,TCD,3.13868697646131
Population growth (annual %),SP.POP.GROW,Channel Islands,CHI,0.262115340226344
Population growth (annual %),SP.POP.GROW,Chile,CHL,1.2094154366484
Population growth (annual %),SP.POP.GROW,China,CHN,0.573050906069647
Population growth (annual %),SP.POP.GROW,Colombia,COL,0.990548549326914
Population growth (annual %),SP.POP.GROW,Comoros,COM,2.05111578193354
Population growth (annual %),SP.POP.GROW,"Congo, Dem. Rep.",COD,3.54100823238224
Population growth (annual %),SP.POP.GROW,"Congo, Rep.",COG,2.42169941927317
Population growth (annual %),SP.POP.GROW,Costa Rica,CRI,1.01105286688192
Population growth (annual %),SP.POP.GROW,Cote d'Ivoire,CIV,2.90076810314127
Population growth (annual %),SP.POP.GROW,Croatia,HRV,-1.08634598144505
Population growth (annual %),SP.POP.GROW,Cuba,CUB,-0.0838750367097098
Population growth (annual %),SP.POP.GROW,Curacao,CUW,1.06031644056836
Population growth (annual %),SP.POP.GROW,Cyprus,CYP,1.43370522557944
Population growth (annual %),SP.POP.GROW,Czechia,CZE,0.192048415842684
Population growth (annual %),SP.POP.GROW,Denmark,DNK,0.780392644135167
Population growth (annual %),SP.POP.GROW,Djibouti,DJI,1.68519891610854
Population growth (annual %),SP.POP.GROW,Dominica,DMA,-1.14845280097172
Population growth (annual %),SP.POP.GROW,Dominican Republic,DOM,1.11122425240832
Population growth (annual %),SP.POP.GROW,Ecuador,ECU,1.45809147770557
Population growth (annual %),SP.POP.GROW,"Egypt, Arab Rep.",EGY,2.03468294927084
Population growth (annual %),SP.POP.GROW,El Salvador,SLV,0.276539934558171
Population growth (annual %),SP.POP.GROW,Equatorial Guinea,GNQ,3.66421838047825
Population growth (annual %),SP.POP.GROW,Eritrea,ERI,0.614809318134095
Population growth (annual %),SP.POP.GROW,Estonia,EST,0.0291122255540077
Population growth (annual %),SP.POP.GROW,Ethiopia,ETH,2.70788250761242
Population growth (annual %),SP.POP.GROW,Faroe Islands,FRO,1.14881858822938
Population growth (annual %),SP.POP.GROW,Fiji,FJI,0.0639915048086223
Population growth (annual %),SP.POP.GROW,Finland,FIN,0.287421401687637
Population growth (annual %),SP.POP.GROW,France,FRA,0.263868788565368
Population growth (annual %),SP.POP.GROW,French Polynesia,PYF,0.471058812613167
Population growth (annual %),SP.POP.GROW,Gabon,GAB,2.86485541015556
Population growth (annual %),SP.POP.GROW,"Gambia, The",GMB,2.62819405087404
Population growth (annual %),SP.POP.GROW,Georgia,GEO,0.0598165991047394
Population growth (annual %),SP.POP.GROW,Germany,DEU,0.807218538573871
Population growth (annual %),SP.POP.GROW,Ghana,GHA,2.27621203911157
Population growth (annual %),SP.POP.GROW,Gibraltar,GIB,1.39117589725216
Population growth (annual %),SP.POP.GROW,Greece,GRC,-0.415913028277122
Population growth (annual %),SP.POP.GROW,Greenland,GRL,0.128227978389047
Population growth (annual %),SP.POP.GROW,Grenada,GRD,0.39511639438688
Population growth (annual %),SP.POP.GROW,Guam,GUM,-0.408339926567039
Population growth (annual %),SP.POP.GROW,Guatemala,GTM,1.84256060230578
Population growth (annual %),SP.POP.GROW,Guinea,GIN,2.56690869267138
Population growth (annual %),SP.POP.GROW,Guinea-Bissau,GNB,2.51155296505032
Population growth (annual %),SP.POP.GROW,Guyana,GUY,0.626279284065059
Population growth (annual %),SP.POP.GROW,Haiti,HTI,1.39862723308259
Population growth (annual %),SP.POP.GROW,Honduras,HND,1.87756675968273
Population growth (annual %),SP.POP.GROW,"Hong Kong SAR, China",HKG,0.619366345332479
Population growth (annual %),SP.POP.GROW,Hungary,HUN,-0.388598014975531
Population growth (annual %),SP.POP.GROW,Iceland,ISL,1.38808149583838
Population growth (annual %),SP.POP.GROW,India,IND,1.19162966402099
Population growth (annual %),SP.POP.GROW,Indonesia,IDN,1.0744882002252
Population growth (annual %),SP.POP.GROW,"Iran, Islamic Rep.",IRN,1.43348558597155
Population growth (annual %),SP.POP.GROW,Iraq,IRQ,2.39151227352058
Population growth (annual %),SP.POP.GROW,Ireland,IRL,1.28405485082411
Population growth (annual %),SP.POP.GROW,Isle of Man,IMN,-0.152042122202678
Population growth (annual %),SP.POP.GROW,Israel,ISR,1.9603489624817
Population growth (annual %),SP.POP.GROW,Italy,ITA,-0.190090486385849
Population growth (annual %),SP.POP.GROW,Jamaica,JAM,0.263022586225724
Population growth (annual %),SP.POP.GROW,Japan,JPN,-0.0511374152133631
Population growth (annual %),SP.POP.GROW,Jordan,JOR,4.72325254401232
Population growth (annual %),SP.POP.GROW,Kazakhstan,KAZ,1.53335297365685
Population growth (annual %),SP.POP.GROW,Kenya,KEN,2.20775684612709
Population growth (annual %),SP.POP.GROW,Kiribati,KIR,1.41358025249878
Population growth (annual %),SP.POP.GROW,"Korea, Dem. People's Rep.",PRK,0.479685660941037
Population growth (annual %),SP.POP.GROW,"Korea, Rep.",KOR,0.396851823381145
Population growth (annual %),SP.POP.GROW,Kosovo,XKX,-0.600477091754396
Population growth (annual %),SP.POP.GROW,Kuwait,KWT,4.32594906785888
Population growth (annual %),SP.POP.GROW,Kyrgyz Republic,KGZ,2.21536456642779
Population growth (annual %),SP.POP.GROW,Lao PDR,LAO,1.56317561333482
Population growth (annual %),SP.POP.GROW,Latvia,LVA,-0.913885332226604
Population growth (annual %),SP.POP.GROW,Lebanon,LBN,-2.33543749400836
Population growth (annual %),SP.POP.GROW,Lesotho,LSO,1.21894302061673
Population growth (annual %),SP.POP.GROW,Liberia,LBR,2.04312155500225
Population growth (annual %),SP.POP.GROW,Libya,LBY,1.52399514586306
Population growth (annual %),SP.POP.GROW,Liechtenstein,LIE,0.590348742843119
Population growth (annual %),SP.POP.GROW,Lithuania,LTU,-1.16730651563847
Population growth (annual %),SP.POP.GROW,Luxembourg,LUX,2.15531198799205
Population growth (annual %),SP.POP.GROW,"Macao SAR, China",MAC,1.48219480492074
Population growth (annual %),SP.POP.GROW,North Macedonia,MKD,-0.320367473371963
Population growth (annual %),SP.POP.GROW,Madagascar,MDG,2.61335935661539
Population growth (annual %),SP.POP.GROW,Malawi,MWI,2.72595787740448
Population growth (annual %),SP.POP.GROW,Malaysia,MYS,1.76731054757933
Population growth (annual %),SP.POP.GROW,Maldives,MDV,3.47818441091268
Population growth (annual %),SP.POP.GROW,Mali,MLI,3.16701291267986
Population growth (annual %),SP.POP.GROW,Malta,MLT,2.28889794467689
Population growth (annual %),SP.POP.GROW,Marshall Islands,MHL,-2.26102535172131
Population growth (annual %),SP.POP.GROW,Mauritania,MRT,2.99795842489143
Population growth (annual %),SP.POP.GROW,Mauritius,MUS,0.0687082325715694
Population growth (annual %),SP.POP.GROW,Mexico,MEX,0.969124204799117
Population growth (annual %),SP.POP.GROW,"Micronesia, Fed. Sts.",FSM,0.329674160226437
Population growth (annual %),SP.POP.GROW,Moldova,MDA,-1.16302237797705
Population growth (annual %),SP.POP.GROW,Monaco,MCO,1.40210042123736
Population growth (annual %),SP.POP.GROW,Mongolia,MNG,2.02736957640078
Population growth (annual %),SP.POP.GROW,Montenegro,MNE,0.11231965238542
Population growth (annual %),SP.POP.GROW,Morocco,MAR,1.19450726277516
Population growth (annual %),SP.POP.GROW,Mozambique,MOZ,2.93066434696089
Population growth (annual %),SP.POP.GROW,Myanmar,MMR,0.792792538685626
Population growth (annual %),SP.POP.GROW,Namibia,NAM,2.69727890929136
Population growth (annual %),SP.POP.GROW,Nauru,NRU,1.77348115445981
Population growth (annual %),SP.POP.GROW,Nepal,NPL,0.472697719209503
Population growth (annual %),SP.POP.GROW,Netherlands,NLD,0.532178879608489
Population growth (annual %),SP.POP.GROW,New Caledonia,NCL,0.0900120253294113
Population growth (annual %),SP.POP.GROW,New Zealand,NZL,2.24603210015584
Population growth (annual %),SP.POP.GROW,Nicaragua,NIC,1.34468900607336
Population growth (annual %),SP.POP.GROW,Niger,NER,3.67426137513091
Population growth (annual %),SP.POP.GROW,Nigeria,NGA,2.47183239057048
Population growth (annual %),SP.POP.GROW,Northern Mariana Islands,MNP,-1.44888981594755
Population growth (annual %),SP.POP.GROW,Norway,NOR,0.880969815359919
Population growth (annual %),SP.POP.GROW,Oman,OMN,4.80473653238819
Population growth (annual %),SP.POP.GROW,Pakistan,PAK,1.30216393815952
Population growth (annual %),SP.POP.GROW,Palau,PLW,0.151826160128869
Population growth (annual %),SP.POP.GROW,Panama,PAN,1.72866876171939
Population growth (annual %),SP.POP.GROW,Papua New Guinea,PNG,2.46804330802257
Population growth (annual %),SP.POP.GROW,Paraguay,PRY,1.45104639106418
Population growth (annual %),SP.POP.GROW,Peru,PER,1.33357065112944
Population growth (annual %),SP.POP.GROW,Philippines,PHL,1.34190709540685
Population growth (annual %),SP.POP.GROW,Poland,POL,-0.04298513087435
Population growth (annual %),SP.POP.GROW,Portugal,PRT,-0.315459016997883
Population growth (annual %),SP.POP.GROW,Puerto Rico (US),PRI,-1.5604116086776
Population growth (annual %),SP.POP.GROW,Qatar,QAT,5.49972976958708
Population growth (annual %),SP.POP.GROW,Romania,ROU,-0.573660845379617
Population growth (annual %),SP.POP.GROW,Russian Federation,RUS,0.258751057379474
Population growth (annual %),SP.POP.GROW,Rwanda,RWA,2.36997866838859
Population growth (annual %),SP.POP.GROW,Samoa,WSM,0.847318414943751
Population growth (annual %),SP.POP.GROW,San Marino,SMR,0.618202520367254
Population growth (annual %),SP.POP.GROW,Sao Tome and Principe,STP,1.6823011731644
Population growth (annual %),SP.POP.GROW,Saudi Arabia,SAU,3.74506540506437
Population growth (annual %),SP.POP.GROW,Senegal,SEN,2.97843134010735
Population growth (annual %),SP.POP.GROW,Serbia,SRB,-0.523694463062603
Population growth (annual %),SP.POP.GROW,Seychelles,SYC,1.33763477950025
Population growth (annual %),SP.POP.GROW,Sierra Leone,SLE,2.35457342669593
Population growth (annual %),SP.POP.GROW,Singapore,SGP,1.29743609938602
Population growth (annual %),SP.POP.GROW,Sint Maarten (Dutch part),SXM,2.05501156733828
Population growth (annual %),SP.POP.GROW,Slovak Republic,SVK,0.128922329956911
Population growth (annual %),SP.POP.GROW,Slovenia,SVN,0.0731972072415279
Population growth (annual %),SP.POP.GROW,Solomon Islands,SLB,3.52842038261052
Population growth (annual %),SP.POP.GROW,"Somalia, Fed. Rep.",SOM,3.8489103342184
Population growth (annual %),SP.POP.GROW,South Africa,ZAF,0.940521897823675
Population growth (annual %),SP.POP.GROW,South Sudan,SSD,-2.52965683465808
Population growth (annual %),SP.POP.GROW,Spain,ESP,0.0771658726133905
Population growth (annual %),SP.POP.GROW,Sri Lanka,LKA,1.13327749793807
Population growth (annual %),SP.POP.GROW,St. Kitts and Nevis,KNA,-0.0254879889232652
Population growth (annual %),SP.POP.GROW,St. Lucia,LCA,0.422763651310013
Population growth (annual %),SP.POP.GROW,St. Martin (French part),MAF,-0.520499136043373
Population growth (annual %),SP.POP.GROW,St. Vincent and the Grenadines,VCT,-0.572879410655285
Population growth (annual %),SP.POP.GROW,Sudan,SDN,3.04008474256183
Population growth (annual %),SP.POP.GROW,Suriname,SUR,1.04842483742266
Population growth (annual %),SP.POP.GROW,Eswatini,SWZ,0.584038792817515
Population growth (annual %),SP.POP.GROW,Sweden,SWE,1.25645398510305
Population growth (annual %),SP.POP.GROW,Switzerland,CHE,1.09203117387253
Population growth (annual %),SP.POP.GROW,Syrian Arab Republic,SYR,-1.19521490586433
Population growth (annual %),SP.POP.GROW,Tajikistan,TJK,2.53351872618566
Population growth (annual %),SP.POP.GROW,Tanzania,TZA,3.40729531415315
Population growth (annual %),SP.POP.GROW,Thailand,THA,0.451266062797186
Population growth (annual %),SP.POP.GROW,Timor-Leste,TLS,1.90525943887907
Population growth (annual %),SP.POP.GROW,Togo,TGO,2.51398996486491
Population growth (annual %),SP.POP.GROW,Tonga,TON,-0.539650395978897
Population growth (annual %),SP.POP.GROW,Trinidad and Tobago,TTO,0.312772812072739
Population growth (annual %),SP.POP.GROW,Tunisia,TUN,1.10253911569433
Population growth (annual %),SP.POP.GROW,Turkiye,TUR,1.34542593504869
Population growth (annual %),SP.POP.GROW,Turkmenistan,TKM,2.2945212778352
Population growth (annual %),SP.POP.GROW,Turks and Caicos Islands,TCA,4.56566213237616
Population growth (annual %),SP.POP.GROW,Tuvalu,TUV,-0.301466450395575
Population growth (annual %),SP.POP.GROW,Uganda,UGA,3.32192491389275
Population growth (annual %),SP.POP.GROW,Ukraine,UKR,-0.36774838525265
Population growth (annual %),SP.POP.GROW,United Arab Emirates,ARE,4.93046894788046
Population growth (annual %),SP.POP.GROW,United Kingdom,GBR,0.79421971482011
Population growth (annual %),SP.POP.GROW,United States,USA,0.785625485688815
Population growth (annual %),SP.POP.GROW,Uruguay,URY,0.333941294134426
Population growth (annual %),SP.POP.GROW,Uzbekistan,UZB,1.7256215086876
Population growth (annual %),SP.POP.GROW,Vanuatu,VUT,2.22459321328248
Population growth (annual %),SP.POP.GROW,"Venezuela, RB",VEN,0.62520243689416
Population growth (annual %),SP.POP.GROW,Viet Nam,VNM,1.25988366517733
Population growth (annual %),SP.POP.GROW,Virgin Islands (U.S.),VIR,-0.182132486647949
Population growth (annual %),SP.POP.GROW,West Bank and Gaza,PSE,2.24610527580178
Population growth (annual %),SP.POP.GROW,"Yemen, Rep.",YEM,3.00213847021681
Population growth (annual %),SP.POP.GROW,Zambia,ZMB,3.09409054089327
Population growth (annual %),SP.POP.GROW,Zimbabwe,ZWE,1.38820029316449
Surface area (sq. km),AG.SRF.TOTL.K2,Afghanistan,AFG,652860
Surface area (sq. km),AG.SRF.TOTL.K2,Albania,ALB,28750
Surface area (sq. km),AG.SRF.TOTL.K2,Algeria,DZA,2381741
Surface area (sq. km),AG.SRF.TOTL.K2,American Samoa,ASM,200
Surface area (sq. km),AG.SRF.TOTL.K2,Andorra,AND,470
Surface area (sq. km),AG.SRF.TOTL.K2,Angola,AGO,1246700
Surface area (sq. km),AG.SRF.TOTL.K2,Antigua and Barbuda,ATG,440
Surface area (sq. km),AG.SRF.TOTL.K2,Argentina,ARG,2780400
Surface area (sq. km),AG.SRF.TOTL.K2,Armenia,ARM,29740
Surface area (sq. km),AG.SRF.TOTL.K2,Aruba,ABW,180
Surface area (sq. km),AG.SRF.TOTL.K2,Australia,AUS,7741220
Surface area (sq. km),AG.SRF.TOTL.K2,Austria,AUT,83879
Surface area (sq. km),AG.SRF.TOTL.K2,Azerbaijan,AZE,86600
Surface area (sq. km),AG.SRF.TOTL.K2,"Bahamas, The",BHS,13880
Surface area (sq. km),AG.SRF.TOTL.K2,Bahrain,BHR,779
Surface area (sq. km),AG.SRF.TOTL.K2,Bangladesh,BGD,147630
Surface area (sq. km),AG.SRF.TOTL.K2,Barbados,BRB,430
Surface area (sq. km),AG.SRF.TOTL.K2,Belarus,BLR,207600
Surface area (sq. km),AG.SRF.TOTL.K2,Belgium,BEL,30528
Surface area (sq. km),AG.SRF.TOTL.K2,Belize,BLZ,22970
Surface area (sq. km),AG.SRF.TOTL.K2,Benin,BEN,114760
Surface area (sq. km),AG.SRF.TOTL.K2,Bermuda,BMU,4290
Surface area (sq. km),AG.SRF.TOTL.K2,Bhutan,BTN,38394
Surface area (sq. km),AG.SRF.TOTL.K2,Bolivia,BOL,1098580
Surface area (sq. km),AG.SRF.TOTL.K2,Bosnia and Herzegovina,BIH,51210
Surface area (sq. km),AG.SRF.TOTL.K2,Botswana,BWA,581730
Surface area (sq. km),AG.SRF.TOTL.K2,Brazil,BRA,8515770
Surface area (sq. km),AG.SRF.TOTL.K2,British Virgin Islands,VGB,150
Surface area (sq. km),AG.SRF.TOTL.K2,Brunei Darussalam,BRN,5770
Surface area (sq. km),AG.SRF.TOTL.K2,Bulgaria,BGR,111000
Surface area (sq. km),AG.SRF.TOTL.K2,Burkina Faso,BFA,274220
Surface area (sq. km),AG.SRF.TOTL.K2,Burundi,BDI,27830
Surface area (sq. km),AG.SRF.TOTL.K2,Cabo Verde,CPV,4030
Surface area (sq. km),AG.SRF.TOTL.K2,Cambodia,KHM,181040
Surface area (sq. km),AG.SRF.TOTL.K2,Cameroon,CMR,475440
Surface area (sq. km),AG.SRF.TOTL.K2,Canada,CAN,15640500
Surface area (sq. km),AG.SRF.TOTL.K2,Cayman Islands,CYM,264
Surface area (sq. km),AG.SRF.TOTL.K2,Central African Republic,CAF,622980
Surface area (sq. km),AG.SRF.TOTL.K2,Chad,TCD,1284000
Surface area (sq. km),AG.SRF.TOTL.K2,Channel Islands,CHI,198
Surface area (sq. km),AG.SRF.TOTL.K2,Chile,CHL,756700
Surface area (sq. km),AG.SRF.TOTL.K2,China,CHN,9562910
Surface area (sq. km),AG.SRF.TOTL.K2,Colombia,COL,1141749
Surface area (sq. km),AG.SRF.TOTL.K2,Comoros,COM,1861
Surface area (sq. km),AG.SRF.TOTL.K2,"Congo, Dem. Rep.",COD,2344860
Surface area (sq. km),AG.SRF.TOTL.K2,"Congo, Rep.",COG,342000
Surface area (sq. km),AG.SRF.TOTL.K2,Costa Rica,CRI,51100
Surface area (sq. km),AG.SRF.TOTL.K2,Cote d'Ivoire,CIV,322460
Surface area (sq. km),AG.SRF.TOTL.K2,Croatia,HRV,88073
Surface area (sq. km),AG.SRF.TOTL.K2,Cuba,CUB,109880
Surface area (sq. km),AG.SRF.TOTL.K2,Curacao,CUW,444
Surface area (sq. km),AG.SRF.TOTL.K2,Cyprus,CYP,9251
Surface area (sq. km),AG.SRF.TOTL.K2,Czechia,CZE,78870
Surface area (sq. km),AG.SRF.TOTL.K2,Denmark,DNK,42920
Surface area (sq. km),AG.SRF.TOTL.K2,Djibouti,DJI,23200
Surface area (sq. km),AG.SRF.TOTL.K2,Dominica,DMA,750
Surface area (sq. km),AG.SRF.TOTL.K2,Dominican Republic,DOM,48670
Surface area (sq. km),AG.SRF.TOTL.K2,Ecuador,ECU,256370
Surface area (sq. km),AG.SRF.TOTL.K2,"Egypt, Arab Rep.",EGY,1001450
Surface area (sq. km),AG.SRF.TOTL.K2,El Salvador,SLV,21040
Surface area (sq. km),AG.SRF.TOTL.K2,Equatorial Guinea,GNQ,28050
Surface area (sq. km),AG.SRF.TOTL.K2,Eritrea,ERI,121664.244
Surface area (sq. km),AG.SRF.TOTL.K2,Estonia,EST,45340
Surface area (sq. km),AG.SRF.TOTL.K2,Ethiopia,ETH,1136242.7
Surface area (sq. km),AG.SRF.TOTL.K2,Faroe Islands,FRO,1396
Surface area (sq. km),AG.SRF.TOTL.K2,Fiji,FJI,18270
Surface area (sq. km),AG.SRF.TOTL.K2,Finland,FIN,338450
Surface area (sq. km),AG.SRF.TOTL.K2,France,FRA,549087
Surface area (sq. km),AG.SRF.TOTL.K2,French Polynesia,PYF,3471
Surface area (sq. km),AG.SRF.TOTL.K2,Gabon,GAB,267670
Surface area (sq. km),AG.SRF.TOTL.K2,"Gambia, The",GMB,11300
Surface area (sq. km),AG.SRF.TOTL.K2,Georgia,GEO,69700
Surface area (sq. km),AG.SRF.TOTL.K2,Germany,DEU,357580
Surface area (sq. km),AG.SRF.TOTL.K2,Ghana,GHA,238540
Surface area (sq. km),AG.SRF.TOTL.K2,Gibraltar,GIB,10
Surface area (sq. km),AG.SRF.TOTL.K2,Greece,GRC,131960
Surface area (sq. km),AG.SRF.TOTL.K2,Greenland,GRL,410450
Surface area (sq. km),AG.SRF.TOTL.K2,Grenada,GRD,340
Surface area (sq. km),AG.SRF.TOTL.K2,Guam,GUM,540
Surface area (sq. km),AG.SRF.TOTL.K2,Guatemala,GTM,108890
Surface area (sq. km),AG.SRF.TOTL.K2,Guinea,GIN,245860
Surface area (sq. km),AG.SRF.TOTL.K2,Guinea-Bissau,GNB,36130
Surface area (sq. km),AG.SRF.TOTL.K2,Guyana,GUY,214970
Surface area (sq. km),AG.SRF.TOTL.K2,Haiti,HTI,27750
Surface area (sq. km),AG.SRF.TOTL.K2,Honduras,HND,112490
Surface area (sq. km),AG.SRF.TOTL.K2,"Hong Kong SAR, China",HKG,1110
Surface area (sq. km),AG.SRF.TOTL.K2,Hungary,HUN,93030
Surface area (sq. km),AG.SRF.TOTL.K2,Iceland,ISL,103000
Surface area (sq. km),AG.SRF.TOTL.K2,India,IND,3287260
Surface area (sq. km),AG.SRF.TOTL.K2,Indonesia,IDN,1913580
Surface area (sq. km),AG.SRF.TOTL.K2,"Iran, Islamic Rep.",IRN,1745150
Surface area (sq. km),AG.SRF.TOTL.K2,Iraq,IRQ,435052
Surface area (sq. km),AG.SRF.TOTL.K2,Ireland,IRL,70280
Surface area (sq. km),AG.SRF.TOTL.K2,Isle of Man,IMN,570
Surface area (sq. km),AG.SRF.TOTL.K2,Israel,ISR,22070
Surface area (sq. km),AG.SRF.TOTL.K2,Italy,ITA,302069
Surface area (sq. km),AG.SRF.TOTL.K2,Jamaica,JAM,10990
Surface area (sq. km),AG.SRF.TOTL.K2,Japan,JPN,377970
Surface area (sq. km),AG.SRF.TOTL.K2,Jordan,JOR,89320
Surface area (sq. km),AG.SRF.TOTL.K2,Kazakhstan,KAZ,2724902
Surface area (sq. km),AG.SRF.TOTL.K2,Kenya,KEN,580370
Surface area (sq. km),AG.SRF.TOTL.K2,Kiribati,KIR,810
Surface area (sq. km),AG.SRF.TOTL.K2,"Korea, Dem. People's Rep.",PRK,120540
Surface area (sq. km),AG.SRF.TOTL.K2,"Korea, Rep.",KOR,100339
Surface area (sq. km),AG.SRF.TOTL.K2,Kosovo,XKX,..
Surface area (sq. km),AG.SRF.TOTL.K2,Kuwait,KWT,17820
Surface area (sq. km),AG.SRF.TOTL.K2,Kyrgyz Republic,KGZ,199950
Surface area (sq. km),AG.SRF.TOTL.K2,Lao PDR,LAO,236800
Surface area (sq. km),AG.SRF.TOTL.K2,Latvia,LVA,64594
Surface area (sq. km),AG.SRF.TOTL.K2,Lebanon,LBN,10450
Surface area (sq. km),AG.SRF.TOTL.K2,Lesotho,LSO,30360
Surface area (sq. km),AG.SRF.TOTL.K2,Liberia,LBR,111370
Surface area (sq. km),AG.SRF.TOTL.K2,Libya,LBY,1759540
Surface area (sq. km),AG.SRF.TOTL.K2,Liechtenstein,LIE,160
Surface area (sq. km),AG.SRF.TOTL.K2,Lithuania,LTU,65286
Surface area (sq. km),AG.SRF.TOTL.K2,Luxembourg,LUX,2590
Surface area (sq. km),AG.SRF.TOTL.K2,"Macao SAR, China",MAC,30.5
Surface area (sq. km),AG.SRF.TOTL.K2,North Macedonia,MKD,25710
Surface area (sq. km),AG.SRF.TOTL.K2,Madagascar,MDG,587295
Surface area (sq. km),AG.SRF.TOTL.K2,Malawi,MWI,118480
Surface area (sq. km),AG.SRF.TOTL.K2,Malaysia,MYS,330713
Surface area (sq. km),AG.SRF.TOTL.K2,Maldives,MDV,300
Surface area (sq. km),AG.SRF.TOTL.K2,Mali,MLI,1240190
Surface area (sq. km),AG.SRF.TOTL.K2,Malta,MLT,320
Surface area (sq. km),AG.SRF.TOTL.K2,Marshall Islands,MHL,180
Surface area (sq. km),AG.SRF.TOTL.K2,Mauritania,MRT,1030700
Surface area (sq. km),AG.SRF.TOTL.K2,Mauritius,MUS,2007
Surface area (sq. km),AG.SRF.TOTL.K2,Mexico,MEX,1964375
Surface area (sq. km),AG.SRF.TOTL.K2,"Micronesia, Fed. Sts.",FSM,700
Surface area (sq. km),AG.SRF.TOTL.K2,Moldova,MDA,33850
Surface area (sq. km),AG.SRF.TOTL.K2,Monaco,MCO,74.92
Surface area (sq. km),AG.SRF.TOTL.K2,Mongolia,MNG,1564120
Surface area (sq. km),AG.SRF.TOTL.K2,Montenegro,MNE,13810
Surface area (sq. km),AG.SRF.TOTL.K2,Morocco,MAR,446550
Surface area (sq. km),AG.SRF.TOTL.K2,Mozambique,MOZ,799380
Surface area (sq. km),AG.SRF.TOTL.K2,Myanmar,MMR,676590
Surface area (sq. km),AG.SRF.TOTL.K2,Namibia,NAM,824290
Surface area (sq. km),AG.SRF.TOTL.K2,Nauru,NRU,20
Surface area (sq. km),AG.SRF.TOTL.K2,Nepal,NPL,147180
Surface area (sq. km),AG.SRF.TOTL.K2,Netherlands,NLD,41540
Surface area (sq. km),AG.SRF.TOTL.K2,New Caledonia,NCL,18580
Surface area (sq. km),AG.SRF.TOTL.K2,New Zealand,NZL,267710
Surface area (sq. km),AG.SRF.TOTL.K2,Nicaragua,NIC,130370
Surface area (sq. km),AG.SRF.TOTL.K2,Niger,NER,1267000
Surface area (sq. km),AG.SRF.TOTL.K2,Nigeria,NGA,923770
Surface area (sq. km),AG.SRF.TOTL.K2,Northern Mariana Islands,MNP,460
Surface area (sq. km),AG.SRF.TOTL.K2,Norway,NOR,625194
Surface area (sq. km),AG.SRF.TOTL.K2,Oman,OMN,309500
Surface area (sq. km),AG.SRF.TOTL.K2,Pakistan,PAK,796100
Surface area (sq. km),AG.SRF.TOTL.K2,Palau,PLW,460
Surface area (sq. km),AG.SRF.TOTL.K2,Panama,PAN,75320
Surface area (sq. km),AG.SRF.TOTL.K2,Papua New Guinea,PNG,462840
Surface area (sq. km),AG.SRF.TOTL.K2,Paraguay,PRY,406752
Surface area (sq. km),AG.SRF.TOTL.K2,Peru,PER,1285220
Surface area (sq. km),AG.SRF.TOTL.K2,Philippines,PHL,300000
Surface area (sq. km),AG.SRF.TOTL.K2,Poland,POL,312680
Surface area (sq. km),AG.SRF.TOTL.K2,Portugal,PRT,92225.6
Surface area (sq. km),AG.SRF.TOTL.K2,Puerto Rico (US),PRI,8870
Surface area (sq. km),AG.SRF.TOTL.K2,Qatar,QAT,11490
Surface area (sq. km),AG.SRF.TOTL.K2,Romania,ROU,238400
Surface area (sq. km),AG.SRF.TOTL.K2,Russian Federation,RUS,17098250
Surface area (sq. km),AG.SRF.TOTL.K2,Rwanda,RWA,26340
Surface area (sq. km),AG.SRF.TOTL.K2,Samoa,WSM,2840
Surface area (sq. km),AG.SRF.TOTL.K2,San Marino,SMR,60
Surface area (sq. km),AG.SRF.TOTL.K2,Sao Tome and Principe,STP,960
Surface area (sq. km),AG.SRF.TOTL.K2,Saudi Arabia,SAU,2149690
Surface area (sq. km),AG.SRF.TOTL.K2,Senegal,SEN,196710
Surface area (sq. km),AG.SRF.TOTL.K2,Serbia,SRB,88360
Surface area (sq. km),AG.SRF.TOTL.K2,Seychelles,SYC,460
Surface area (sq. km),AG.SRF.TOTL.K2,Sierra Leone,SLE,72300
Surface area (sq. km),AG.SRF.TOTL.K2,Singapore,SGP,719
Surface area (sq. km),AG.SRF.TOTL.K2,Sint Maarten (Dutch part),SXM,34
Surface area (sq. km),AG.SRF.TOTL.K2,Slovak Republic,SVK,49030
Surface area (sq. km),AG.SRF.TOTL.K2,Slovenia,SVN,20675
Surface area (sq. km),AG.SRF.TOTL.K2,Solomon Islands,SLB,28900
Surface area (sq. km),AG.SRF.TOTL.K2,"Somalia, Fed. Rep.",SOM,637660
Surface area (sq. km),AG.SRF.TOTL.K2,South Africa,ZAF,1219090
Surface area (sq. km),AG.SRF.TOTL.K2,South Sudan,SSD,646883
Surface area (sq. km),AG.SRF.TOTL.K2,Spain,ESP,505935
Surface area (sq. km),AG.SRF.TOTL.K2,Sri Lanka,LKA,65610
Surface area (sq. km),AG.SRF.TOTL.K2,St. Kitts and Nevis,KNA,260
Surface area (sq. km),AG.SRF.TOTL.K2,St. Lucia,LCA,620
Surface area (sq. km),AG.SRF.TOTL.K2,St. Martin (French part),MAF,50
Surface area (sq. km),AG.SRF.TOTL.K2,St. Vincent and the Grenadines,VCT,390
Surface area (sq. km),AG.SRF.TOTL.K2,Sudan,SDN,1878000
Surface area (sq. km),AG.SRF.TOTL.K2,Suriname,SUR,163820
Surface area (sq. km),AG.SRF.TOTL.K2,Eswatini,SWZ,17360
Surface area (sq. km),AG.SRF.TOTL.K2,Sweden,SWE,528449.29
Surface area (sq. km),AG.SRF.TOTL.K2,Switzerland,CHE,41290.7
Surface area (sq. km),AG.SRF.TOTL.K2,Syrian Arab Republic,SYR,185180
Surface area (sq. km),AG.SRF.TOTL.K2,Tajikistan,TJK,141380
Surface area (sq. km),AG.SRF.TOTL.K2,Tanzania,TZA,947300
Surface area (sq. km),AG.SRF.TOTL.K2,Thailand,THA,513120
Surface area (sq. km),AG.SRF.TOTL.K2,Timor-Leste,TLS,14870
Surface area (sq. km),AG.SRF.TOTL.K2,Togo,TGO,56790
Surface area (sq. km),AG.SRF.TOTL.K2,Tonga,TON,750
Surface area (sq. km),AG.SRF.TOTL.K2,Trinidad and Tobago,TTO,5130
Surface area (sq. km),AG.SRF.TOTL.K2,Tunisia,TUN,163610
Surface area (sq. km),AG.SRF.TOTL.K2,Turkiye,TUR,785350
Surface area (sq. km),AG.SRF.TOTL.K2,Turkmenistan,TKM,488100
Surface area (sq. km),AG.SRF.TOTL.K2,Turks and Caicos Islands,TCA,950
Surface area (sq. km),AG.SRF.TOTL.K2,Tuvalu,TUV,30
Surface area (sq. km),AG.SRF.TOTL.K2,Uganda,UGA,241550
Surface area (sq. km),AG.SRF.TOTL.K2,Ukraine,UKR,603550
Surface area (sq. km),AG.SRF.TOTL.K2,United Arab Emirates,ARE,98647.9
Surface area (sq. km),AG.SRF.TOTL.K2,United Kingdom,GBR,243610
Surface area (sq. km),AG.SRF.TOTL.K2,United States,USA,9831510
Surface area (sq. km),AG.SRF.TOTL.K2,Uruguay,URY,176220
Surface area (sq. km),AG.SRF.TOTL.K2,Uzbekistan,UZB,448924
Surface area (sq. km),AG.SRF.TOTL.K2,Vanuatu,VUT,12190
Surface area (sq. km),AG.SRF.TOTL.K2,"Venezuela, RB",VEN,912050
Surface area (sq. km),AG.SRF.TOTL.K2,Viet Nam,VNM,331230
Surface area (sq. km),AG.SRF.TOTL.K2,Virgin Islands (U.S.),VIR,350
Surface area (sq. km),AG.SRF.TOTL.K2,West Bank and Gaza,PSE,6020
Surface area (sq. km),AG.SRF.TOTL.K2,"Yemen, Rep.",YEM,527970
Surface area (sq. km),AG.SRF.TOTL.K2,Zambia,ZMB,752610
Surface area (sq. km),AG.SRF.TOTL.K2,Zimbabwe,ZWE,390760
Poverty headcount ratio at national poverty lines (% of population),SI.POV.NAHC,Afghanistan,AFG,54.5
Poverty headcount ratio at national poverty lines (% of population),SI.POV.NAHC,Albania,ALB,23.7
Poverty headcount ratio at national poverty lines (% of population),SI.POV.NAHC,Algeria,DZA,..
Poverty headcount ratio at national poverty lines (% of population),SI.POV.NAHC,American Samoa,ASM,..
Poverty headcount ratio at national poverty lines (% of population),SI.POV.NAHC,Andorra,AND,..
Poverty headcount ratio at national poverty lines (% of population),SI.POV.NAHC,Angola,AGO,..
Poverty headcount ratio at national poverty lines (% of population),SI.POV.NAHC,Antigua and Barbuda,ATG,..
Poverty headcount ratio at national poverty lines (% of population),SI.POV.NAHC,Argentina,ARG,30.3
Poverty headcount ratio at national poverty lines (% of population),SI.POV.NAHC,Armenia,ARM,..
Poverty headcount ratio at national poverty lines (% of population),SI.POV.NAHC,Aruba,ABW,..
Poverty headcount ratio at national poverty lines (% of population),SI.POV.NAHC,Australia,AUS,..
Poverty headcount ratio at national poverty lines (% of population),SI.POV.NAHC,Austria,AUT,14.4
Poverty headcount ratio at national poverty lines (% of population),SI.POV.NAHC,Azerbaijan,AZE,..
Poverty headcount ratio at national poverty lines (% of population),SI.POV.NAHC,"Bahamas, The",BHS,..
Poverty headcount ratio at national poverty lines (% of population),SI.POV.NAHC,Bahrain,BHR,..
Poverty headcount ratio at national poverty lines (% of population),SI.POV.NAHC,Bangladesh,BGD,24.3
Poverty headcount ratio at national poverty lines (% of population),SI.POV.NAHC,Barbados,BRB,25.7
Poverty headcount ratio at national poverty lines (% of population),SI.POV.NAHC,Belarus,BLR,5.7
Poverty headcount ratio at national poverty lines (% of population),SI.POV.NAHC,Belgium,BEL,..
Poverty headcount ratio at national poverty lines (% of population),SI.POV.NAHC,Belize,BLZ,..
Poverty headcount ratio at national poverty lines (% of population),SI.POV.NAHC,Benin,BEN,..
Poverty headcount ratio at national poverty lines (% of population),SI.POV.NAHC,Bermuda,BMU,..
Poverty headcount ratio at national poverty lines (% of population),SI.POV.NAHC,Bhutan,BTN,..
Poverty headcount ratio at national poverty lines (% of population),SI.POV.NAHC,Bolivia,BOL,43
Poverty headcount ratio at national poverty lines (% of population),SI.POV.NAHC,Bosnia and Herzegovina,BIH,..
Poverty headcount ratio at national poverty lines (% of population),SI.POV.NAHC,Botswana,BWA,..
Poverty headcount ratio at national poverty lines (% of population),SI.POV.NAHC,Brazil,BRA,..
Poverty headcount ratio at national poverty lines (% of population),SI.POV.NAHC,British Virgin Islands,VGB,..
Poverty headcount ratio at national poverty lines (% of population),SI.POV.NAHC,Brunei Darussalam,BRN,..
Poverty headcount ratio at national poverty lines (% of population),SI.POV.NAHC,Bulgaria,BGR,23.4
Poverty headcount ratio at national poverty lines (% of population),SI.POV.NAHC,Burkina Faso,BFA,..
Poverty headcount ratio at national poverty lines (% of population),SI.POV.NAHC,Burundi,BDI,..
Poverty headcount ratio at national poverty lines (% of population),SI.POV.NAHC,Cabo Verde,CPV,..
Poverty headcount ratio at national poverty lines (% of population),SI.POV.NAHC,Cambodia,KHM,..
Poverty headcount ratio at national poverty lines (% of population),SI.POV.NAHC,Cameroon,CMR,..
Poverty headcount ratio at national poverty lines (% of population),SI.POV.NAHC,Canada,CAN,..
Poverty headcount ratio at national poverty lines (% of population),SI.POV.NAHC,Cayman Islands,CYM,..
Poverty headcount ratio at national poverty lines (% of population),SI.POV.NAHC,Central African Republic,CAF,..
Poverty headcount ratio at national poverty lines (% of population),SI.POV.NAHC,Chad,TCD,..
Poverty headcount ratio at national poverty lines (% of population),SI.POV.NAHC,Channel Islands,CHI,..
Poverty headcount ratio at national poverty lines (% of population),SI.POV.NAHC,Chile,CHL,..
Poverty headcount ratio at national poverty lines (% of population),SI.POV.NAHC,China,CHN,4.5
Poverty headcount ratio at national poverty lines (% of population),SI.POV.NAHC,Colombia,COL,36.8
Poverty headcount ratio at national poverty lines (% of population),SI.POV.NAHC,Comoros,COM,..
Poverty headcount ratio at national poverty lines (% of population),SI.POV.NAHC,"Congo, Dem. Rep.",COD,..
Poverty headcount ratio at national poverty lines (% of population),SI.POV.NAHC,"Congo, Rep.",COG,..
Poverty headcount ratio at national poverty lines (% of population),SI.POV.NAHC,Costa Rica,CRI,22.9
Poverty headcount ratio at national poverty lines (% of population),SI.POV.NAHC,Cote d'Ivoire,CIV,..
Poverty headcount ratio at national poverty lines (% of population),SI.POV.NAHC,Croatia,HRV,20
Poverty headcount ratio at national poverty lines (% of population),SI.POV.NAHC,Cuba,CUB,..
Poverty headcount ratio at national poverty lines (% of population),SI.POV.NAHC,Curacao,CUW,..
Poverty headcount ratio at national poverty lines (% of population),SI.POV.NAHC,Cyprus,CYP,15.7
Poverty headcount ratio at national poverty lines (% of population),SI.POV.NAHC,Czechia,CZE,9.1
Poverty headcount ratio at national poverty lines (% of population),SI.POV.NAHC,Denmark,DNK,..
Poverty headcount ratio at national poverty lines (% of population),SI.POV.NAHC,Djibouti,DJI,..
Poverty headcount ratio at national poverty lines (% of population),SI.POV.NAHC,Dominica,DMA,..
Poverty headcount ratio at national poverty lines (% of population),SI.POV.NAHC,Dominican Republic,DOM,34.8
Poverty headcount ratio at national poverty lines (% of population),SI.POV.NAHC,Ecuador,ECU,22.9
Poverty headcount ratio at national poverty lines (% of population),SI.POV.NAHC,"Egypt, Arab Rep.",EGY,..
Poverty headcount ratio at national poverty lines (% of population),SI.POV.NAHC,El Salvador,SLV,..
Poverty headcount ratio at national poverty lines (% of population),SI.POV.NAHC,Equatorial Guinea,GNQ,..
Poverty headcount ratio at national poverty lines (% of population),SI.POV.NAHC,Eritrea,ERI,..
Poverty headcount ratio at national poverty lines (% of population),SI.POV.NAHC,Estonia,EST,21
Poverty headcount ratio at national poverty lines (% of population),SI.POV.NAHC,Ethiopia,ETH,..
Poverty headcount ratio at national poverty lines (% of population),SI.POV.NAHC,Faroe Islands,FRO,..
Poverty headcount ratio at national poverty lines (% of population),SI.POV.NAHC,Fiji,FJI,..
Poverty headcount ratio at national poverty lines (% of population),SI.POV.NAHC,Finland,FIN,11.5
Poverty headcount ratio at national poverty lines (% of population),SI.POV.NAHC,France,FRA,..
Poverty headcount ratio at national poverty lines (% of population),SI.POV.NAHC,French Polynesia,PYF,..
Poverty headcount ratio at national poverty lines (% of population),SI.POV.NAHC,Gabon,GAB,..
Poverty headcount ratio at national poverty lines (% of population),SI.POV.NAHC,"Gambia, The",GMB,..
Poverty headcount ratio at national poverty lines (% of population),SI.POV.NAHC,Georgia,GEO,22
Poverty headcount ratio at national poverty lines (% of population),SI.POV.NAHC,Germany,DEU,..
Poverty headcount ratio at national poverty lines (% of population),SI.POV.NAHC,Ghana,GHA,23.4
Poverty headcount ratio at national poverty lines (% of population),SI.POV.NAHC,Gibraltar,GIB,..
Poverty headcount ratio at national poverty lines (% of population),SI.POV.NAHC,Greece,GRC,20.2
Poverty headcount ratio at national poverty lines (% of population),SI.POV.NAHC,Greenland,GRL,..
Poverty headcount ratio at national poverty lines (% of population),SI.POV.NAHC,Grenada,GRD,..
Poverty headcount ratio at national poverty lines (% of population),SI.POV.NAHC,Guam,GUM,..
Poverty headcount ratio at national poverty lines (% of population),SI.POV.NAHC,Guatemala,GTM,..
Poverty headcount ratio at national poverty lines (% of population),SI.POV.NAHC,Guinea,GIN,..
Poverty headcount ratio at national poverty lines (% of population),SI.POV.NAHC,Guinea-Bissau,GNB,..
Poverty headcount ratio at national poverty lines (% of population),SI.POV.NAHC,Guyana,GUY,..
Poverty headcount ratio at national poverty lines (% of population),SI.POV.NAHC,Haiti,HTI,..
Poverty headcount ratio at national poverty lines (% of population),SI.POV.NAHC,Honduras,HND,49.7
Poverty headcount ratio at national poverty lines (% of population),SI.POV.NAHC,"Hong Kong SAR, China",HKG,..
Poverty headcount ratio at national poverty lines (% of population),SI.POV.NAHC,Hungary,HUN,13.4
Poverty headcount ratio at national poverty lines (% of population),SI.POV.NAHC,Iceland,ISL,10.1
Poverty headcount ratio at national poverty lines (% of population),SI.POV.NAHC,India,IND,..
Poverty headcount ratio at national poverty lines (% of population),SI.POV.NAHC,Indonesia,IDN,10.9
Poverty headcount ratio at national poverty lines (% of population),SI.POV.NAHC,"Iran, Islamic Rep.",IRN,..
Poverty headcount ratio at national poverty lines (% of population),SI.POV.NAHC,Iraq,IRQ,..
Poverty headcount ratio at national poverty lines (% of population),SI.POV.NAHC,Ireland,IRL,..
Poverty headcount ratio at national poverty lines (% of population),SI.POV.NAHC,Isle of Man,IMN,..
Poverty headcount ratio at national poverty lines (% of population),SI.POV.NAHC,Israel,ISR,..
Poverty headcount ratio at national poverty lines (% of population),SI.POV.NAHC,Italy,ITA,20.3
Poverty headcount ratio at national poverty lines (% of population),SI.POV.NAHC,Jamaica,JAM,17.1
Poverty headcount ratio at national poverty lines (% of population),SI.POV.NAHC,Japan,JPN,..
Poverty headcount ratio at national poverty lines (% of population),SI.POV.NAHC,Jordan,JOR,..
Poverty headcount ratio at national poverty lines (% of population),SI.POV.NAHC,Kazakhstan,KAZ,..
Poverty headcount ratio at national poverty lines (% of population),SI.POV.NAHC,Kenya,KEN,..
Poverty headcount ratio at national poverty lines (% of population),SI.POV.NAHC,Kiribati,KIR,..
Poverty headcount ratio at national poverty lines (% of population),SI.POV.NAHC,"Korea, Dem. People's Rep.",PRK,..
Poverty headcount ratio at national poverty lines (% of population),SI.POV.NAHC,"Korea, Rep.",KOR,..
Poverty headcount ratio at national poverty lines (% of population),SI.POV.NAHC,Kosovo,XKX,..
Poverty headcount ratio at national poverty lines (% of population),SI.POV.NAHC,Kuwait,KWT,..
Poverty headcount ratio at national poverty lines (% of population),SI.POV.NAHC,Kyrgyz Republic,KGZ,25.4
Poverty headcount ratio at national poverty lines (% of population),SI.POV.NAHC,Lao PDR,LAO,..
Poverty headcount ratio at national poverty lines (% of population),SI.POV.NAHC,Latvia,LVA,22.1
Poverty headcount ratio at national poverty lines (% of population),SI.POV.NAHC,Lebanon,LBN,..
Poverty headcount ratio at national poverty lines (% of population),SI.POV.NAHC,Lesotho,LSO,..
Poverty headcount ratio at national poverty lines (% of population),SI.POV.NAHC,Liberia,LBR,50.9
Poverty headcount ratio at national poverty lines (% of population),SI.POV.NAHC,Libya,LBY,..
Poverty headcount ratio at national poverty lines (% of population),SI.POV.NAHC,Liechtenstein,LIE,..
Poverty headcount ratio at national poverty lines (% of population),SI.POV.NAHC,Lithuania,LTU,22.9
Poverty headcount ratio at national poverty lines (% of population),SI.POV.NAHC,Luxembourg,LUX,..
Poverty headcount ratio at national poverty lines (% of population),SI.POV.NAHC,"Macao SAR, China",MAC,..
Poverty headcount ratio at national poverty lines (% of population),SI.POV.NAHC,North Macedonia,MKD,22.2
Poverty headcount ratio at national poverty lines (% of population),SI.POV.NAHC,Madagascar,MDG,..
Poverty headcount ratio at national poverty lines (% of population),SI.POV.NAHC,Malawi,MWI,51.5
Poverty headcount ratio at national poverty lines (% of population),SI.POV.NAHC,Malaysia,MYS,..
Poverty headcount ratio at national poverty lines (% of population),SI.POV.NAHC,Maldives,MDV,..
Poverty headcount ratio at national poverty lines (% of population),SI.POV.NAHC,Mali,MLI,46.8
Poverty headcount ratio at national poverty lines (% of population),SI.POV.NAHC,Malta,MLT,16.7
Poverty headcount ratio at national poverty lines (% of population),SI.POV.NAHC,Marshall Islands,MHL,..
Poverty headcount ratio at national poverty lines (% of population),SI.POV.NAHC,Mauritania,MRT,..
Poverty headcount ratio at national poverty lines (% of population),SI.POV.NAHC,Mauritius,MUS,..
Poverty headcount ratio at national poverty lines (% of population),SI.POV.NAHC,Mexico,MEX,43.2
Poverty headcount ratio at national poverty lines (% of population),SI.POV.NAHC,"Micronesia, Fed. Sts.",FSM,..
Poverty headcount ratio at national poverty lines (% of population),SI.POV.NAHC,Moldova,MDA,..
Poverty headcount ratio at national poverty lines (% of population),SI.POV.NAHC,Monaco,MCO,..
Poverty headcount ratio at national poverty lines (% of population),SI.POV.NAHC,Mongolia,MNG,29.6
Poverty headcount ratio at national poverty lines (% of population),SI.POV.NAHC,Montenegro,MNE,23.6
Poverty headcount ratio at national poverty lines (% of population),SI.POV.NAHC,Morocco,MAR,..
Poverty headcount ratio at national poverty lines (% of population),SI.POV.NAHC,Mozambique,MOZ,..
Poverty headcount ratio at national poverty lines (% of population),SI.POV.NAHC,Myanmar,MMR,..
Poverty headcount ratio at national poverty lines (% of population),SI.POV.NAHC,Namibia,NAM,..
Poverty headcount ratio at national poverty lines (% of population),SI.POV.NAHC,Nauru,NRU,..
Poverty headcount ratio at national poverty lines (% of population),SI.POV.NAHC,Nepal,NPL,..
Poverty headcount ratio at national poverty lines (% of population),SI.POV.NAHC,Netherlands,NLD,13.2
Poverty headcount ratio at national poverty lines (% of population),SI.POV.NAHC,New Caledonia,NCL,..
Poverty headcount ratio at national poverty lines (% of population),SI.POV.NAHC,New Zealand,NZL,..
Poverty headcount ratio at national poverty lines (% of population),SI.POV.NAHC,Nicaragua,NIC,24.9
Poverty headcount ratio at national poverty lines (% of population),SI.POV.NAHC,Niger,NER,..
Poverty headcount ratio at national poverty lines (% of population),SI.POV.NAHC,Nigeria,NGA,..
Poverty headcount ratio at national poverty lines (% of population),SI.POV.NAHC,Northern Mariana Islands,MNP,..
Poverty headcount ratio at national poverty lines (% of population),SI.POV.NAHC,Norway,NOR,12.3
Poverty headcount ratio at national poverty lines (% of population),SI.POV.NAHC,Oman,OMN,..
Poverty headcount ratio at national poverty lines (% of population),SI.POV.NAHC,Pakistan,PAK,..
Poverty headcount ratio at national poverty lines (% of population),SI.POV.NAHC,Palau,PLW,..
Poverty headcount ratio at national poverty lines (% of population),SI.POV.NAHC,Panama,PAN,22.1
Poverty headcount ratio at national poverty lines (% of population),SI.POV.NAHC,Papua New Guinea,PNG,..
Poverty headcount ratio at national poverty lines (% of population),SI.POV.NAHC,Paraguay,PRY,28.9
Poverty headcount ratio at national poverty lines (% of population),SI.POV.NAHC,Peru,PER,20.7
Poverty headcount ratio at national poverty lines (% of population),SI.POV.NAHC,Philippines,PHL,..
Poverty headcount ratio at national poverty lines (% of population),SI.POV.NAHC,Poland,POL,15
Poverty headcount ratio at national poverty lines (% of population),SI.POV.NAHC,Portugal,PRT,18.3
Poverty headcount ratio at national poverty lines (% of population),SI.POV.NAHC,Puerto Rico (US),PRI,..
Poverty headcount ratio at national poverty lines (% of population),SI.POV.NAHC,Qatar,QAT,..
Poverty headcount ratio at national poverty lines (% of population),SI.POV.NAHC,Romania,ROU,23.6
Poverty headcount ratio at national poverty lines (% of population),SI.POV.NAHC,Russian Federation,RUS,13.3
Poverty headcount ratio at national poverty lines (% of population),SI.POV.NAHC,Rwanda,RWA,38.2
Poverty headcount ratio at national poverty lines (% of population),SI.POV.NAHC,Samoa,WSM,..
Poverty headcount ratio at national poverty lines (% of population),SI.POV.NAHC,San Marino,SMR,..
Poverty headcount ratio at national poverty lines (% of population),SI.POV.NAHC,Sao Tome and Principe,STP,..
Poverty headcount ratio at national poverty lines (% of population),SI.POV.NAHC,Saudi Arabia,SAU,..
Poverty headcount ratio at national poverty lines (% of population),SI.POV.NAHC,Senegal,SEN,..
Poverty headcount ratio at national poverty lines (% of population),SI.POV.NAHC,Serbia,SRB,25.7
Poverty headcount ratio at national poverty lines (% of population),SI.POV.NAHC,Seychelles,SYC,..
Poverty headcount ratio at national poverty lines (% of population),SI.POV.NAHC,Sierra Leone,SLE,..
Poverty headcount ratio at national poverty lines (% of population),SI.POV.NAHC,Singapore,SGP,..
Poverty headcount ratio at national poverty lines (% of population),SI.POV.NAHC,Sint Maarten (Dutch part),SXM,..
Poverty headcount ratio at national poverty lines (% of population),SI.POV.NAHC,Slovak Republic,SVK,12.4
Poverty headcount ratio at national poverty lines (% of population),SI.POV.NAHC,Slovenia,SVN,13.3
Poverty headcount ratio at national poverty lines (% of population),SI.POV.NAHC,Solomon Islands,SLB,..
Poverty headcount ratio at national poverty lines (% of population),SI.POV.NAHC,"Somalia, Fed. Rep.",SOM,..
Poverty headcount ratio at national poverty lines (% of population),SI.POV.NAHC,South Africa,ZAF,..
Poverty headcount ratio at national poverty lines (% of population),SI.POV.NAHC,South Sudan,SSD,82.3
Poverty headcount ratio at national poverty lines (% of population),SI.POV.NAHC,Spain,ESP,21.6
Poverty headcount ratio at national poverty lines (% of population),SI.POV.NAHC,Sri Lanka,LKA,16
Poverty headcount ratio at national poverty lines (% of population),SI.POV.NAHC,St. Kitts and Nevis,KNA,..
Poverty headcount ratio at national poverty lines (% of population),SI.POV.NAHC,St. Lucia,LCA,25
Poverty headcount ratio at national poverty lines (% of population),SI.POV.NAHC,St. Martin (French part),MAF,..
Poverty headcount ratio at national poverty lines (% of population),SI.POV.NAHC,St. Vincent and the Grenadines,VCT,..
Poverty headcount ratio at national poverty lines (% of population),SI.POV.NAHC,Sudan,SDN,..
Poverty headcount ratio at national poverty lines (% of population),SI.POV.NAHC,Suriname,SUR,..
Poverty headcount ratio at national poverty lines (% of population),SI.POV.NAHC,Eswatini,SWZ,58.9
Poverty headcount ratio at national poverty lines (% of population),SI.POV.NAHC,Sweden,SWE,15.8
Poverty headcount ratio at national poverty lines (% of population),SI.POV.NAHC,Switzerland,CHE,15.5
Poverty headcount ratio at national poverty lines (% of population),SI.POV.NAHC,Syrian Arab Republic,SYR,..
Poverty headcount ratio at national poverty lines (% of population),SI.POV.NAHC,Tajikistan,TJK,30.3
Poverty headcount ratio at national poverty lines (% of population),SI.POV.NAHC,Tanzania,TZA,..
Poverty headcount ratio at national poverty lines (% of population),SI.POV.NAHC,Thailand,THA,8.6
Poverty headcount ratio at national poverty lines (% of population),SI.POV.NAHC,Timor-Leste,TLS,..
Poverty headcount ratio at national poverty lines (% of population),SI.POV.NAHC,Togo,TGO,..
Poverty headcount ratio at national poverty lines (% of population),SI.POV.NAHC,Tonga,TON,..
Poverty headcount ratio at national poverty lines (% of population),SI.POV.NAHC,Trinidad and Tobago,TTO,..
Poverty headcount ratio at national poverty lines (% of population),SI.POV.NAHC,Tunisia,TUN,..
Poverty headcount ratio at national poverty lines (% of population),SI.POV.NAHC,Turkiye,TUR,13.5
Poverty headcount ratio at national poverty lines (% of population),SI.POV.NAHC,Turkmenistan,TKM,..
Poverty headcount ratio at national poverty lines (% of population),SI.POV.NAHC,Turks and Caicos Islands,TCA,..
Poverty headcount ratio at national poverty lines (% of population),SI.POV.NAHC,Tuvalu,TUV,..
Poverty headcount ratio at national poverty lines (% of population),SI.POV.NAHC,Uganda,UGA,21.4
Poverty headcount ratio at national poverty lines (% of population),SI.POV.NAHC,Ukraine,UKR,51.1
Poverty headcount ratio at national poverty lines (% of population),SI.POV.NAHC,United Arab Emirates,ARE,..
Poverty headcount ratio at national poverty lines (% of population),SI.POV.NAHC,United Kingdom,GBR,17
Poverty headcount ratio at national poverty lines (% of population),SI.POV.NAHC,United States,USA,..
Poverty headcount ratio at national poverty lines (% of population),SI.POV.NAHC,Uruguay,URY,..
Poverty headcount ratio at national poverty lines (% of population),SI.POV.NAHC,Uzbekistan,UZB,..
Poverty headcount ratio at national poverty lines (% of population),SI.POV.NAHC,Vanuatu,VUT,..
Poverty headcount ratio at national poverty lines (% of population),SI.POV.NAHC,"Venezuela, RB",VEN,..
Poverty headcount ratio at national poverty lines (% of population),SI.POV.NAHC,Viet Nam,VNM,9.2
Poverty headcount ratio at national poverty lines (% of population),SI.POV.NAHC,Virgin Islands (U.S.),VIR,..
Poverty headcount ratio at national poverty lines (% of population),SI.POV.NAHC,West Bank and Gaza,PSE,29.2
Poverty headcount ratio at national poverty lines (% of population),SI.POV.NAHC,"Yemen, Rep.",YEM,..
Poverty headcount ratio at national poverty lines (% of population),SI.POV.NAHC,Zambia,ZMB,..
Poverty headcount ratio at national poverty lines (% of population),SI.POV.NAHC,Zimbabwe,ZWE,..
"GNI, Atlas method (current US$)",NY.GNP.ATLS.CD,Afghanistan,AFG,19449602244.5449
"GNI, Atlas method (current US$)",NY.GNP.ATLS.CD,Albania,ALB,12563436494.2492
"GNI, Atlas method (current US$)",NY.GNP.ATLS.CD,Algeria,DZA,201027370828.171
"GNI, Atlas method (current US$)",NY.GNP.ATLS.CD,American Samoa,ASM,..
"GNI, Atlas method (current US$)",NY.GNP.ATLS.CD,Andorra,AND,..
"GNI, Atlas method (current US$)",NY.GNP.ATLS.CD,Angola,AGO,85029884361.6455
"GNI, Atlas method (current US$)",NY.GNP.ATLS.CD,Antigua and Barbuda,ATG,1356337300.99126
"GNI, Atlas method (current US$)",NY.GNP.ATLS.CD,Argentina,ARG,532504167159.506
"GNI, Atlas method (current US$)",NY.GNP.ATLS.CD,Armenia,ARM,11045672826.7053
"GNI, Atlas method (current US$)",NY.GNP.ATLS.CD,Aruba,ABW,2779171748.89003
"GNI, Atlas method (current US$)",NY.GNP.ATLS.CD,Australia,AUS,1314218336900.93
"GNI, Atlas method (current US$)",NY.GNP.ATLS.CD,Austria,AUT,401752142847.211
"GNI, Atlas method (current US$)",NY.GNP.ATLS.CD,Azerbaijan,AZE,46729265974.4718
"GNI, Atlas method (current US$)",NY.GNP.ATLS.CD,"Bahamas, The",BHS,10795921142.679
"GNI, Atlas method (current US$)",NY.GNP.ATLS.CD,Bahrain,BHR,32348153026.6238
"GNI, Atlas method (current US$)",NY.GNP.ATLS.CD,Bangladesh,BGD,225591727898.942
"GNI, Atlas method (current US$)",NY.GNP.ATLS.CD,Barbados,BRB,5367857906.73848
"GNI, Atlas method (current US$)",NY.GNP.ATLS.CD,Belarus,BLR,53366156233.9518
"GNI, Atlas method (current US$)",NY.GNP.ATLS.CD,Belgium,BEL,490005006478.761
"GNI, Atlas method (current US$)",NY.GNP.ATLS.CD,Belize,BLZ,2058694975.6792
"GNI, Atlas method (current US$)",NY.GNP.ATLS.CD,Benin,BEN,12171124091.5211
"GNI, Atlas method (current US$)",NY.GNP.ATLS.CD,Bermuda,BMU,6689406375.36548
"GNI, Atlas method (current US$)",NY.GNP.ATLS.CD,Bhutan,BTN,2152170785.36801
"GNI, Atlas method (current US$)",NY.GNP.ATLS.CD,Bolivia,BOL,33490607690.1137
"GNI, Atlas method (current US$)",NY.GNP.ATLS.CD,Bosnia and Herzegovina,BIH,17598824944.9714
"GNI, Atlas method (current US$)",NY.GNP.ATLS.CD,Botswana,BWA,13545412768.6041
"GNI, Atlas method (current US$)",NY.GNP.ATLS.CD,Brazil,BRA,1839991635542.07
"GNI, Atlas method (current US$)",NY.GNP.ATLS.CD,British Virgin Islands,VGB,..
"GNI, Atlas method (current US$)",NY.GNP.ATLS.CD,Brunei Darussalam,BRN,13925295902.1618
"GNI, Atlas method (current US$)",NY.GNP.ATLS.CD,Bulgaria,BGR,52585518708.5058
"GNI, Atlas method (current US$)",NY.GNP.ATLS.CD,Burkina Faso,BFA,12626356083.9431
"GNI, Atlas method (current US$)",NY.GNP.ATLS.CD,Burundi,BDI,2707205570.73846
"GNI, Atlas method (current US$)",NY.GNP.ATLS.CD,Cabo Verde,CPV,1833718971.6041
"GNI, Atlas method (current US$)",NY.GNP.ATLS.CD,Cambodia,KHM,24513116372.8426
"GNI, Atlas method (current US$)",NY.GNP.ATLS.CD,Cameroon,CMR,34412094661.6485
"GNI, Atlas method (current US$)",NY.GNP.ATLS.CD,Canada,CAN,1585229175341.14
"GNI, Atlas method (current US$)",NY.GNP.ATLS.CD,Cayman Islands,CYM,3018186348.64587
"GNI, Atlas method (current US$)",NY.GNP.ATLS.CD,Central African Republic,CAF,1869960216.76917
"GNI, Atlas method (current US$)",NY.GNP.ATLS.CD,Chad,TCD,14237482102.9906
"GNI, Atlas method (current US$)",NY.GNP.ATLS.CD,Channel Islands,CHI,..
"GNI, Atlas method (current US$)",NY.GNP.ATLS.CD,Chile,CHL,243046025927.931
"GNI, Atlas method (current US$)",NY.GNP.ATLS.CD,China,CHN,11604134912471.2
"GNI, Atlas method (current US$)",NY.GNP.ATLS.CD,Colombia,COL,311102697309.253
"GNI, Atlas method (current US$)",NY.GNP.ATLS.CD,Comoros,COM,1049206486.91825
"GNI, Atlas method (current US$)",NY.GNP.ATLS.CD,"Congo, Dem. Rep.",COD,38368509559.0102
"GNI, Atlas method (current US$)",NY.GNP.ATLS.CD,"Congo, Rep.",COG,11826831604.3751
"GNI, Atlas method (current US$)",NY.GNP.ATLS.CD,Costa Rica,CRI,54371622126.1702
"GNI, Atlas method (current US$)",NY.GNP.ATLS.CD,Cote d'Ivoire,CIV,48916733337.103
"GNI, Atlas method (current US$)",NY.GNP.ATLS.CD,Croatia,HRV,53735788580.7602
"GNI, Atlas method (current US$)",NY.GNP.ATLS.CD,Cuba,CUB,84811198976.6624
"GNI, Atlas method (current US$)",NY.GNP.ATLS.CD,Curacao,CUW,2915027215.07865
"GNI, Atlas method (current US$)",NY.GNP.ATLS.CD,Cyprus,CYP,21151400876.8033
"GNI, Atlas method (current US$)",NY.GNP.ATLS.CD,Czechia,CZE,186577264392.86
"GNI, Atlas method (current US$)",NY.GNP.ATLS.CD,Denmark,DNK,331275583248.078
"GNI, Atlas method (current US$)",NY.GNP.ATLS.CD,Djibouti,DJI,2455811775.91439
"GNI, Atlas method (current US$)",NY.GNP.ATLS.CD,Dominica,DMA,556540564.212894
"GNI, Atlas method (current US$)",NY.GNP.ATLS.CD,Dominican Republic,DOM,71242007513.3647
"GNI, Atlas method (current US$)",NY.GNP.ATLS.CD,Ecuador,ECU,94956077961.139
"GNI, Atlas method (current US$)",NY.GNP.ATLS.CD,"Egypt, Arab Rep.",EGY,325198707867.36
"GNI, Atlas method (current US$)",NY.GNP.ATLS.CD,El Salvador,SLV,22295959534.2249
"GNI, Atlas method (current US$)",NY.GNP.ATLS.CD,Equatorial Guinea,GNQ,10043892394.8458
"GNI, Atlas method (current US$)",NY.GNP.ATLS.CD,Eritrea,ERI,..
"GNI, Atlas method (current US$)",NY.GNP.ATLS.CD,Estonia,EST,24526402554.4203
"GNI, Atlas method (current US$)",NY.GNP.ATLS.CD,Ethiopia,ETH,66310955915.5059
"GNI, Atlas method (current US$)",NY.GNP.ATLS.CD,Faroe Islands,FRO,2839719051.60036
"GNI, Atlas method (current US$)",NY.GNP.ATLS.CD,Fiji,FJI,4605397527.10778
"GNI, Atlas method (current US$)",NY.GNP.ATLS.CD,Finland,FIN,248142777648.351
"GNI, Atlas method (current US$)",NY.GNP.ATLS.CD,France,FRA,2603823276261.62
"GNI, Atlas method (current US$)",NY.GNP.ATLS.CD,French Polynesia,PYF,6189245829.88563
"GNI, Atlas method (current US$)",NY.GNP.ATLS.CD,Gabon,GAB,14216590532.1583
"GNI, Atlas method (current US$)",NY.GNP.ATLS.CD,"Gambia, The",GMB,1339838186.50614
"GNI, Atlas method (current US$)",NY.GNP.ATLS.CD,Georgia,GEO,15595315199.8665
"GNI, Atlas method (current US$)",NY.GNP.ATLS.CD,Germany,DEU,3734059829677.44
"GNI, Atlas method (current US$)",NY.GNP.ATLS.CD,Ghana,GHA,51665371592.881
"GNI, Atlas method (current US$)",NY.GNP.ATLS.CD,Gibraltar,GIB,..
"GNI, Atlas method (current US$)",NY.GNP.ATLS.CD,Greece,GRC,199329729787.415
"GNI, Atlas method (current US$)",NY.GNP.ATLS.CD,Greenland,GRL,..
"GNI, Atlas method (current US$)",NY.GNP.ATLS.CD,Grenada,GRD,920927024.403226
"GNI, Atlas method (current US$)",NY.GNP.ATLS.CD,Guam,GUM,..
"GNI, Atlas method (current US$)",NY.GNP.ATLS.CD,Guatemala,GTM,61233391818.917
"GNI, Atlas method (current US$)",NY.GNP.ATLS.CD,Guinea,GIN,9150006371.8308
"GNI, Atlas method (current US$)",NY.GNP.ATLS.CD,Guinea-Bissau,GNB,1236070350.97176
"GNI, Atlas method (current US$)",NY.GNP.ATLS.CD,Guyana,GUY,4279939027.89309
"GNI, Atlas method (current US$)",NY.GNP.ATLS.CD,Haiti,HTI,14680073741.8599
"GNI, Atlas method (current US$)",NY.GNP.ATLS.CD,Honduras,HND,19698747620.6188
"GNI, Atlas method (current US$)",NY.GNP.ATLS.CD,"Hong Kong SAR, China",HKG,315280224869.312
"GNI, Atlas method (current US$)",NY.GNP.ATLS.CD,Hungary,HUN,129104988925.682
"GNI, Atlas method (current US$)",NY.GNP.ATLS.CD,Iceland,ISL,19594121414.1553
"GNI, Atlas method (current US$)",NY.GNP.ATLS.CD,India,IND,2246783906989.46
"GNI, Atlas method (current US$)",NY.GNP.ATLS.CD,Indonesia,IDN,890493673493.167
"GNI, Atlas method (current US$)",NY.GNP.ATLS.CD,"Iran, Islamic Rep.",IRN,463497058138.189
"GNI, Atlas method (current US$)",NY.GNP.ATLS.CD,Iraq,IRQ,194608175973.794
"GNI, Atlas method (current US$)",NY.GNP.ATLS.CD,Ireland,IRL,251829806851.776
"GNI, Atlas method (current US$)",NY.GNP.ATLS.CD,Isle of Man,IMN,6568246935.168
"GNI, Atlas method (current US$)",NY.GNP.ATLS.CD,Israel,ISR,318892744051.447
"GNI, Atlas method (current US$)",NY.GNP.ATLS.CD,Italy,ITA,1947749931461.05
"GNI, Atlas method (current US$)",NY.GNP.ATLS.CD,Jamaica,JAM,14007933237.486
"GNI, Atlas method (current US$)",NY.GNP.ATLS.CD,Japan,JPN,4887581873397.65
"GNI, Atlas method (current US$)",NY.GNP.ATLS.CD,Jordan,JOR,38174010512.3423
"GNI, Atlas method (current US$)",NY.GNP.ATLS.CD,Kazakhstan,KAZ,155999097992.4
"GNI, Atlas method (current US$)",NY.GNP.ATLS.CD,Kenya,KEN,71748257092.2357
"GNI, Atlas method (current US$)",NY.GNP.ATLS.CD,Kiribati,KIR,354819096.503703
"GNI, Atlas method (current US$)",NY.GNP.ATLS.CD,"Korea, Dem. People's Rep.",PRK,..
"GNI, Atlas method (current US$)",NY.GNP.ATLS.CD,"Korea, Rep.",KOR,1580316759205.39
"GNI, Atlas method (current US$)",NY.GNP.ATLS.CD,Kosovo,XKX,6988596429.78944
"GNI, Atlas method (current US$)",NY.GNP.ATLS.CD,Kuwait,KWT,139813136904.762
"GNI, Atlas method (current US$)",NY.GNP.ATLS.CD,Kyrgyz Republic,KGZ,6741191536.90146
"GNI, Atlas method (current US$)",NY.GNP.ATLS.CD,Lao PDR,LAO,14563895801.7476
"GNI, Atlas method (current US$)",NY.GNP.ATLS.CD,Latvia,LVA,28023282182.088
"GNI, Atlas method (current US$)",NY.GNP.ATLS.CD,Lebanon,LBN,48501677331.6132
"GNI, Atlas method (current US$)",NY.GNP.ATLS.CD,Lesotho,LSO,2642570109.0076
"GNI, Atlas method (current US$)",NY.GNP.ATLS.CD,Liberia,LBR,2918535409.45408
"GNI, Atlas method (current US$)",NY.GNP.ATLS.CD,Libya,LBY,50882228980.806
"GNI, Atlas method (current US$)",NY.GNP.ATLS.CD,Liechtenstein,LIE,..
"GNI, Atlas method (current US$)",NY.GNP.ATLS.CD,Lithuania,LTU,42836438339.6684
"GNI, Atlas method (current US$)",NY.GNP.ATLS.CD,Luxembourg,LUX,42910077151.75
"GNI, Atlas method (current US$)",NY.GNP.ATLS.CD,"Macao SAR, China",MAC,38934210505.9531
"GNI, Atlas method (current US$)",NY.GNP.ATLS.CD,North Macedonia,MKD,10364776724.0245
"GNI, Atlas method (current US$)",NY.GNP.ATLS.CD,Madagascar,MDG,11659563209.7684
"GNI, Atlas method (current US$)",NY.GNP.ATLS.CD,Malawi,MWI,8632391151.58564
"GNI, Atlas method (current US$)",NY.GNP.ATLS.CD,Malaysia,MYS,311560168337.287
"GNI, Atlas method (current US$)",NY.GNP.ATLS.CD,Maldives,MDV,3867763228.83023
"GNI, Atlas method (current US$)",NY.GNP.ATLS.CD,Mali,MLI,16708434786.804
"GNI, Atlas method (current US$)",NY.GNP.ATLS.CD,Malta,MLT,10828201023.65
"GNI, Atlas method (current US$)",NY.GNP.ATLS.CD,Marshall Islands,MHL,241429066.668329
"GNI, Atlas method (current US$)",NY.GNP.ATLS.CD,Mauritania,MRT,6300770360.20547
"GNI, Atlas method (current US$)",NY.GNP.ATLS.CD,Mauritius,MUS,13461524630.13
"GNI, Atlas method (current US$)",NY.GNP.ATLS.CD,Mexico,MEX,1190381172086.54
"GNI, Atlas method (current US$)",NY.GNP.ATLS.CD,"Micronesia, Fed. Sts.",FSM,369878343.993915
"GNI, Atlas method (current US$)",NY.GNP.ATLS.CD,Moldova,MDA,8888973952.40413
"GNI, Atlas method (current US$)",NY.GNP.ATLS.CD,Monaco,MCO,..
"GNI, Atlas method (current US$)",NY.GNP.ATLS.CD,Mongolia,MNG,10678416260.5219
"GNI, Atlas method (current US$)",NY.GNP.ATLS.CD,Montenegro,MNE,4389337383.18357
"GNI, Atlas method (current US$)",NY.GNP.ATLS.CD,Morocco,MAR,111739871285.219
"GNI, Atlas method (current US$)",NY.GNP.ATLS.CD,Mozambique,MOZ,15130344379.3329
"GNI, Atlas method (current US$)",NY.GNP.ATLS.CD,Myanmar,MMR,63559467229.0533
"GNI, Atlas method (current US$)",NY.GNP.ATLS.CD,Namibia,NAM,11165440937.0553
"GNI, Atlas method (current US$)",NY.GNP.ATLS.CD,Nauru,NRU,130279385.143472
"GNI, Atlas method (current US$)",NY.GNP.ATLS.CD,Nepal,NPL,24065937869.437
"GNI, Atlas method (current US$)",NY.GNP.ATLS.CD,Netherlands,NLD,799787769287.227
"GNI, Atlas method (current US$)",NY.GNP.ATLS.CD,New Caledonia,NCL,..
"GNI, Atlas method (current US$)",NY.GNP.ATLS.CD,New Zealand,NZL,186041173607.849
"GNI, Atlas method (current US$)",NY.GNP.ATLS.CD,Nicaragua,NIC,12333268218.9241
"GNI, Atlas method (current US$)",NY.GNP.ATLS.CD,Niger,NER,10962186269.202
"GNI, Atlas method (current US$)",NY.GNP.ATLS.CD,Nigeria,NGA,463851771590.265
"GNI, Atlas method (current US$)",NY.GNP.ATLS.CD,Northern Mariana Islands,MNP,..
"GNI, Atlas method (current US$)",NY.GNP.ATLS.CD,Norway,NOR,428566105287.955
"GNI, Atlas method (current US$)",NY.GNP.ATLS.CD,Oman,OMN,81457749214.9853
"GNI, Atlas method (current US$)",NY.GNP.ATLS.CD,Pakistan,PAK,299994115109.889
"GNI, Atlas method (current US$)",NY.GNP.ATLS.CD,Palau,PLW,267009628.462697
"GNI, Atlas method (current US$)",NY.GNP.ATLS.CD,Panama,PAN,53089063470.581
"GNI, Atlas method (current US$)",NY.GNP.ATLS.CD,Papua New Guinea,PNG,21605357912.3262
"GNI, Atlas method (current US$)",NY.GNP.ATLS.CD,Paraguay,PRY,36730021908.519
"GNI, Atlas method (current US$)",NY.GNP.ATLS.CD,Peru,PER,189102637889.763
"GNI, Atlas method (current US$)",NY.GNP.ATLS.CD,Philippines,PHL,357904546274.476
"GNI, Atlas method (current US$)",NY.GNP.ATLS.CD,Poland,POL,483851398113.289
"GNI, Atlas method (current US$)",NY.GNP.ATLS.CD,Portugal,PRT,205986245879.507
"GNI, Atlas method (current US$)",NY.GNP.ATLS.CD,Puerto Rico (US),PRI,67145096440.2585
"GNI, Atlas method (current US$)",NY.GNP.ATLS.CD,Qatar,QAT,171350896547.112
"GNI, Atlas method (current US$)",NY.GNP.ATLS.CD,Romania,ROU,186395800378.267
"GNI, Atlas method (current US$)",NY.GNP.ATLS.CD,Russian Federation,RUS,1426946310645.5
"GNI, Atlas method (current US$)",NY.GNP.ATLS.CD,Rwanda,RWA,8655609787.83402
"GNI, Atlas method (current US$)",NY.GNP.ATLS.CD,Samoa,WSM,839309809.251015
"GNI, Atlas method (current US$)",NY.GNP.ATLS.CD,San Marino,SMR,..
"GNI, Atlas method (current US$)",NY.GNP.ATLS.CD,Sao Tome and Principe,STP,289220678.571843
"GNI, Atlas method (current US$)",NY.GNP.ATLS.CD,Saudi Arabia,SAU,741069466022.265
"GNI, Atlas method (current US$)",NY.GNP.ATLS.CD,Senegal,SEN,19105759853.2535
"GNI, Atlas method (current US$)",NY.GNP.ATLS.CD,Serbia,SRB,41800438505.4896
"GNI, Atlas method (current US$)",NY.GNP.ATLS.CD,Seychelles,SYC,1479557109.59421
"GNI, Atlas method (current US$)",NY.GNP.ATLS.CD,Sierra Leone,SLE,6734339474.09851
"GNI, Atlas method (current US$)",NY.GNP.ATLS.CD,Singapore,SGP,299826763586.762
"GNI, Atlas method (current US$)",NY.GNP.ATLS.CD,Sint Maarten (Dutch part),SXM,1348523898.8756
"GNI, Atlas method (current US$)",NY.GNP.ATLS.CD,Slovak Republic,SVK,91774910844.5542
"GNI, Atlas method (current US$)",NY.GNP.ATLS.CD,Slovenia,SVN,44634512813.1724
"GNI, Atlas method (current US$)",NY.GNP.ATLS.CD,Solomon Islands,SLB,1327720673.39061
"GNI, Atlas method (current US$)",NY.GNP.ATLS.CD,"Somalia, Fed. Rep.",SOM,6496601660.71499
"GNI, Atlas method (current US$)",NY.GNP.ATLS.CD,South Africa,ZAF,336464320484.813
"GNI, Atlas method (current US$)",NY.GNP.ATLS.CD,South Sudan,SSD,..
"GNI, Atlas method (current US$)",NY.GNP.ATLS.CD,Spain,ESP,1289771494424.84
"GNI, Atlas method (current US$)",NY.GNP.ATLS.CD,Sri Lanka,LKA,85316153829.6399
"GNI, Atlas method (current US$)",NY.GNP.ATLS.CD,St. Kitts and Nevis,KNA,924579584.630431
"GNI, Atlas method (current US$)",NY.GNP.ATLS.CD,St. Lucia,LCA,1705217012.06565
"GNI, Atlas method (current US$)",NY.GNP.ATLS.CD,St. Martin (French part),MAF,..
"GNI, Atlas method (current US$)",NY.GNP.ATLS.CD,St. Vincent and the Grenadines,VCT,795676177.999378
"GNI, Atlas method (current US$)",NY.GNP.ATLS.CD,Sudan,SDN,47072397102.7486
"GNI, Atlas method (current US$)",NY.GNP.ATLS.CD,Suriname,SUR,3917330138.77433
"GNI, Atlas method (current US$)",NY.GNP.ATLS.CD,Eswatini,SWZ,3759665772.91948
"GNI, Atlas method (current US$)",NY.GNP.ATLS.CD,Sweden,SWE,534380743172.318
"GNI, Atlas method (current US$)",NY.GNP.ATLS.CD,Switzerland,CHE,697964612966.47
"GNI, Atlas method (current US$)",NY.GNP.ATLS.CD,Syrian Arab Republic,SYR,14481686882.6268
"GNI, Atlas method (current US$)",NY.GNP.ATLS.CD,Tajikistan,TJK,9656683965.39559
"GNI, Atlas method (current US$)",NY.GNP.ATLS.CD,Tanzania,TZA,50244433860.4284
"GNI, Atlas method (current US$)",NY.GNP.ATLS.CD,Thailand,THA,393271083168.625
"GNI, Atlas method (current US$)",NY.GNP.ATLS.CD,Timor-Leste,TLS,2122760848.64528
"GNI, Atlas method (current US$)",NY.GNP.ATLS.CD,Togo,TGO,6258871779.19796
"GNI, Atlas method (current US$)",NY.GNP.ATLS.CD,Tonga,TON,451354806.255533
"GNI, Atlas method (current US$)",NY.GNP.ATLS.CD,Trinidad and Tobago,TTO,24198103360.0298
"GNI, Atlas method (current US$)",NY.GNP.ATLS.CD,Tunisia,TUN,45269741791.18
"GNI, Atlas method (current US$)",NY.GNP.ATLS.CD,Turkiye,TUR,899915506338.435
"GNI, Atlas method (current US$)",NY.GNP.ATLS.CD,Turkmenistan,TKM,38647183423.6521
"GNI, Atlas method (current US$)",NY.GNP.ATLS.CD,Turks and Caicos Islands,TCA,1103943473.04062
"GNI, Atlas method (current US$)",NY.GNP.ATLS.CD,Tuvalu,TUV,59563672.5203933
"GNI, Atlas method (current US$)",NY.GNP.ATLS.CD,Uganda,UGA,31612983047.5886
"GNI, Atlas method (current US$)",NY.GNP.ATLS.CD,Ukraine,UKR,100779533554.926
"GNI, Atlas method (current US$)",NY.GNP.ATLS.CD,United Arab Emirates,ARE,412647618371.292
"GNI, Atlas method (current US$)",NY.GNP.ATLS.CD,United Kingdom,GBR,2841567896378.05
"GNI, Atlas method (current US$)",NY.GNP.ATLS.CD,United States,USA,18456327233279.6
"GNI, Atlas method (current US$)",NY.GNP.ATLS.CD,Uruguay,URY,55711495298.0031
"GNI, Atlas method (current US$)",NY.GNP.ATLS.CD,Uzbekistan,UZB,88829120450.3141
"GNI, Atlas method (current US$)",NY.GNP.ATLS.CD,Vanuatu,VUT,808642308.155731
"GNI, Atlas method (current US$)",NY.GNP.ATLS.CD,"Venezuela, RB",VEN,113183379393.529
"GNI, Atlas method (current US$)",NY.GNP.ATLS.CD,Viet Nam,VNM,240485782014.193
"GNI, Atlas method (current US$)",NY.GNP.ATLS.CD,Virgin Islands (U.S.),VIR,..
"GNI, Atlas method (current US$)",NY.GNP.ATLS.CD,West Bank and Gaza,PSE,17032221491.36
"GNI, Atlas method (current US$)",NY.GNP.ATLS.CD,"Yemen, Rep.",YEM,31072960602.1034
"GNI, Atlas method (current US$)",NY.GNP.ATLS.CD,Zambia,ZMB,22389749581.9771
"GNI, Atlas method (current US$)",NY.GNP.ATLS.CD,Zimbabwe,ZWE,18111870262.9731
"GNI per capita, Atlas method (current US$)",NY.GNP.PCAP.CD,Afghanistan,AFG,560
"GNI per capita, Atlas method (current US$)",NY.GNP.PCAP.CD,Albania,ALB,4670
"GNI per capita, Atlas method (current US$)",NY.GNP.PCAP.CD,Algeria,DZA,4920
"GNI per capita, Atlas method (current US$)",NY.GNP.PCAP.CD,American Samoa,ASM,..
"GNI per capita, Atlas method (current US$)",NY.GNP.PCAP.CD,Andorra,AND,..
"GNI per capita, Atlas method (current US$)",NY.GNP.PCAP.CD,Angola,AGO,2910
"GNI per capita, Atlas method (current US$)",NY.GNP.PCAP.CD,Antigua and Barbuda,ATG,15080
"GNI per capita, Atlas method (current US$)",NY.GNP.PCAP.CD,Argentina,ARG,12130
"GNI per capita, Atlas method (current US$)",NY.GNP.PCAP.CD,Armenia,ARM,3690
"GNI per capita, Atlas method (current US$)",NY.GNP.PCAP.CD,Aruba,ABW,25560
"GNI per capita, Atlas method (current US$)",NY.GNP.PCAP.CD,Australia,AUS,54330
"GNI per capita, Atlas method (current US$)",NY.GNP.PCAP.CD,Austria,AUT,45980
"GNI per capita, Atlas method (current US$)",NY.GNP.PCAP.CD,Azerbaijan,AZE,4790
"GNI per capita, Atlas method (current US$)",NY.GNP.PCAP.CD,"Bahamas, The",BHS,27820
"GNI per capita, Atlas method (current US$)",NY.GNP.PCAP.CD,Bahrain,BHR,22720
"GNI per capita, Atlas method (current US$)",NY.GNP.PCAP.CD,Bangladesh,BGD,1400
"GNI per capita, Atlas method (current US$)",NY.GNP.PCAP.CD,Barbados,BRB,19200
"GNI per capita, Atlas method (current US$)",NY.GNP.PCAP.CD,Belarus,BLR,5640
"GNI per capita, Atlas method (current US$)",NY.GNP.PCAP.CD,Belgium,BEL,43240
"GNI per capita, Atlas method (current US$)",NY.GNP.PCAP.CD,Belize,BLZ,5640
"GNI per capita, Atlas method (current US$)",NY.GNP.PCAP.CD,Benin,BEN,1040
"GNI per capita, Atlas method (current US$)",NY.GNP.PCAP.CD,Bermuda,BMU,105430
"GNI per capita, Atlas method (current US$)",NY.GNP.PCAP.CD,Bhutan,BTN,2880
"GNI per capita, Atlas method (current US$)",NY.GNP.PCAP.CD,Bolivia,BOL,3000
"GNI per capita, Atlas method (current US$)",NY.GNP.PCAP.CD,Bosnia and Herzegovina,BIH,5070
"GNI per capita, Atlas method (current US$)",NY.GNP.PCAP.CD,Botswana,BWA,6060
"GNI per capita, Atlas method (current US$)",NY.GNP.PCAP.CD,Brazil,BRA,9050
"GNI per capita, Atlas method (current US$)",NY.GNP.PCAP.CD,British Virgin Islands,VGB,..
"GNI per capita, Atlas method (current US$)",NY.GNP.PCAP.CD,Brunei Darussalam,BRN,32570
"GNI per capita, Atlas method (current US$)",NY.GNP.PCAP.CD,Bulgaria,BGR,7630
"GNI per capita, Atlas method (current US$)",NY.GNP.PCAP.CD,Burkina Faso,BFA,650
"GNI per capita, Atlas method (current US$)",NY.GNP.PCAP.CD,Burundi,BDI,240
"GNI per capita, Atlas method (current US$)",NY.GNP.PCAP.CD,Cabo Verde,CPV,3580
"GNI per capita, Atlas method (current US$)",NY.GNP.PCAP.CD,Cambodia,KHM,1550
"GNI per capita, Atlas method (current US$)",NY.GNP.PCAP.CD,Cameroon,CMR,1470
"GNI per capita, Atlas method (current US$)",NY.GNP.PCAP.CD,Canada,CAN,43900
"GNI per capita, Atlas method (current US$)",NY.GNP.PCAP.CD,Cayman Islands,CYM,47830
"GNI per capita, Atlas method (current US$)",NY.GNP.PCAP.CD,Central African Republic,CAF,400
"GNI per capita, Atlas method (current US$)",NY.GNP.PCAP.CD,Chad,TCD,940
"GNI per capita, Atlas method (current US$)",NY.GNP.PCAP.CD,Channel Islands,CHI,..
"GNI per capita, Atlas method (current US$)",NY.GNP.PCAP.CD,Chile,CHL,13310
"GNI per capita, Atlas method (current US$)",NY.GNP.PCAP.CD,China,CHN,8360
"GNI per capita, Atlas method (current US$)",NY.GNP.PCAP.CD,Colombia,COL,6560
"GNI per capita, Atlas method (current US$)",NY.GNP.PCAP.CD,Comoros,COM,1410
"GNI per capita, Atlas method (current US$)",NY.GNP.PCAP.CD,"Congo, Dem. Rep.",COD,460
"GNI per capita, Atlas method (current US$)",NY.GNP.PCAP.CD,"Congo, Rep.",COG,2260
"GNI per capita, Atlas method (current US$)",NY.GNP.PCAP.CD,Costa Rica,CRI,11170
"GNI per capita, Atlas method (current US$)",NY.GNP.PCAP.CD,Cote d'Ivoire,CIV,1880
"GNI per capita, Atlas method (current US$)",NY.GNP.PCAP.CD,Croatia,HRV,13080
"GNI per capita, Atlas method (current US$)",NY.GNP.PCAP.CD,Cuba,CUB,7530
"GNI per capita, Atlas method (current US$)",NY.GNP.PCAP.CD,Curacao,CUW,18260
"GNI per capita, Atlas method (current US$)",NY.GNP.PCAP.CD,Cyprus,CYP,24400
"GNI per capita, Atlas method (current US$)",NY.GNP.PCAP.CD,Czechia,CZE,17660
"GNI per capita, Atlas method (current US$)",NY.GNP.PCAP.CD,Denmark,DNK,57830
"GNI per capita, Atlas method (current US$)",NY.GNP.PCAP.CD,Djibouti,DJI,2370
"GNI per capita, Atlas method (current US$)",NY.GNP.PCAP.CD,Dominica,DMA,8000
"GNI per capita, Atlas method (current US$)",NY.GNP.PCAP.CD,Dominican Republic,DOM,6750
"GNI per capita, Atlas method (current US$)",NY.GNP.PCAP.CD,Ecuador,ECU,5750
"GNI per capita, Atlas method (current US$)",NY.GNP.PCAP.CD,"Egypt, Arab Rep.",EGY,3200
"GNI per capita, Atlas method (current US$)",NY.GNP.PCAP.CD,El Salvador,SLV,3600
"GNI per capita, Atlas method (current US$)",NY.GNP.PCAP.CD,Equatorial Guinea,GNQ,6660
"GNI per capita, Atlas method (current US$)",NY.GNP.PCAP.CD,Eritrea,ERI,..
"GNI per capita, Atlas method (current US$)",NY.GNP.PCAP.CD,Estonia,EST,18640
"GNI per capita, Atlas method (current US$)",NY.GNP.PCAP.CD,Ethiopia,ETH,620
"GNI per capita, Atlas method (current US$)",NY.GNP.PCAP.CD,Faroe Islands,FRO,57410
"GNI per capita, Atlas method (current US$)",NY.GNP.PCAP.CD,Fiji,FJI,5010
"GNI per capita, Atlas method (current US$)",NY.GNP.PCAP.CD,Finland,FIN,45160
"GNI per capita, Atlas method (current US$)",NY.GNP.PCAP.CD,France,FRA,39020
"GNI per capita, Atlas method (current US$)",NY.GNP.PCAP.CD,French Polynesia,PYF,22170
"GNI per capita, Atlas method (current US$)",NY.GNP.PCAP.CD,Gabon,GAB,6770
"GNI per capita, Atlas method (current US$)",NY.GNP.PCAP.CD,"Gambia, The",GMB,590
"GNI per capita, Atlas method (current US$)",NY.GNP.PCAP.CD,Georgia,GEO,4180
"GNI per capita, Atlas method (current US$)",NY.GNP.PCAP.CD,Germany,DEU,45340
"GNI per capita, Atlas method (current US$)",NY.GNP.PCAP.CD,Ghana,GHA,1760
"GNI per capita, Atlas method (current US$)",NY.GNP.PCAP.CD,Gibraltar,GIB,..
"GNI per capita, Atlas method (current US$)",NY.GNP.PCAP.CD,Greece,GRC,18500
"GNI per capita, Atlas method (current US$)",NY.GNP.PCAP.CD,Greenland,GRL,..
"GNI per capita, Atlas method (current US$)",NY.GNP.PCAP.CD,Grenada,GRD,8000
"GNI per capita, Atlas method (current US$)",NY.GNP.PCAP.CD,Guam,GUM,..
"GNI per capita, Atlas method (current US$)",NY.GNP.PCAP.CD,Guatemala,GTM,3760
"GNI per capita, Atlas method (current US$)",NY.GNP.PCAP.CD,Guinea,GIN,760
"GNI per capita, Atlas method (current US$)",NY.GNP.PCAP.CD,Guinea-Bissau,GNB,670
"GNI per capita, Atlas method (current US$)",NY.GNP.PCAP.CD,Guyana,GUY,5610
"GNI per capita, Atlas method (current US$)",NY.GNP.PCAP.CD,Haiti,HTI,1380
"GNI per capita, Atlas method (current US$)",NY.GNP.PCAP.CD,Honduras,HND,2090
"GNI per capita, Atlas method (current US$)",NY.GNP.PCAP.CD,"Hong Kong SAR, China",HKG,42970
"GNI per capita, Atlas method (current US$)",NY.GNP.PCAP.CD,Hungary,HUN,13230
"GNI per capita, Atlas method (current US$)",NY.GNP.PCAP.CD,Iceland,ISL,58410
"GNI per capita, Atlas method (current US$)",NY.GNP.PCAP.CD,India,IND,1670
"GNI per capita, Atlas method (current US$)",NY.GNP.PCAP.CD,Indonesia,IDN,3370
"GNI per capita, Atlas method (current US$)",NY.GNP.PCAP.CD,"Iran, Islamic Rep.",IRN,5530
"GNI per capita, Atlas method (current US$)",NY.GNP.PCAP.CD,Iraq,IRQ,5060
"GNI per capita, Atlas method (current US$)",NY.GNP.PCAP.CD,Ireland,IRL,52880
"GNI per capita, Atlas method (current US$)",NY.GNP.PCAP.CD,Isle of Man,IMN,78690
"GNI per capita, Atlas method (current US$)",NY.GNP.PCAP.CD,Israel,ISR,37310
"GNI per capita, Atlas method (current US$)",NY.GNP.PCAP.CD,Italy,ITA,32400
"GNI per capita, Atlas method (current US$)",NY.GNP.PCAP.CD,Jamaica,JAM,4990
"GNI per capita, Atlas method (current US$)",NY.GNP.PCAP.CD,Japan,JPN,38460
"GNI per capita, Atlas method (current US$)",NY.GNP.PCAP.CD,Jordan,JOR,3810
"GNI per capita, Atlas method (current US$)",NY.GNP.PCAP.CD,Kazakhstan,KAZ,8500
"GNI per capita, Atlas method (current US$)",NY.GNP.PCAP.CD,Kenya,KEN,1490
"GNI per capita, Atlas method (current US$)",NY.GNP.PCAP.CD,Kiribati,KIR,2990
"GNI per capita, Atlas method (current US$)",NY.GNP.PCAP.CD,"Korea, Dem. People's Rep.",PRK,..
"GNI per capita, Atlas method (current US$)",NY.GNP.PCAP.CD,"Korea, Rep.",KOR,30850
"GNI per capita, Atlas method (current US$)",NY.GNP.PCAP.CD,Kosovo,XKX,3930
"GNI per capita, Atlas method (current US$)",NY.GNP.PCAP.CD,Kuwait,KWT,34920
"GNI per capita, Atlas method (current US$)",NY.GNP.PCAP.CD,Kyrgyz Republic,KGZ,1090
"GNI per capita, Atlas method (current US$)",NY.GNP.PCAP.CD,Lao PDR,LAO,2110
"GNI per capita, Atlas method (current US$)",NY.GNP.PCAP.CD,Latvia,LVA,14300
"GNI per capita, Atlas method (current US$)",NY.GNP.PCAP.CD,Lebanon,LBN,7670
"GNI per capita, Atlas method (current US$)",NY.GNP.PCAP.CD,Lesotho,LSO,1240
"GNI per capita, Atlas method (current US$)",NY.GNP.PCAP.CD,Liberia,LBR,610
"GNI per capita, Atlas method (current US$)",NY.GNP.PCAP.CD,Libya,LBY,7670
"GNI per capita, Atlas method (current US$)",NY.GNP.PCAP.CD,Liechtenstein,LIE,..
"GNI per capita, Atlas method (current US$)",NY.GNP.PCAP.CD,Lithuania,LTU,14890
"GNI per capita, Atlas method (current US$)",NY.GNP.PCAP.CD,Luxembourg,LUX,73730
"GNI per capita, Atlas method (current US$)",NY.GNP.PCAP.CD,"Macao SAR, China",MAC,59670
"GNI per capita, Atlas method (current US$)",NY.GNP.PCAP.CD,North Macedonia,MKD,5440
"GNI per capita, Atlas method (current US$)",NY.GNP.PCAP.CD,Madagascar,MDG,450
"GNI per capita, Atlas method (current US$)",NY.GNP.PCAP.CD,Malawi,MWI,490
"GNI per capita, Atlas method (current US$)",NY.GNP.PCAP.CD,Malaysia,MYS,9800
"GNI per capita, Atlas method (current US$)",NY.GNP.PCAP.CD,Maldives,MDV,8720
"GNI per capita, Atlas method (current US$)",NY.GNP.PCAP.CD,Mali,MLI,870
"GNI per capita, Atlas method (current US$)",NY.GNP.PCAP.CD,Malta,MLT,23820
"GNI per capita, Atlas method (current US$)",NY.GNP.PCAP.CD,Marshall Islands,MHL,5060
"GNI per capita, Atlas method (current US$)",NY.GNP.PCAP.CD,Mauritania,MRT,1540
"GNI per capita, Atlas method (current US$)",NY.GNP.PCAP.CD,Mauritius,MUS,10650
"GNI per capita, Atlas method (current US$)",NY.GNP.PCAP.CD,Mexico,MEX,9740
"GNI per capita, Atlas method (current US$)",NY.GNP.PCAP.CD,"Micronesia, Fed. Sts.",FSM,3390
"GNI per capita, Atlas method (current US$)",NY.GNP.PCAP.CD,Moldova,MDA,3170
"GNI per capita, Atlas method (current US$)",NY.GNP.PCAP.CD,Monaco,MCO,..
"GNI per capita, Atlas method (current US$)",NY.GNP.PCAP.CD,Mongolia,MNG,3460
"GNI per capita, Atlas method (current US$)",NY.GNP.PCAP.CD,Montenegro,MNE,7020
"GNI per capita, Atlas method (current US$)",NY.GNP.PCAP.CD,Morocco,MAR,3150
"GNI per capita, Atlas method (current US$)",NY.GNP.PCAP.CD,Mozambique,MOZ,550
"GNI per capita, Atlas method (current US$)",NY.GNP.PCAP.CD,Myanmar,MMR,1230
"GNI per capita, Atlas method (current US$)",NY.GNP.PCAP.CD,Namibia,NAM,4580
"GNI per capita, Atlas method (current US$)",NY.GNP.PCAP.CD,Nauru,NRU,11680
"GNI per capita, Atlas method (current US$)",NY.GNP.PCAP.CD,Nepal,NPL,860
"GNI per capita, Atlas method (current US$)",NY.GNP.PCAP.CD,Netherlands,NLD,46960
"GNI per capita, Atlas method (current US$)",NY.GNP.PCAP.CD,New Caledonia,NCL,..
"GNI per capita, Atlas method (current US$)",NY.GNP.PCAP.CD,New Zealand,NZL,39460
"GNI per capita, Atlas method (current US$)",NY.GNP.PCAP.CD,Nicaragua,NIC,1980
"GNI per capita, Atlas method (current US$)",NY.GNP.PCAP.CD,Niger,NER,530
"GNI per capita, Atlas method (current US$)",NY.GNP.PCAP.CD,Nigeria,NGA,2370
"GNI per capita, Atlas method (current US$)",NY.GNP.PCAP.CD,Northern Mariana Islands,MNP,..
"GNI per capita, Atlas method (current US$)",NY.GNP.PCAP.CD,Norway,NOR,81870
"GNI per capita, Atlas method (current US$)",NY.GNP.PCAP.CD,Oman,OMN,18550
"GNI per capita, Atlas method (current US$)",NY.GNP.PCAP.CD,Pakistan,PAK,1360
"GNI per capita, Atlas method (current US$)",NY.GNP.PCAP.CD,Palau,PLW,15000
"GNI per capita, Atlas method (current US$)",NY.GNP.PCAP.CD,Panama,PAN,13180
"GNI per capita, Atlas method (current US$)",NY.GNP.PCAP.CD,Papua New Guinea,PNG,2410
"GNI per capita, Atlas method (current US$)",NY.GNP.PCAP.CD,Paraguay,PRY,5880
"GNI per capita, Atlas method (current US$)",NY.GNP.PCAP.CD,Peru,PER,6130
"GNI per capita, Atlas method (current US$)",NY.GNP.PCAP.CD,Philippines,PHL,3350
"GNI per capita, Atlas method (current US$)",NY.GNP.PCAP.CD,Poland,POL,12740
"GNI per capita, Atlas method (current US$)",NY.GNP.PCAP.CD,Portugal,PRT,19950
"GNI per capita, Atlas method (current US$)",NY.GNP.PCAP.CD,Puerto Rico (US),PRI,19290
"GNI per capita, Atlas method (current US$)",NY.GNP.PCAP.CD,Qatar,QAT,69170
"GNI per capita, Atlas method (current US$)",NY.GNP.PCAP.CD,Romania,ROU,9460
"GNI per capita, Atlas method (current US$)",NY.GNP.PCAP.CD,Russian Federation,RUS,9680
"GNI per capita, Atlas method (current US$)",NY.GNP.PCAP.CD,Rwanda,RWA,730
"GNI per capita, Atlas method (current US$)",NY.GNP.PCAP.CD,Samoa,WSM,4120
"GNI per capita, Atlas method (current US$)",NY.GNP.PCAP.CD,San Marino,SMR,..
"GNI per capita, Atlas method (current US$)",NY.GNP.PCAP.CD,Sao Tome and Principe,STP,1420
"GNI per capita, Atlas method (current US$)",NY.GNP.PCAP.CD,Saudi Arabia,SAU,23940
"GNI per capita, Atlas method (current US$)",NY.GNP.PCAP.CD,Senegal,SEN,1270
"GNI per capita, Atlas method (current US$)",NY.GNP.PCAP.CD,Serbia,SRB,5920
"GNI per capita, Atlas method (current US$)",NY.GNP.PCAP.CD,Seychelles,SYC,15630
"GNI per capita, Atlas method (current US$)",NY.GNP.PCAP.CD,Sierra Leone,SLE,930
"GNI per capita, Atlas method (current US$)",NY.GNP.PCAP.CD,Singapore,SGP,53470
"GNI per capita, Atlas method (current US$)",NY.GNP.PCAP.CD,Sint Maarten (Dutch part),SXM,35260
"GNI per capita, Atlas method (current US$)",NY.GNP.PCAP.CD,Slovak Republic,SVK,16900
"GNI per capita, Atlas method (current US$)",NY.GNP.PCAP.CD,Slovenia,SVN,21610
"GNI per capita, Atlas method (current US$)",NY.GNP.PCAP.CD,Solomon Islands,SLB,2000
"GNI per capita, Atlas method (current US$)",NY.GNP.PCAP.CD,"Somalia, Fed. Rep.",SOM,450
"GNI per capita, Atlas method (current US$)",NY.GNP.PCAP.CD,South Africa,ZAF,5880
"GNI per capita, Atlas method (current US$)",NY.GNP.PCAP.CD,South Sudan,SSD,..
"GNI per capita, Atlas method (current US$)",NY.GNP.PCAP.CD,Spain,ESP,27760
"GNI per capita, Atlas method (current US$)",NY.GNP.PCAP.CD,Sri Lanka,LKA,4020
"GNI per capita, Atlas method (current US$)",NY.GNP.PCAP.CD,St. Kitts and Nevis,KNA,19640
"GNI per capita, Atlas method (current US$)",NY.GNP.PCAP.CD,St. Lucia,LCA,9710
"GNI per capita, Atlas method (current US$)",NY.GNP.PCAP.CD,St. Martin (French part),MAF,..
"GNI per capita, Atlas method (current US$)",NY.GNP.PCAP.CD,St. Vincent and the Grenadines,VCT,7480
"GNI per capita, Atlas method (current US$)",NY.GNP.PCAP.CD,Sudan,SDN,1140
"GNI per capita, Atlas method (current US$)",NY.GNP.PCAP.CD,Suriname,SUR,6660
"GNI per capita, Atlas method (current US$)",NY.GNP.PCAP.CD,Eswatini,SWZ,3270
"GNI per capita, Atlas method (current US$)",NY.GNP.PCAP.CD,Sweden,SWE,53850
"GNI per capita, Atlas method (current US$)",NY.GNP.PCAP.CD,Switzerland,CHE,83360
"GNI per capita, Atlas method (current US$)",NY.GNP.PCAP.CD,Syrian Arab Republic,SYR,750
"GNI per capita, Atlas method (current US$)",NY.GNP.PCAP.CD,Tajikistan,TJK,1090
"GNI per capita, Atlas method (current US$)",NY.GNP.PCAP.CD,Tanzania,TZA,960
"GNI per capita, Atlas method (current US$)",NY.GNP.PCAP.CD,Thailand,THA,5550
"GNI per capita, Atlas method (current US$)",NY.GNP.PCAP.CD,Timor-Leste,TLS,1730
"GNI per capita, Atlas method (current US$)",NY.GNP.PCAP.CD,Togo,TGO,800
"GNI per capita, Atlas method (current US$)",NY.GNP.PCAP.CD,Tonga,TON,4280
"GNI per capita, Atlas method (current US$)",NY.GNP.PCAP.CD,Trinidad and Tobago,TTO,17870
"GNI per capita, Atlas method (current US$)",NY.GNP.PCAP.CD,Tunisia,TUN,3930
"GNI per capita, Atlas method (current US$)",NY.GNP.PCAP.CD,Turkiye,TUR,11350
"GNI per capita, Atlas method (current US$)",NY.GNP.PCAP.CD,Turkmenistan,TKM,6080
"GNI per capita, Atlas method (current US$)",NY.GNP.PCAP.CD,Turks and Caicos Islands,TCA,28810
"GNI per capita, Atlas method (current US$)",NY.GNP.PCAP.CD,Tuvalu,TUV,5450
"GNI per capita, Atlas method (current US$)",NY.GNP.PCAP.CD,Uganda,UGA,810
"GNI per capita, Atlas method (current US$)",NY.GNP.PCAP.CD,Ukraine,UKR,2330
"GNI per capita, Atlas method (current US$)",NY.GNP.PCAP.CD,United Arab Emirates,ARE,46180
"GNI per capita, Atlas method (current US$)",NY.GNP.PCAP.CD,United Kingdom,GBR,43310
"GNI per capita, Atlas method (current US$)",NY.GNP.PCAP.CD,United States,USA,56900
"GNI per capita, Atlas method (current US$)",NY.GNP.PCAP.CD,Uruguay,URY,16490
"GNI per capita, Atlas method (current US$)",NY.GNP.PCAP.CD,Uzbekistan,UZB,2840
"GNI per capita, Atlas method (current US$)",NY.GNP.PCAP.CD,Vanuatu,VUT,2970
"GNI per capita, Atlas method (current US$)",NY.GNP.PCAP.CD,"Venezuela, RB",VEN,3680
"GNI per capita, Atlas method (current US$)",NY.GNP.PCAP.CD,Viet Nam,VNM,2560
"GNI per capita, Atlas method (current US$)",NY.GNP.PCAP.CD,Virgin Islands (U.S.),VIR,..
"GNI per capita, Atlas method (current US$)",NY.GNP.PCAP.CD,West Bank and Gaza,PSE,3900
"GNI per capita, Atlas method (current US$)",NY.GNP.PCAP.CD,"Yemen, Rep.",YEM,970
"GNI per capita, Atlas method (current US$)",NY.GNP.PCAP.CD,Zambia,ZMB,1320
"GNI per capita, Atlas method (current US$)",NY.GNP.PCAP.CD,Zimbabwe,ZWE,1240
"GNI, PPP (current international $)",NY.GNP.MKTP.PP.CD,Afghanistan,AFG,77790300893.8725
"GNI, PPP (current international $)",NY.GNP.MKTP.PP.CD,Albania,ALB,33273569255.3288
"GNI, PPP (current international $)",NY.GNP.MKTP.PP.CD,Algeria,DZA,545393972006.106
"GNI, PPP (current international $)",NY.GNP.MKTP.PP.CD,American Samoa,ASM,..
"GNI, PPP (current international $)",NY.GNP.MKTP.PP.CD,Andorra,AND,..
"GNI, PPP (current international $)",NY.GNP.MKTP.PP.CD,Angola,AGO,216244553633.198
"GNI, PPP (current international $)",NY.GNP.MKTP.PP.CD,Antigua and Barbuda,ATG,1792750662.72916
"GNI, PPP (current international $)",NY.GNP.MKTP.PP.CD,Argentina,ARG,863207236895.477
"GNI, PPP (current international $)",NY.GNP.MKTP.PP.CD,Armenia,ARM,32364395080.3965
"GNI, PPP (current international $)",NY.GNP.MKTP.PP.CD,Aruba,ABW,3748949816.13048
"GNI, PPP (current international $)",NY.GNP.MKTP.PP.CD,Australia,AUS,1120633918006.06
"GNI, PPP (current international $)",NY.GNP.MKTP.PP.CD,Austria,AUT,457586709759.297
"GNI, PPP (current international $)",NY.GNP.MKTP.PP.CD,Azerbaijan,AZE,133314014398.87
"GNI, PPP (current international $)",NY.GNP.MKTP.PP.CD,"Bahamas, The",BHS,11942158277.36
"GNI, PPP (current international $)",NY.GNP.MKTP.PP.CD,Bahrain,BHR,63947711232.7998
"GNI, PPP (current international $)",NY.GNP.MKTP.PP.CD,Bangladesh,BGD,770879103187.534
"GNI, PPP (current international $)",NY.GNP.MKTP.PP.CD,Barbados,BRB,5152235010.26856
"GNI, PPP (current international $)",NY.GNP.MKTP.PP.CD,Belarus,BLR,160900350090.374
"GNI, PPP (current international $)",NY.GNP.MKTP.PP.CD,Belgium,BEL,553524342166.756
"GNI, PPP (current international $)",NY.GNP.MKTP.PP.CD,Belize,BLZ,3258275977.10252
"GNI, PPP (current international $)",NY.GNP.MKTP.PP.CD,Benin,BEN,33139256276.3922
"GNI, PPP (current international $)",NY.GNP.MKTP.PP.CD,Bermuda,BMU,5246908291.18516
"GNI, PPP (current international $)",NY.GNP.MKTP.PP.CD,Bhutan,BTN,7767567930.1109
"GNI, PPP (current international $)",NY.GNP.MKTP.PP.CD,Bolivia,BOL,101782354815.691
"GNI, PPP (current international $)",NY.GNP.MKTP.PP.CD,Bosnia and Herzegovina,BIH,41837134274.4552
"GNI, PPP (current international $)",NY.GNP.MKTP.PP.CD,Botswana,BWA,33163187364.1
"GNI, PPP (current international $)",NY.GNP.MKTP.PP.CD,Brazil,BRA,2846197824917.46
"GNI, PPP (current international $)",NY.GNP.MKTP.PP.CD,British Virgin Islands,VGB,..
"GNI, PPP (current international $)",NY.GNP.MKTP.PP.CD,Brunei Darussalam,BRN,26009280715.0338
"GNI, PPP (current international $)",NY.GNP.MKTP.PP.CD,Bulgaria,BGR,128940657861.316
"GNI, PPP (current international $)",NY.GNP.MKTP.PP.CD,Burkina Faso,BFA,34762910787.0786
"GNI, PPP (current international $)",NY.GNP.MKTP.PP.CD,Burundi,BDI,8585942173.20767
"GNI, PPP (current international $)",NY.GNP.MKTP.PP.CD,Cabo Verde,CPV,3646587315.33736
"GNI, PPP (current international $)",NY.GNP.MKTP.PP.CD,Cambodia,KHM,72297997974.0618
"GNI, PPP (current international $)",NY.GNP.MKTP.PP.CD,Cameroon,CMR,83664911616.3662
"GNI, PPP (current international $)",NY.GNP.MKTP.PP.CD,Canada,CAN,1657591887626.39
"GNI, PPP (current international $)",NY.GNP.MKTP.PP.CD,Cayman Islands,CYM,2619514300.11203
"GNI, PPP (current international $)",NY.GNP.MKTP.PP.CD,Central African Republic,CAF,3942112928.35926
"GNI, PPP (current international $)",NY.GNP.MKTP.PP.CD,Chad,TCD,31586636734.0096
"GNI, PPP (current international $)",NY.GNP.MKTP.PP.CD,Channel Islands,CHI,..
"GNI, PPP (current international $)",NY.GNP.MKTP.PP.CD,Chile,CHL,413012764323.289
"GNI, PPP (current international $)",NY.GNP.MKTP.PP.CD,China,CHN,19551764868088.8
"GNI, PPP (current international $)",NY.GNP.MKTP.PP.CD,Colombia,COL,658039414706.677
"GNI, PPP (current international $)",NY.GNP.MKTP.PP.CD,Comoros,COM,2341051172.79661
"GNI, PPP (current international $)",NY.GNP.MKTP.PP.CD,"Congo, Dem. Rep.",COD,78129240680.8212
"GNI, PPP (current international $)",NY.GNP.MKTP.PP.CD,"Congo, Rep.",COG,20224120130.4975
"GNI, PPP (current international $)",NY.GNP.MKTP.PP.CD,Costa Rica,CRI,89513475335.587
"GNI, PPP (current international $)",NY.GNP.MKTP.PP.CD,Cote d'Ivoire,CIV,115130993832.18
"GNI, PPP (current international $)",NY.GNP.MKTP.PP.CD,Croatia,HRV,97013318178.8196
"GNI, PPP (current international $)",NY.GNP.MKTP.PP.CD,Cuba,CUB,..
"GNI, PPP (current international $)",NY.GNP.MKTP.PP.CD,Curacao,CUW,3704781412.94964
"GNI, PPP (current international $)",NY.GNP.MKTP.PP.CD,Cyprus,CYP,27364367643.1171
"GNI, PPP (current international $)",NY.GNP.MKTP.PP.CD,Czechia,CZE,356471034544.78
"GNI, PPP (current international $)",NY.GNP.MKTP.PP.CD,Denmark,DNK,304284296177.775
"GNI, PPP (current international $)",NY.GNP.MKTP.PP.CD,Djibouti,DJI,4457233321.50236
"GNI, PPP (current international $)",NY.GNP.MKTP.PP.CD,Dominica,DMA,870951698.858091
"GNI, PPP (current international $)",NY.GNP.MKTP.PP.CD,Dominican Republic,DOM,164403135385.462
"GNI, PPP (current international $)",NY.GNP.MKTP.PP.CD,Ecuador,ECU,176153185406.284
"GNI, PPP (current international $)",NY.GNP.MKTP.PP.CD,"Egypt, Arab Rep.",EGY,1069524989723.49
"GNI, PPP (current international $)",NY.GNP.MKTP.PP.CD,El Salvador,SLV,49730228036.5628
"GNI, PPP (current international $)",NY.GNP.MKTP.PP.CD,Equatorial Guinea,GNQ,19456870395.8154
"GNI, PPP (current international $)",NY.GNP.MKTP.PP.CD,Eritrea,ERI,..
"GNI, PPP (current international $)",NY.GNP.MKTP.PP.CD,Estonia,EST,41160634954.3146
"GNI, PPP (current international $)",NY.GNP.MKTP.PP.CD,Ethiopia,ETH,197586705772.362
"GNI, PPP (current international $)",NY.GNP.MKTP.PP.CD,Faroe Islands,FRO,2784848334.94823
"GNI, PPP (current international $)",NY.GNP.MKTP.PP.CD,Fiji,FJI,10206801498.4657
"GNI, PPP (current international $)",NY.GNP.MKTP.PP.CD,Finland,FIN,245945316978.755
"GNI, PPP (current international $)",NY.GNP.MKTP.PP.CD,France,FRA,2918879960617.61
"GNI, PPP (current international $)",NY.GNP.MKTP.PP.CD,French Polynesia,PYF,..
"GNI, PPP (current international $)",NY.GNP.MKTP.PP.CD,Gabon,GAB,27116527895.5201
"GNI, PPP (current international $)",NY.GNP.MKTP.PP.CD,"Gambia, The",GMB,4510338615.19933
"GNI, PPP (current international $)",NY.GNP.MKTP.PP.CD,Georgia,GEO,46495073155.0409
"GNI, PPP (current international $)",NY.GNP.MKTP.PP.CD,Germany,DEU,4368046845103.96
"GNI, PPP (current international $)",NY.GNP.MKTP.PP.CD,Ghana,GHA,141337268710.443
"GNI, PPP (current international $)",NY.GNP.MKTP.PP.CD,Gibraltar,GIB,..
"GNI, PPP (current international $)",NY.GNP.MKTP.PP.CD,Greece,GRC,293037835128.615
"GNI, PPP (current international $)",NY.GNP.MKTP.PP.CD,Greenland,GRL,..
"GNI, PPP (current international $)",NY.GNP.MKTP.PP.CD,Grenada,GRD,1462955956.1401
"GNI, PPP (current international $)",NY.GNP.MKTP.PP.CD,Guam,GUM,..
"GNI, PPP (current international $)",NY.GNP.MKTP.PP.CD,Guatemala,GTM,146464752068.307
"GNI, PPP (current international $)",NY.GNP.MKTP.PP.CD,Guinea,GIN,26904454027.6037
"GNI, PPP (current international $)",NY.GNP.MKTP.PP.CD,Guinea-Bissau,GNB,3389358587.79474
"GNI, PPP (current international $)",NY.GNP.MKTP.PP.CD,Guyana,GUY,8703062025.48157
"GNI, PPP (current international $)",NY.GNP.MKTP.PP.CD,Haiti,HTI,34837480265.1542
"GNI, PPP (current international $)",NY.GNP.MKTP.PP.CD,Honduras,HND,45399704059.0202
"GNI, PPP (current international $)",NY.GNP.MKTP.PP.CD,"Hong Kong SAR, China",HKG,426902050223.732
"GNI, PPP (current international $)",NY.GNP.MKTP.PP.CD,Hungary,HUN,267987006387.463
"GNI, PPP (current international $)",NY.GNP.MKTP.PP.CD,Iceland,ISL,18290558555.509
"GNI, PPP (current international $)",NY.GNP.MKTP.PP.CD,India,IND,7706181204018.37
"GNI, PPP (current international $)",NY.GNP.MKTP.PP.CD,Indonesia,IDN,2628825069015.53
"GNI, PPP (current international $)",NY.GNP.MKTP.PP.CD,"Iran, Islamic Rep.",IRN,1274483267107.27
"GNI, PPP (current international $)",NY.GNP.MKTP.PP.CD,Iraq,IRQ,346000767006.376
"GNI, PPP (current international $)",NY.GNP.MKTP.PP.CD,Ireland,IRL,283308161135.305
"GNI, PPP (current international $)",NY.GNP.MKTP.PP.CD,Isle of Man,IMN,..
"GNI, PPP (current international $)",NY.GNP.MKTP.PP.CD,Israel,ISR,326630380115.037
"GNI, PPP (current international $)",NY.GNP.MKTP.PP.CD,Italy,ITA,2440210322263.84
"GNI, PPP (current international $)",NY.GNP.MKTP.PP.CD,Jamaica,JAM,26836826388.845
"GNI, PPP (current international $)",NY.GNP.MKTP.PP.CD,Japan,JPN,5338418864031.41
"GNI, PPP (current international $)",NY.GNP.MKTP.PP.CD,Jordan,JOR,86863843994.8362
"GNI, PPP (current international $)",NY.GNP.MKTP.PP.CD,Kazakhstan,KAZ,381362825184.343
"GNI, PPP (current international $)",NY.GNP.MKTP.PP.CD,Kenya,KEN,186000269591.319
"GNI, PPP (current international $)",NY.GNP.MKTP.PP.CD,Kiribati,KIR,489141446.839585
"GNI, PPP (current international $)",NY.GNP.MKTP.PP.CD,"Korea, Dem. People's Rep.",PRK,..
"GNI, PPP (current international $)",NY.GNP.MKTP.PP.CD,"Korea, Rep.",KOR,2141790582760.39
"GNI, PPP (current international $)",NY.GNP.MKTP.PP.CD,Kosovo,XKX,16478147987.9339
"GNI, PPP (current international $)",NY.GNP.MKTP.PP.CD,Kuwait,KWT,187196953122.996
"GNI, PPP (current international $)",NY.GNP.MKTP.PP.CD,Kyrgyz Republic,KGZ,26936738702.4326
"GNI, PPP (current international $)",NY.GNP.MKTP.PP.CD,Lao PDR,LAO,44583344866.2946
"GNI, PPP (current international $)",NY.GNP.MKTP.PP.CD,Latvia,LVA,47087028240.1491
"GNI, PPP (current international $)",NY.GNP.MKTP.PP.CD,Lebanon,LBN,117847615338.494
"GNI, PPP (current international $)",NY.GNP.MKTP.PP.CD,Lesotho,LSO,7116435555.77473
"GNI, PPP (current international $)",NY.GNP.MKTP.PP.CD,Liberia,LBR,6501423381.49662
"GNI, PPP (current international $)",NY.GNP.MKTP.PP.CD,Libya,LBY,114179713789.122
"GNI, PPP (current international $)",NY.GNP.MKTP.PP.CD,Liechtenstein,LIE,..
"GNI, PPP (current international $)",NY.GNP.MKTP.PP.CD,Lithuania,LTU,79679561983.2425
"GNI, PPP (current international $)",NY.GNP.MKTP.PP.CD,Luxembourg,LUX,43719406405.0222
"GNI, PPP (current international $)",NY.GNP.MKTP.PP.CD,"Macao SAR, China",MAC,63328084878.0173
"GNI, PPP (current international $)",NY.GNP.MKTP.PP.CD,North Macedonia,MKD,28095480805.0124
"GNI, PPP (current international $)",NY.GNP.MKTP.PP.CD,Madagascar,MDG,39354407588.6816
"GNI, PPP (current international $)",NY.GNP.MKTP.PP.CD,Malawi,MWI,24683438880.3585
"GNI, PPP (current international $)",NY.GNP.MKTP.PP.CD,Malaysia,MYS,781577863648.754
"GNI, PPP (current international $)",NY.GNP.MKTP.PP.CD,Maldives,MDV,7654801124.56947
"GNI, PPP (current international $)",NY.GNP.MKTP.PP.CD,Mali,MLI,47501152885.1243
"GNI, PPP (current international $)",NY.GNP.MKTP.PP.CD,Malta,MLT,15446735165.6404
"GNI, PPP (current international $)",NY.GNP.MKTP.PP.CD,Marshall Islands,MHL,263638846.908151
"GNI, PPP (current international $)",NY.GNP.MKTP.PP.CD,Mauritania,MRT,18788148112.8126
"GNI, PPP (current international $)",NY.GNP.MKTP.PP.CD,Mauritius,MUS,28894705431.3641
"GNI, PPP (current international $)",NY.GNP.MKTP.PP.CD,Mexico,MEX,2393565436264.06
"GNI, PPP (current international $)",NY.GNP.MKTP.PP.CD,"Micronesia, Fed. Sts.",FSM,425722883.550945
"GNI, PPP (current international $)",NY.GNP.MKTP.PP.CD,Moldova,MDA,30562698896.897
"GNI, PPP (current international $)",NY.GNP.MKTP.PP.CD,Monaco,MCO,..
"GNI, PPP (current international $)",NY.GNP.MKTP.PP.CD,Mongolia,MNG,29793059762.4745
"GNI, PPP (current international $)",NY.GNP.MKTP.PP.CD,Montenegro,MNE,10607810623.3211
"GNI, PPP (current international $)",NY.GNP.MKTP.PP.CD,Morocco,MAR,275101766505.828
"GNI, PPP (current international $)",NY.GNP.MKTP.PP.CD,Mozambique,MOZ,36965162204.3397
"GNI, PPP (current international $)",NY.GNP.MKTP.PP.CD,Myanmar,MMR,223681170227.824
"GNI, PPP (current international $)",NY.GNP.MKTP.PP.CD,Namibia,NAM,24391252952.4007
"GNI, PPP (current international $)",NY.GNP.MKTP.PP.CD,Nauru,NRU,156983060.672101
"GNI, PPP (current international $)",NY.GNP.MKTP.PP.CD,Nepal,NPL,84283663269.3559
"GNI, PPP (current international $)",NY.GNP.MKTP.PP.CD,Netherlands,NLD,878515000352.003
"GNI, PPP (current international $)",NY.GNP.MKTP.PP.CD,New Caledonia,NCL,..
"GNI, PPP (current international $)",NY.GNP.MKTP.PP.CD,New Zealand,NZL,182353602478.265
"GNI, PPP (current international $)",NY.GNP.MKTP.PP.CD,Nicaragua,NIC,34912757613.8181
"GNI, PPP (current international $)",NY.GNP.MKTP.PP.CD,Niger,NER,25380000723.662
"GNI, PPP (current international $)",NY.GNP.MKTP.PP.CD,Nigeria,NGA,1367086676593.17
"GNI, PPP (current international $)",NY.GNP.MKTP.PP.CD,Northern Mariana Islands,MNP,..
"GNI, PPP (current international $)",NY.GNP.MKTP.PP.CD,Norway,NOR,323801372250.271
"GNI, PPP (current international $)",NY.GNP.MKTP.PP.CD,Oman,OMN,142339170740.119
"GNI, PPP (current international $)",NY.GNP.MKTP.PP.CD,Pakistan,PAK,1002030923785.33
"GNI, PPP (current international $)",NY.GNP.MKTP.PP.CD,Palau,PLW,307783794.491602
"GNI, PPP (current international $)",NY.GNP.MKTP.PP.CD,Panama,PAN,113542462149.787
"GNI, PPP (current international $)",NY.GNP.MKTP.PP.CD,Papua New Guinea,PNG,32613538948.8238
"GNI, PPP (current international $)",NY.GNP.MKTP.PP.CD,Paraguay,PRY,80275869922.6391
"GNI, PPP (current international $)",NY.GNP.MKTP.PP.CD,Peru,PER,357007419043.172
"GNI, PPP (current international $)",NY.GNP.MKTP.PP.CD,Philippines,PHL,875506408879.903
"GNI, PPP (current international $)",NY.GNP.MKTP.PP.CD,Poland,POL,1034762526091.51
"GNI, PPP (current international $)",NY.GNP.MKTP.PP.CD,Portugal,PRT,318759416957.173
"GNI, PPP (current international $)",NY.GNP.MKTP.PP.CD,Puerto Rico (US),PRI,75279386784.2397
"GNI, PPP (current international $)",NY.GNP.MKTP.PP.CD,Qatar,QAT,221149565426.594
"GNI, PPP (current international $)",NY.GNP.MKTP.PP.CD,Romania,ROU,433361979854.384
"GNI, PPP (current international $)",NY.GNP.MKTP.PP.CD,Russian Federation,RUS,3440587138811.77
"GNI, PPP (current international $)",NY.GNP.MKTP.PP.CD,Rwanda,RWA,21636033367.5603
"GNI, PPP (current international $)",NY.GNP.MKTP.PP.CD,Samoa,WSM,1222113563.3078
"GNI, PPP (current international $)",NY.GNP.MKTP.PP.CD,San Marino,SMR,..
"GNI, PPP (current international $)",NY.GNP.MKTP.PP.CD,Sao Tome and Principe,STP,682740049.932667
"GNI, PPP (current international $)",NY.GNP.MKTP.PP.CD,Saudi Arabia,SAU,1580191818012.66
"GNI, PPP (current international $)",NY.GNP.MKTP.PP.CD,Senegal,SEN,45403355545.6457
"GNI, PPP (current international $)",NY.GNP.MKTP.PP.CD,Serbia,SRB,102582372676.816
"GNI, PPP (current international $)",NY.GNP.MKTP.PP.CD,Seychelles,SYC,2537899307.22492
"GNI, PPP (current international $)",NY.GNP.MKTP.PP.CD,Sierra Leone,SLE,18686236340.5654
"GNI, PPP (current international $)",NY.GNP.MKTP.PP.CD,Singapore,SGP,474207796200.791
"GNI, PPP (current international $)",NY.GNP.MKTP.PP.CD,Sint Maarten (Dutch part),SXM,1672291522.08964
"GNI, PPP (current international $)",NY.GNP.MKTP.PP.CD,Slovak Republic,SVK,157911266827.506
"GNI, PPP (current international $)",NY.GNP.MKTP.PP.CD,Slovenia,SVN,67737919896.8647
"GNI, PPP (current international $)",NY.GNP.MKTP.PP.CD,Solomon Islands,SLB,1553933544.19067
"GNI, PPP (current international $)",NY.GNP.MKTP.PP.CD,"Somalia, Fed. Rep.",SOM,20974602576.9014
"GNI, PPP (current international $)",NY.GNP.MKTP.PP.CD,South Africa,ZAF,754274886214.158
"GNI, PPP (current international $)",NY.GNP.MKTP.PP.CD,South Sudan,SSD,..
"GNI, PPP (current international $)",NY.GNP.MKTP.PP.CD,Spain,ESP,1750233410721.95
"GNI, PPP (current international $)",NY.GNP.MKTP.PP.CD,Sri Lanka,LKA,270463171138.21
"GNI, PPP (current international $)",NY.GNP.MKTP.PP.CD,St. Kitts and Nevis,KNA,1253540048.54963
"GNI, PPP (current international $)",NY.GNP.MKTP.PP.CD,St. Lucia,LCA,2529283874.22783
"GNI, PPP (current international $)",NY.GNP.MKTP.PP.CD,St. Martin (French part),MAF,..
"GNI, PPP (current international $)",NY.GNP.MKTP.PP.CD,St. Vincent and the Grenadines,VCT,1420978451.57082
"GNI, PPP (current international $)",NY.GNP.MKTP.PP.CD,Sudan,SDN,180697326856.387
"GNI, PPP (current international $)",NY.GNP.MKTP.PP.CD,Suriname,SUR,8074262873.62891
"GNI, PPP (current international $)",NY.GNP.MKTP.PP.CD,Eswatini,SWZ,9215047347.34819
"GNI, PPP (current international $)",NY.GNP.MKTP.PP.CD,Sweden,SWE,500323147884.305
"GNI, PPP (current international $)",NY.GNP.MKTP.PP.CD,Switzerland,CHE,560671216442.423
"GNI, PPP (current international $)",NY.GNP.MKTP.PP.CD,Syrian Arab Republic,SYR,..
"GNI, PPP (current international $)",NY.GNP.MKTP.PP.CD,Tajikistan,TJK,29857833446.6067
"GNI, PPP (current international $)",NY.GNP.MKTP.PP.CD,Tanzania,TZA,124715501759.383
"GNI, PPP (current international $)",NY.GNP.MKTP.PP.CD,Thailand,THA,1125830947041.56
"GNI, PPP (current international $)",NY.GNP.MKTP.PP.CD,Timor-Leste,TLS,5637437831.73363
"GNI, PPP (current international $)",NY.GNP.MKTP.PP.CD,Togo,TGO,15298589692.7168
"GNI, PPP (current international $)",NY.GNP.MKTP.PP.CD,Tonga,TON,634558137.449344
"GNI, PPP (current international $)",NY.GNP.MKTP.PP.CD,Trinidad and Tobago,TTO,37534881289.5166
"GNI, PPP (current international $)",NY.GNP.MKTP.PP.CD,Tunisia,TUN,124009382893.002
"GNI, PPP (current international $)",NY.GNP.MKTP.PP.CD,Turkiye,TUR,2096820386655.84
"GNI, PPP (current international $)",NY.GNP.MKTP.PP.CD,Turkmenistan,TKM,80024241583.6647
"GNI, PPP (current international $)",NY.GNP.MKTP.PP.CD,Turks and Caicos Islands,TCA,1102029707.74853
"GNI, PPP (current international $)",NY.GNP.MKTP.PP.CD,Tuvalu,TUV,64068714.4763635
"GNI, PPP (current international $)",NY.GNP.MKTP.PP.CD,Uganda,UGA,82538604596.4604
"GNI, PPP (current international $)",NY.GNP.MKTP.PP.CD,Ukraine,UKR,474782135855.741
"GNI, PPP (current international $)",NY.GNP.MKTP.PP.CD,United Arab Emirates,ARE,628775165260.297
"GNI, PPP (current international $)",NY.GNP.MKTP.PP.CD,United Kingdom,GBR,2824431493908.68
"GNI, PPP (current international $)",NY.GNP.MKTP.PP.CD,United States,USA,19036279000000
"GNI, PPP (current international $)",NY.GNP.MKTP.PP.CD,Uruguay,URY,73612592068.1113
"GNI, PPP (current international $)",NY.GNP.MKTP.PP.CD,Uzbekistan,UZB,218609964317.943
"GNI, PPP (current international $)",NY.GNP.MKTP.PP.CD,Vanuatu,VUT,842266072.544228
"GNI, PPP (current international $)",NY.GNP.MKTP.PP.CD,"Venezuela, RB",VEN,..
"GNI, PPP (current international $)",NY.GNP.MKTP.PP.CD,Viet Nam,VNM,743900376751.093
"GNI, PPP (current international $)",NY.GNP.MKTP.PP.CD,Virgin Islands (U.S.),VIR,..
"GNI, PPP (current international $)",NY.GNP.MKTP.PP.CD,West Bank and Gaza,PSE,29731907745.5068
"GNI, PPP (current international $)",NY.GNP.MKTP.PP.CD,"Yemen, Rep.",YEM,..
"GNI, PPP (current international $)",NY.GNP.MKTP.PP.CD,Zambia,ZMB,54313038103.1591
"GNI, PPP (current international $)",NY.GNP.MKTP.PP.CD,Zimbabwe,ZWE,58892084310.8043
"GNI per capita, PPP (current international $)",NY.GNP.PCAP.PP.CD,Afghanistan,AFG,2240
"GNI per capita, PPP (current international $)",NY.GNP.PCAP.PP.CD,Albania,ALB,12370
"GNI per capita, PPP (current international $)",NY.GNP.PCAP.PP.CD,Algeria,DZA,13350
"GNI per capita, PPP (current international $)",NY.GNP.PCAP.PP.CD,American Samoa,ASM,..
"GNI per capita, PPP (current international $)",NY.GNP.PCAP.PP.CD,Andorra,AND,..
"GNI per capita, PPP (current international $)",NY.GNP.PCAP.PP.CD,Angola,AGO,7410
"GNI per capita, PPP (current international $)",NY.GNP.PCAP.PP.CD,Antigua and Barbuda,ATG,19930
"GNI per capita, PPP (current international $)",NY.GNP.PCAP.PP.CD,Argentina,ARG,19660
"GNI per capita, PPP (current international $)",NY.GNP.PCAP.PP.CD,Armenia,ARM,10820
"GNI per capita, PPP (current international $)",NY.GNP.PCAP.PP.CD,Aruba,ABW,34480
"GNI per capita, PPP (current international $)",NY.GNP.PCAP.PP.CD,Australia,AUS,46320
"GNI per capita, PPP (current international $)",NY.GNP.PCAP.PP.CD,Austria,AUT,52380
"GNI per capita, PPP (current international $)",NY.GNP.PCAP.PP.CD,Azerbaijan,AZE,13660
"GNI per capita, PPP (current international $)",NY.GNP.PCAP.PP.CD,"Bahamas, The",BHS,30770
"GNI per capita, PPP (current international $)",NY.GNP.PCAP.PP.CD,Bahrain,BHR,44920
"GNI per capita, PPP (current international $)",NY.GNP.PCAP.PP.CD,Bangladesh,BGD,4790
"GNI per capita, PPP (current international $)",NY.GNP.PCAP.PP.CD,Barbados,BRB,18430
"GNI per capita, PPP (current international $)",NY.GNP.PCAP.PP.CD,Belarus,BLR,16990
"GNI per capita, PPP (current international $)",NY.GNP.PCAP.PP.CD,Belgium,BEL,48850
"GNI per capita, PPP (current international $)",NY.GNP.PCAP.PP.CD,Belize,BLZ,8930
"GNI per capita, PPP (current international $)",NY.GNP.PCAP.PP.CD,Benin,BEN,2830
"GNI per capita, PPP (current international $)",NY.GNP.PCAP.PP.CD,Bermuda,BMU,82690
"GNI per capita, PPP (current international $)",NY.GNP.PCAP.PP.CD,Bhutan,BTN,10390
"GNI per capita, PPP (current international $)",NY.GNP.PCAP.PP.CD,Bolivia,BOL,9100
"GNI per capita, PPP (current international $)",NY.GNP.PCAP.PP.CD,Bosnia and Herzegovina,BIH,12050
"GNI per capita, PPP (current international $)",NY.GNP.PCAP.PP.CD,Botswana,BWA,14840
"GNI per capita, PPP (current international $)",NY.GNP.PCAP.PP.CD,Brazil,BRA,14010
"GNI per capita, PPP (current international $)",NY.GNP.PCAP.PP.CD,British Virgin Islands,VGB,..
"GNI per capita, PPP (current international $)",NY.GNP.PCAP.PP.CD,Brunei Darussalam,BRN,60830
"GNI per capita, PPP (current international $)",NY.GNP.PCAP.PP.CD,Bulgaria,BGR,18700
"GNI per capita, PPP (current international $)",NY.GNP.PCAP.PP.CD,Burkina Faso,BFA,1800
"GNI per capita, PPP (current international $)",NY.GNP.PCAP.PP.CD,Burundi,BDI,760
"GNI per capita, PPP (current international $)",NY.GNP.PCAP.PP.CD,Cabo Verde,CPV,7110
"GNI per capita, PPP (current international $)",NY.GNP.PCAP.PP.CD,Cambodia,KHM,4560
"GNI per capita, PPP (current international $)",NY.GNP.PCAP.PP.CD,Cameroon,CMR,3570
"GNI per capita, PPP (current international $)",NY.GNP.PCAP.PP.CD,Canada,CAN,45900
"GNI per capita, PPP (current international $)",NY.GNP.PCAP.PP.CD,Cayman Islands,CYM,41510
"GNI per capita, PPP (current international $)",NY.GNP.PCAP.PP.CD,Central African Republic,CAF,840
"GNI per capita, PPP (current international $)",NY.GNP.PCAP.PP.CD,Chad,TCD,2090
"GNI per capita, PPP (current international $)",NY.GNP.PCAP.PP.CD,Channel Islands,CHI,..
"GNI per capita, PPP (current international $)",NY.GNP.PCAP.PP.CD,Chile,CHL,22610
"GNI per capita, PPP (current international $)",NY.GNP.PCAP.PP.CD,China,CHN,14090
"GNI per capita, PPP (current international $)",NY.GNP.PCAP.PP.CD,Colombia,COL,13870
"GNI per capita, PPP (current international $)",NY.GNP.PCAP.PP.CD,Comoros,COM,3160
"GNI per capita, PPP (current international $)",NY.GNP.PCAP.PP.CD,"Congo, Dem. Rep.",COD,930
"GNI per capita, PPP (current international $)",NY.GNP.PCAP.PP.CD,"Congo, Rep.",COG,3870
"GNI per capita, PPP (current international $)",NY.GNP.PCAP.PP.CD,Costa Rica,CRI,18390
"GNI per capita, PPP (current international $)",NY.GNP.PCAP.PP.CD,Cote d'Ivoire,CIV,4430
"GNI per capita, PPP (current international $)",NY.GNP.PCAP.PP.CD,Croatia,HRV,23620
"GNI per capita, PPP (current international $)",NY.GNP.PCAP.PP.CD,Cuba,CUB,..
"GNI per capita, PPP (current international $)",NY.GNP.PCAP.PP.CD,Curacao,CUW,23200
"GNI per capita, PPP (current international $)",NY.GNP.PCAP.PP.CD,Cyprus,CYP,31570
"GNI per capita, PPP (current international $)",NY.GNP.PCAP.PP.CD,Czechia,CZE,33740
"GNI per capita, PPP (current international $)",NY.GNP.PCAP.PP.CD,Denmark,DNK,53120
"GNI per capita, PPP (current international $)",NY.GNP.PCAP.PP.CD,Djibouti,DJI,4300
"GNI per capita, PPP (current international $)",NY.GNP.PCAP.PP.CD,Dominica,DMA,12510
"GNI per capita, PPP (current international $)",NY.GNP.PCAP.PP.CD,Dominican Republic,DOM,15580
"GNI per capita, PPP (current international $)",NY.GNP.PCAP.PP.CD,Ecuador,ECU,10670
"GNI per capita, PPP (current international $)",NY.GNP.PCAP.PP.CD,"Egypt, Arab Rep.",EGY,10520
"GNI per capita, PPP (current international $)",NY.GNP.PCAP.PP.CD,El Salvador,SLV,8020
"GNI per capita, PPP (current international $)",NY.GNP.PCAP.PP.CD,Equatorial Guinea,GNQ,12900
"GNI per capita, PPP (current international $)",NY.GNP.PCAP.PP.CD,Eritrea,ERI,..
"GNI per capita, PPP (current international $)",NY.GNP.PCAP.PP.CD,Estonia,EST,31280
"GNI per capita, PPP (current international $)",NY.GNP.PCAP.PP.CD,Ethiopia,ETH,1850
"GNI per capita, PPP (current international $)",NY.GNP.PCAP.PP.CD,Faroe Islands,FRO,56300
"GNI per capita, PPP (current international $)",NY.GNP.PCAP.PP.CD,Fiji,FJI,11100
"GNI per capita, PPP (current international $)",NY.GNP.PCAP.PP.CD,Finland,FIN,44760
"GNI per capita, PPP (current international $)",NY.GNP.PCAP.PP.CD,France,FRA,43750
"GNI per capita, PPP (current international $)",NY.GNP.PCAP.PP.CD,French Polynesia,PYF,..
"GNI per capita, PPP (current international $)",NY.GNP.PCAP.PP.CD,Gabon,GAB,12910
"GNI per capita, PPP (current international $)",NY.GNP.PCAP.PP.CD,"Gambia, The",GMB,1970
"GNI per capita, PPP (current international $)",NY.GNP.PCAP.PP.CD,Georgia,GEO,12470
"GNI per capita, PPP (current international $)",NY.GNP.PCAP.PP.CD,Germany,DEU,53040
"GNI per capita, PPP (current international $)",NY.GNP.PCAP.PP.CD,Ghana,GHA,4810
"GNI per capita, PPP (current international $)",NY.GNP.PCAP.PP.CD,Gibraltar,GIB,..
"GNI per capita, PPP (current international $)",NY.GNP.PCAP.PP.CD,Greece,GRC,27190
"GNI per capita, PPP (current international $)",NY.GNP.PCAP.PP.CD,Greenland,GRL,..
"GNI per capita, PPP (current international $)",NY.GNP.PCAP.PP.CD,Grenada,GRD,12710
"GNI per capita, PPP (current international $)",NY.GNP.PCAP.PP.CD,Guam,GUM,..
"GNI per capita, PPP (current international $)",NY.GNP.PCAP.PP.CD,Guatemala,GTM,9000
"GNI per capita, PPP (current international $)",NY.GNP.PCAP.PP.CD,Guinea,GIN,2230
"GNI per capita, PPP (current international $)",NY.GNP.PCAP.PP.CD,Guinea-Bissau,GNB,1850
"GNI per capita, PPP (current international $)",NY.GNP.PCAP.PP.CD,Guyana,GUY,11400
"GNI per capita, PPP (current international $)",NY.GNP.PCAP.PP.CD,Haiti,HTI,3260
"GNI per capita, PPP (current international $)",NY.GNP.PCAP.PP.CD,Honduras,HND,4820
"GNI per capita, PPP (current international $)",NY.GNP.PCAP.PP.CD,"Hong Kong SAR, China",HKG,58190
"GNI per capita, PPP (current international $)",NY.GNP.PCAP.PP.CD,Hungary,HUN,27460
"GNI per capita, PPP (current international $)",NY.GNP.PCAP.PP.CD,Iceland,ISL,54530
"GNI per capita, PPP (current international $)",NY.GNP.PCAP.PP.CD,India,IND,5730
"GNI per capita, PPP (current international $)",NY.GNP.PCAP.PP.CD,Indonesia,IDN,9930
"GNI per capita, PPP (current international $)",NY.GNP.PCAP.PP.CD,"Iran, Islamic Rep.",IRN,15210
"GNI per capita, PPP (current international $)",NY.GNP.PCAP.PP.CD,Iraq,IRQ,8990
"GNI per capita, PPP (current international $)",NY.GNP.PCAP.PP.CD,Ireland,IRL,59480
"GNI per capita, PPP (current international $)",NY.GNP.PCAP.PP.CD,Isle of Man,IMN,..
"GNI per capita, PPP (current international $)",NY.GNP.PCAP.PP.CD,Israel,ISR,38220
"GNI per capita, PPP (current international $)",NY.GNP.PCAP.PP.CD,Italy,ITA,40590
"GNI per capita, PPP (current international $)",NY.GNP.PCAP.PP.CD,Jamaica,JAM,9550
"GNI per capita, PPP (current international $)",NY.GNP.PCAP.PP.CD,Japan,JPN,42010
"GNI per capita, PPP (current international $)",NY.GNP.PCAP.PP.CD,Jordan,JOR,8680
"GNI per capita, PPP (current international $)",NY.GNP.PCAP.PP.CD,Kazakhstan,KAZ,20770
"GNI per capita, PPP (current international $)",NY.GNP.PCAP.PP.CD,Kenya,KEN,3860
"GNI per capita, PPP (current international $)",NY.GNP.PCAP.PP.CD,Kiribati,KIR,4130
"GNI per capita, PPP (current international $)",NY.GNP.PCAP.PP.CD,"Korea, Dem. People's Rep.",PRK,..
"GNI per capita, PPP (current international $)",NY.GNP.PCAP.PP.CD,"Korea, Rep.",KOR,41820
"GNI per capita, PPP (current international $)",NY.GNP.PCAP.PP.CD,Kosovo,XKX,9270
"GNI per capita, PPP (current international $)",NY.GNP.PCAP.PP.CD,Kuwait,KWT,46750
"GNI per capita, PPP (current international $)",NY.GNP.PCAP.PP.CD,Kyrgyz Republic,KGZ,4360
"GNI per capita, PPP (current international $)",NY.GNP.PCAP.PP.CD,Lao PDR,LAO,6450
"GNI per capita, PPP (current international $)",NY.GNP.PCAP.PP.CD,Latvia,LVA,24030
"GNI per capita, PPP (current international $)",NY.GNP.PCAP.PP.CD,Lebanon,LBN,18640
"GNI per capita, PPP (current international $)",NY.GNP.PCAP.PP.CD,Lesotho,LSO,3340
"GNI per capita, PPP (current international $)",NY.GNP.PCAP.PP.CD,Liberia,LBR,1370
"GNI per capita, PPP (current international $)",NY.GNP.PCAP.PP.CD,Libya,LBY,17220
"GNI per capita, PPP (current international $)",NY.GNP.PCAP.PP.CD,Liechtenstein,LIE,..
"GNI per capita, PPP (current international $)",NY.GNP.PCAP.PP.CD,Lithuania,LTU,27690
"GNI per capita, PPP (current international $)",NY.GNP.PCAP.PP.CD,Luxembourg,LUX,75120
"GNI per capita, PPP (current international $)",NY.GNP.PCAP.PP.CD,"Macao SAR, China",MAC,97050
"GNI per capita, PPP (current international $)",NY.GNP.PCAP.PP.CD,North Macedonia,MKD,14740
"GNI per capita, PPP (current international $)",NY.GNP.PCAP.PP.CD,Madagascar,MDG,1510
"GNI per capita, PPP (current international $)",NY.GNP.PCAP.PP.CD,Malawi,MWI,1410
"GNI per capita, PPP (current international $)",NY.GNP.PCAP.PP.CD,Malaysia,MYS,24590
"GNI per capita, PPP (current international $)",NY.GNP.PCAP.PP.CD,Maldives,MDV,17270
"GNI per capita, PPP (current international $)",NY.GNP.PCAP.PP.CD,Mali,MLI,2480
"GNI per capita, PPP (current international $)",NY.GNP.PCAP.PP.CD,Malta,MLT,33990
"GNI per capita, PPP (current international $)",NY.GNP.PCAP.PP.CD,Marshall Islands,MHL,5530
"GNI per capita, PPP (current international $)",NY.GNP.PCAP.PP.CD,Mauritania,MRT,4600
"GNI per capita, PPP (current international $)",NY.GNP.PCAP.PP.CD,Mauritius,MUS,22860
"GNI per capita, PPP (current international $)",NY.GNP.PCAP.PP.CD,Mexico,MEX,19580
"GNI per capita, PPP (current international $)",NY.GNP.PCAP.PP.CD,"Micronesia, Fed. Sts.",FSM,3900
"GNI per capita, PPP (current international $)",NY.GNP.PCAP.PP.CD,Moldova,MDA,10900
"GNI per capita, PPP (current international $)",NY.GNP.PCAP.PP.CD,Monaco,MCO,..
"GNI per capita, PPP (current international $)",NY.GNP.PCAP.PP.CD,Mongolia,MNG,9650
"GNI per capita, PPP (current international $)",NY.GNP.PCAP.PP.CD,Montenegro,MNE,16960
"GNI per capita, PPP (current international $)",NY.GNP.PCAP.PP.CD,Morocco,MAR,7740
"GNI per capita, PPP (current international $)",NY.GNP.PCAP.PP.CD,Mozambique,MOZ,1350
"GNI per capita, PPP (current international $)",NY.GNP.PCAP.PP.CD,Myanmar,MMR,4340
"GNI per capita, PPP (current international $)",NY.GNP.PCAP.PP.CD,Namibia,NAM,10000
"GNI per capita, PPP (current international $)",NY.GNP.PCAP.PP.CD,Nauru,NRU,14080
"GNI per capita, PPP (current international $)",NY.GNP.PCAP.PP.CD,Nepal,NPL,3010
"GNI per capita, PPP (current international $)",NY.GNP.PCAP.PP.CD,Netherlands,NLD,51590
"GNI per capita, PPP (current international $)",NY.GNP.PCAP.PP.CD,New Caledonia,NCL,..
"GNI per capita, PPP (current international $)",NY.GNP.PCAP.PP.CD,New Zealand,NZL,38680
"GNI per capita, PPP (current international $)",NY.GNP.PCAP.PP.CD,Nicaragua,NIC,5600
"GNI per capita, PPP (current international $)",NY.GNP.PCAP.PP.CD,Niger,NER,1230
"GNI per capita, PPP (current international $)",NY.GNP.PCAP.PP.CD,Nigeria,NGA,6990
"GNI per capita, PPP (current international $)",NY.GNP.PCAP.PP.CD,Northern Mariana Islands,MNP,..
"GNI per capita, PPP (current international $)",NY.GNP.PCAP.PP.CD,Norway,NOR,61860
"GNI per capita, PPP (current international $)",NY.GNP.PCAP.PP.CD,Oman,OMN,32420
"GNI per capita, PPP (current international $)",NY.GNP.PCAP.PP.CD,Pakistan,PAK,4550
"GNI per capita, PPP (current international $)",NY.GNP.PCAP.PP.CD,Palau,PLW,17290
"GNI per capita, PPP (current international $)",NY.GNP.PCAP.PP.CD,Panama,PAN,28180
"GNI per capita, PPP (current international $)",NY.GNP.PCAP.PP.CD,Papua New Guinea,PNG,3640
"GNI per capita, PPP (current international $)",NY.GNP.PCAP.PP.CD,Paraguay,PRY,12850
"GNI per capita, PPP (current international $)",NY.GNP.PCAP.PP.CD,Peru,PER,11570
"GNI per capita, PPP (current international $)",NY.GNP.PCAP.PP.CD,Philippines,PHL,8200
"GNI per capita, PPP (current international $)",NY.GNP.PCAP.PP.CD,Poland,POL,27250
"GNI per capita, PPP (current international $)",NY.GNP.PCAP.PP.CD,Portugal,PRT,30870
"GNI per capita, PPP (current international $)",NY.GNP.PCAP.PP.CD,Puerto Rico (US),PRI,21630
"GNI per capita, PPP (current international $)",NY.GNP.PCAP.PP.CD,Qatar,QAT,89280
"GNI per capita, PPP (current international $)",NY.GNP.PCAP.PP.CD,Romania,ROU,22000
"GNI per capita, PPP (current international $)",NY.GNP.PCAP.PP.CD,Russian Federation,RUS,23340
"GNI per capita, PPP (current international $)",NY.GNP.PCAP.PP.CD,Rwanda,RWA,1820
"GNI per capita, PPP (current international $)",NY.GNP.PCAP.PP.CD,Samoa,WSM,6010
"GNI per capita, PPP (current international $)",NY.GNP.PCAP.PP.CD,San Marino,SMR,..
"GNI per capita, PPP (current international $)",NY.GNP.PCAP.PP.CD,Sao Tome and Principe,STP,3350
"GNI per capita, PPP (current international $)",NY.GNP.PCAP.PP.CD,Saudi Arabia,SAU,51050
"GNI per capita, PPP (current international $)",NY.GNP.PCAP.PP.CD,Senegal,SEN,3020
"GNI per capita, PPP (current international $)",NY.GNP.PCAP.PP.CD,Serbia,SRB,14530
"GNI per capita, PPP (current international $)",NY.GNP.PCAP.PP.CD,Seychelles,SYC,26810
"GNI per capita, PPP (current international $)",NY.GNP.PCAP.PP.CD,Sierra Leone,SLE,2590
"GNI per capita, PPP (current international $)",NY.GNP.PCAP.PP.CD,Singapore,SGP,84570
"GNI per capita, PPP (current international $)",NY.GNP.PCAP.PP.CD,Sint Maarten (Dutch part),SXM,43720
"GNI per capita, PPP (current international $)",NY.GNP.PCAP.PP.CD,Slovak Republic,SVK,29080
"GNI per capita, PPP (current international $)",NY.GNP.PCAP.PP.CD,Slovenia,SVN,32800
"GNI per capita, PPP (current international $)",NY.GNP.PCAP.PP.CD,Solomon Islands,SLB,2350
"GNI per capita, PPP (current international $)",NY.GNP.PCAP.PP.CD,"Somalia, Fed. Rep.",SOM,1460
"GNI per capita, PPP (current international $)",NY.GNP.PCAP.PP.CD,South Africa,ZAF,13170
"GNI per capita, PPP (current international $)",NY.GNP.PCAP.PP.CD,South Sudan,SSD,..
"GNI per capita, PPP (current international $)",NY.GNP.PCAP.PP.CD,Spain,ESP,37670
"GNI per capita, PPP (current international $)",NY.GNP.PCAP.PP.CD,Sri Lanka,LKA,12750
"GNI per capita, PPP (current international $)",NY.GNP.PCAP.PP.CD,St. Kitts and Nevis,KNA,26630
"GNI per capita, PPP (current international $)",NY.GNP.PCAP.PP.CD,St. Lucia,LCA,14400
"GNI per capita, PPP (current international $)",NY.GNP.PCAP.PP.CD,St. Martin (French part),MAF,..
"GNI per capita, PPP (current international $)",NY.GNP.PCAP.PP.CD,St. Vincent and the Grenadines,VCT,13360
"GNI per capita, PPP (current international $)",NY.GNP.PCAP.PP.CD,Sudan,SDN,4380
"GNI per capita, PPP (current international $)",NY.GNP.PCAP.PP.CD,Suriname,SUR,13740
"GNI per capita, PPP (current international $)",NY.GNP.PCAP.PP.CD,Eswatini,SWZ,8020
"GNI per capita, PPP (current international $)",NY.GNP.PCAP.PP.CD,Sweden,SWE,50420
"GNI per capita, PPP (current international $)",NY.GNP.PCAP.PP.CD,Switzerland,CHE,66960
"GNI per capita, PPP (current international $)",NY.GNP.PCAP.PP.CD,Syrian Arab Republic,SYR,..
"GNI per capita, PPP (current international $)",NY.GNP.PCAP.PP.CD,Tajikistan,TJK,3370
"GNI per capita, PPP (current international $)",NY.GNP.PCAP.PP.CD,Tanzania,TZA,2390
"GNI per capita, PPP (current international $)",NY.GNP.PCAP.PP.CD,Thailand,THA,15890
"GNI per capita, PPP (current international $)",NY.GNP.PCAP.PP.CD,Timor-Leste,TLS,4590
"GNI per capita, PPP (current international $)",NY.GNP.PCAP.PP.CD,Togo,TGO,1950
"GNI per capita, PPP (current international $)",NY.GNP.PCAP.PP.CD,Tonga,TON,6010
"GNI per capita, PPP (current international $)",NY.GNP.PCAP.PP.CD,Trinidad and Tobago,TTO,27720
"GNI per capita, PPP (current international $)",NY.GNP.PCAP.PP.CD,Tunisia,TUN,10760
"GNI per capita, PPP (current international $)",NY.GNP.PCAP.PP.CD,Turkiye,TUR,26450
"GNI per capita, PPP (current international $)",NY.GNP.PCAP.PP.CD,Turkmenistan,TKM,12580
"GNI per capita, PPP (current international $)",NY.GNP.PCAP.PP.CD,Turks and Caicos Islands,TCA,28760
"GNI per capita, PPP (current international $)",NY.GNP.PCAP.PP.CD,Tuvalu,TUV,5860
"GNI per capita, PPP (current international $)",NY.GNP.PCAP.PP.CD,Uganda,UGA,2130
"GNI per capita, PPP (current international $)",NY.GNP.PCAP.PP.CD,Ukraine,UKR,10980
"GNI per capita, PPP (current international $)",NY.GNP.PCAP.PP.CD,United Arab Emirates,ARE,70370
"GNI per capita, PPP (current international $)",NY.GNP.PCAP.PP.CD,United Kingdom,GBR,43050
"GNI per capita, PPP (current international $)",NY.GNP.PCAP.PP.CD,United States,USA,58690
"GNI per capita, PPP (current international $)",NY.GNP.PCAP.PP.CD,Uruguay,URY,21780
"GNI per capita, PPP (current international $)",NY.GNP.PCAP.PP.CD,Uzbekistan,UZB,6990
"GNI per capita, PPP (current international $)",NY.GNP.PCAP.PP.CD,Vanuatu,VUT,3100
"GNI per capita, PPP (current international $)",NY.GNP.PCAP.PP.CD,"Venezuela, RB",VEN,..
"GNI per capita, PPP (current international $)",NY.GNP.PCAP.PP.CD,Viet Nam,VNM,7910
"GNI per capita, PPP (current international $)",NY.GNP.PCAP.PP.CD,Virgin Islands (U.S.),VIR,..
"GNI per capita, PPP (current international $)",NY.GNP.PCAP.PP.CD,West Bank and Gaza,PSE,6810
"GNI per capita, PPP (current international $)",NY.GNP.PCAP.PP.CD,"Yemen, Rep.",YEM,..
"GNI per capita, PPP (current international $)",NY.GNP.PCAP.PP.CD,Zambia,ZMB,3210
"GNI per capita, PPP (current international $)",NY.GNP.PCAP.PP.CD,Zimbabwe,ZWE,4030
Income share held by lowest 20%,SI.DST.FRST.20,Afghanistan,AFG,..
Income share held by lowest 20%,SI.DST.FRST.20,Albania,ALB,7.3
Income share held by lowest 20%,SI.DST.FRST.20,Algeria,DZA,..
Income share held by lowest 20%,SI.DST.FRST.20,American Samoa,ASM,..
Income share held by lowest 20%,SI.DST.FRST.20,Andorra,AND,..
Income share held by lowest 20%,SI.DST.FRST.20,Angola,AGO,..
Income share held by lowest 20%,SI.DST.FRST.20,Antigua and Barbuda,ATG,..
Income share held by lowest 20%,SI.DST.FRST.20,Argentina,ARG,4.9
Income share held by lowest 20%,SI.DST.FRST.20,Armenia,ARM,7.9
Income share held by lowest 20%,SI.DST.FRST.20,Aruba,ABW,..
Income share held by lowest 20%,SI.DST.FRST.20,Australia,AUS,7.5
Income share held by lowest 20%,SI.DST.FRST.20,Austria,AUT,7.7
Income share held by lowest 20%,SI.DST.FRST.20,Azerbaijan,AZE,..
Income share held by lowest 20%,SI.DST.FRST.20,"Bahamas, The",BHS,..
Income share held by lowest 20%,SI.DST.FRST.20,Bahrain,BHR,..
Income share held by lowest 20%,SI.DST.FRST.20,Bangladesh,BGD,8.6
Income share held by lowest 20%,SI.DST.FRST.20,Barbados,BRB,6.9
Income share held by lowest 20%,SI.DST.FRST.20,Belarus,BLR,9.9
Income share held by lowest 20%,SI.DST.FRST.20,Belgium,BEL,8.6
Income share held by lowest 20%,SI.DST.FRST.20,Belize,BLZ,..
Income share held by lowest 20%,SI.DST.FRST.20,Benin,BEN,..
Income share held by lowest 20%,SI.DST.FRST.20,Bermuda,BMU,..
Income share held by lowest 20%,SI.DST.FRST.20,Bhutan,BTN,..
Income share held by lowest 20%,SI.DST.FRST.20,Bolivia,BOL,3.7
Income share held by lowest 20%,SI.DST.FRST.20,Bosnia and Herzegovina,BIH,..
Income share held by lowest 20%,SI.DST.FRST.20,Botswana,BWA,..
Income share held by lowest 20%,SI.DST.FRST.20,Brazil,BRA,3.3
Income share held by lowest 20%,SI.DST.FRST.20,British Virgin Islands,VGB,..
Income share held by lowest 20%,SI.DST.FRST.20,Brunei Darussalam,BRN,..
Income share held by lowest 20%,SI.DST.FRST.20,Bulgaria,BGR,5.4
Income share held by lowest 20%,SI.DST.FRST.20,Burkina Faso,BFA,..
Income share held by lowest 20%,SI.DST.FRST.20,Burundi,BDI,..
Income share held by lowest 20%,SI.DST.FRST.20,Cabo Verde,CPV,..
Income share held by lowest 20%,SI.DST.FRST.20,Cambodia,KHM,..
Income share held by lowest 20%,SI.DST.FRST.20,Cameroon,CMR,..
Income share held by lowest 20%,SI.DST.FRST.20,Canada,CAN,7.4
Income share held by lowest 20%,SI.DST.FRST.20,Cayman Islands,CYM,..
Income share held by lowest 20%,SI.DST.FRST.20,Central African Republic,CAF,..
Income share held by lowest 20%,SI.DST.FRST.20,Chad,TCD,..
Income share held by lowest 20%,SI.DST.FRST.20,Channel Islands,CHI,..
Income share held by lowest 20%,SI.DST.FRST.20,Chile,CHL,..
Income share held by lowest 20%,SI.DST.FRST.20,China,CHN,6.5
Income share held by lowest 20%,SI.DST.FRST.20,Colombia,COL,3.9
Income share held by lowest 20%,SI.DST.FRST.20,Comoros,COM,..
Income share held by lowest 20%,SI.DST.FRST.20,"Congo, Dem. Rep.",COD,..
Income share held by lowest 20%,SI.DST.FRST.20,"Congo, Rep.",COG,..
Income share held by lowest 20%,SI.DST.FRST.20,Costa Rica,CRI,4.2
Income share held by lowest 20%,SI.DST.FRST.20,Cote d'Ivoire,CIV,..
Income share held by lowest 20%,SI.DST.FRST.20,Croatia,HRV,7.3
Income share held by lowest 20%,SI.DST.FRST.20,Cuba,CUB,..
Income share held by lowest 20%,SI.DST.FRST.20,Curacao,CUW,..
Income share held by lowest 20%,SI.DST.FRST.20,Cyprus,CYP,8.2
Income share held by lowest 20%,SI.DST.FRST.20,Czechia,CZE,10
Income share held by lowest 20%,SI.DST.FRST.20,Denmark,DNK,9.2
Income share held by lowest 20%,SI.DST.FRST.20,Djibouti,DJI,..
Income share held by lowest 20%,SI.DST.FRST.20,Dominica,DMA,..
Income share held by lowest 20%,SI.DST.FRST.20,Dominican Republic,DOM,4.9
Income share held by lowest 20%,SI.DST.FRST.20,Ecuador,ECU,4.7
Income share held by lowest 20%,SI.DST.FRST.20,"Egypt, Arab Rep.",EGY,..
Income share held by lowest 20%,SI.DST.FRST.20,El Salvador,SLV,5.9
Income share held by lowest 20%,SI.DST.FRST.20,Equatorial Guinea,GNQ,..
Income share held by lowest 20%,SI.DST.FRST.20,Eritrea,ERI,..
Income share held by lowest 20%,SI.DST.FRST.20,Estonia,EST,7.8
Income share held by lowest 20%,SI.DST.FRST.20,Ethiopia,ETH,..
Income share held by lowest 20%,SI.DST.FRST.20,Faroe Islands,FRO,..
Income share held by lowest 20%,SI.DST.FRST.20,Fiji,FJI,..
Income share held by lowest 20%,SI.DST.FRST.20,Finland,FIN,9.4
Income share held by lowest 20%,SI.DST.FRST.20,France,FRA,8
Income share held by lowest 20%,SI.DST.FRST.20,French Polynesia,PYF,..
Income share held by lowest 20%,SI.DST.FRST.20,Gabon,GAB,..
Income share held by lowest 20%,SI.DST.FRST.20,"Gambia, The",GMB,..
Income share held by lowest 20%,SI.DST.FRST.20,Georgia,GEO,6.7
Income share held by lowest 20%,SI.DST.FRST.20,Germany,DEU,8
Income share held by lowest 20%,SI.DST.FRST.20,Ghana,GHA,4.7
Income share held by lowest 20%,SI.DST.FRST.20,Gibraltar,GIB,..
Income share held by lowest 20%,SI.DST.FRST.20,Greece,GRC,6.3
Income share held by lowest 20%,SI.DST.FRST.20,Greenland,GRL,..
Income share held by lowest 20%,SI.DST.FRST.20,Grenada,GRD,..
Income share held by lowest 20%,SI.DST.FRST.20,Guam,GUM,..
Income share held by lowest 20%,SI.DST.FRST.20,Guatemala,GTM,..
Income share held by lowest 20%,SI.DST.FRST.20,Guinea,GIN,..
Income share held by lowest 20%,SI.DST.FRST.20,Guinea-Bissau,GNB,..
Income share held by lowest 20%,SI.DST.FRST.20,Guyana,GUY,..
Income share held by lowest 20%,SI.DST.FRST.20,Haiti,HTI,..
Income share held by lowest 20%,SI.DST.FRST.20,Honduras,HND,3.2
Income share held by lowest 20%,SI.DST.FRST.20,"Hong Kong SAR, China",HKG,..
Income share held by lowest 20%,SI.DST.FRST.20,Hungary,HUN,8
Income share held by lowest 20%,SI.DST.FRST.20,Iceland,ISL,9.4
Income share held by lowest 20%,SI.DST.FRST.20,India,IND,..
Income share held by lowest 20%,SI.DST.FRST.20,Indonesia,IDN,7.4
Income share held by lowest 20%,SI.DST.FRST.20,"Iran, Islamic Rep.",IRN,7.1
Income share held by lowest 20%,SI.DST.FRST.20,Iraq,IRQ,..
Income share held by lowest 20%,SI.DST.FRST.20,Ireland,IRL,7.9
Income share held by lowest 20%,SI.DST.FRST.20,Isle of Man,IMN,..
Income share held by lowest 20%,SI.DST.FRST.20,Israel,ISR,5.2
Income share held by lowest 20%,SI.DST.FRST.20,Italy,ITA,6.1
Income share held by lowest 20%,SI.DST.FRST.20,Jamaica,JAM,..
Income share held by lowest 20%,SI.DST.FRST.20,Japan,JPN,7.3
Income share held by lowest 20%,SI.DST.FRST.20,Jordan,JOR,..
Income share held by lowest 20%,SI.DST.FRST.20,Kazakhstan,KAZ,9.8
Income share held by lowest 20%,SI.DST.FRST.20,Kenya,KEN,..
Income share held by lowest 20%,SI.DST.FRST.20,Kiribati,KIR,..
Income share held by lowest 20%,SI.DST.FRST.20,"Korea, Dem. People's Rep.",PRK,..
Income share held by lowest 20%,SI.DST.FRST.20,"Korea, Rep.",KOR,6.7
Income share held by lowest 20%,SI.DST.FRST.20,Kosovo,XKX,9.4
Income share held by lowest 20%,SI.DST.FRST.20,Kuwait,KWT,..
Income share held by lowest 20%,SI.DST.FRST.20,Kyrgyz Republic,KGZ,10
Income share held by lowest 20%,SI.DST.FRST.20,Lao PDR,LAO,..
Income share held by lowest 20%,SI.DST.FRST.20,Latvia,LVA,7
Income share held by lowest 20%,SI.DST.FRST.20,Lebanon,LBN,..
Income share held by lowest 20%,SI.DST.FRST.20,Lesotho,LSO,..
Income share held by lowest 20%,SI.DST.FRST.20,Liberia,LBR,7.2
Income share held by lowest 20%,SI.DST.FRST.20,Libya,LBY,..
Income share held by lowest 20%,SI.DST.FRST.20,Liechtenstein,LIE,..
Income share held by lowest 20%,SI.DST.FRST.20,Lithuania,LTU,6
Income share held by lowest 20%,SI.DST.FRST.20,Luxembourg,LUX,7.6
Income share held by lowest 20%,SI.DST.FRST.20,"Macao SAR, China",MAC,..
Income share held by lowest 20%,SI.DST.FRST.20,North Macedonia,MKD,5.6
Income share held by lowest 20%,SI.DST.FRST.20,Madagascar,MDG,..
Income share held by lowest 20%,SI.DST.FRST.20,Malawi,MWI,6.4
Income share held by lowest 20%,SI.DST.FRST.20,Malaysia,MYS,..
Income share held by lowest 20%,SI.DST.FRST.20,Maldives,MDV,8.3
Income share held by lowest 20%,SI.DST.FRST.20,Mali,MLI,..
Income share held by lowest 20%,SI.DST.FRST.20,Malta,MLT,8.6
Income share held by lowest 20%,SI.DST.FRST.20,Marshall Islands,MHL,..
Income share held by lowest 20%,SI.DST.FRST.20,Mauritania,MRT,..
Income share held by lowest 20%,SI.DST.FRST.20,Mauritius,MUS,..
Income share held by lowest 20%,SI.DST.FRST.20,Mexico,MEX,5
Income share held by lowest 20%,SI.DST.FRST.20,"Micronesia, Fed. Sts.",FSM,..
Income share held by lowest 20%,SI.DST.FRST.20,Moldova,MDA,10
Income share held by lowest 20%,SI.DST.FRST.20,Monaco,MCO,..
Income share held by lowest 20%,SI.DST.FRST.20,Mongolia,MNG,8
Income share held by lowest 20%,SI.DST.FRST.20,Montenegro,MNE,5.2
Income share held by lowest 20%,SI.DST.FRST.20,Morocco,MAR,..
Income share held by lowest 20%,SI.DST.FRST.20,Mozambique,MOZ,..
Income share held by lowest 20%,SI.DST.FRST.20,Myanmar,MMR,..
Income share held by lowest 20%,SI.DST.FRST.20,Namibia,NAM,..
Income share held by lowest 20%,SI.DST.FRST.20,Nauru,NRU,..
Income share held by lowest 20%,SI.DST.FRST.20,Nepal,NPL,..
Income share held by lowest 20%,SI.DST.FRST.20,Netherlands,NLD,8.8
Income share held by lowest 20%,SI.DST.FRST.20,New Caledonia,NCL,..
Income share held by lowest 20%,SI.DST.FRST.20,New Zealand,NZL,..
Income share held by lowest 20%,SI.DST.FRST.20,Nicaragua,NIC,..
Income share held by lowest 20%,SI.DST.FRST.20,Niger,NER,..
Income share held by lowest 20%,SI.DST.FRST.20,Nigeria,NGA,..
Income share held by lowest 20%,SI.DST.FRST.20,Northern Mariana Islands,MNP,..
Income share held by lowest 20%,SI.DST.FRST.20,Norway,NOR,8.6
Income share held by lowest 20%,SI.DST.FRST.20,Oman,OMN,..
Income share held by lowest 20%,SI.DST.FRST.20,Pakistan,PAK,..
Income share held by lowest 20%,SI.DST.FRST.20,Palau,PLW,..
Income share held by lowest 20%,SI.DST.FRST.20,Panama,PAN,3.3
Income share held by lowest 20%,SI.DST.FRST.20,Papua New Guinea,PNG,..
Income share held by lowest 20%,SI.DST.FRST.20,Paraguay,PRY,4.5
Income share held by lowest 20%,SI.DST.FRST.20,Peru,PER,4.6
Income share held by lowest 20%,SI.DST.FRST.20,Philippines,PHL,..
Income share held by lowest 20%,SI.DST.FRST.20,Poland,POL,8
Income share held by lowest 20%,SI.DST.FRST.20,Portugal,PRT,6.9
Income share held by lowest 20%,SI.DST.FRST.20,Puerto Rico (US),PRI,..
Income share held by lowest 20%,SI.DST.FRST.20,Qatar,QAT,..
Income share held by lowest 20%,SI.DST.FRST.20,Romania,ROU,5.6
Income share held by lowest 20%,SI.DST.FRST.20,Russian Federation,RUS,6.2
Income share held by lowest 20%,SI.DST.FRST.20,Rwanda,RWA,6
Income share held by lowest 20%,SI.DST.FRST.20,Samoa,WSM,..
Income share held by lowest 20%,SI.DST.FRST.20,San Marino,SMR,..
Income share held by lowest 20%,SI.DST.FRST.20,Sao Tome and Principe,STP,..
Income share held by lowest 20%,SI.DST.FRST.20,Saudi Arabia,SAU,..
Income share held by lowest 20%,SI.DST.FRST.20,Senegal,SEN,..
Income share held by lowest 20%,SI.DST.FRST.20,Serbia,SRB,4.5
Income share held by lowest 20%,SI.DST.FRST.20,Seychelles,SYC,..
Income share held by lowest 20%,SI.DST.FRST.20,Sierra Leone,SLE,..
Income share held by lowest 20%,SI.DST.FRST.20,Singapore,SGP,..
Income share held by lowest 20%,SI.DST.FRST.20,Sint Maarten (Dutch part),SXM,..
Income share held by lowest 20%,SI.DST.FRST.20,Slovak Republic,SVK,8.7
Income share held by lowest 20%,SI.DST.FRST.20,Slovenia,SVN,9.7
Income share held by lowest 20%,SI.DST.FRST.20,Solomon Islands,SLB,..
Income share held by lowest 20%,SI.DST.FRST.20,"Somalia, Fed. Rep.",SOM,..
Income share held by lowest 20%,SI.DST.FRST.20,South Africa,ZAF,..
Income share held by lowest 20%,SI.DST.FRST.20,South Sudan,SSD,4.9
Income share held by lowest 20%,SI.DST.FRST.20,Spain,ESP,5.8
Income share held by lowest 20%,SI.DST.FRST.20,Sri Lanka,LKA,7.1
Income share held by lowest 20%,SI.DST.FRST.20,St. Kitts and Nevis,KNA,..
Income share held by lowest 20%,SI.DST.FRST.20,St. Lucia,LCA,..
Income share held by lowest 20%,SI.DST.FRST.20,St. Martin (French part),MAF,..
Income share held by lowest 20%,SI.DST.FRST.20,St. Vincent and the Grenadines,VCT,..
Income share held by lowest 20%,SI.DST.FRST.20,Sudan,SDN,..
Income share held by lowest 20%,SI.DST.FRST.20,Suriname,SUR,..
Income share held by lowest 20%,SI.DST.FRST.20,Eswatini,SWZ,3.7
Income share held by lowest 20%,SI.DST.FRST.20,Sweden,SWE,8.1
Income share held by lowest 20%,SI.DST.FRST.20,Switzerland,CHE,7.7
Income share held by lowest 20%,SI.DST.FRST.20,Syrian Arab Republic,SYR,..
Income share held by lowest 20%,SI.DST.FRST.20,Tajikistan,TJK,..
Income share held by lowest 20%,SI.DST.FRST.20,Tanzania,TZA,..
Income share held by lowest 20%,SI.DST.FRST.20,Thailand,THA,7.3
Income share held by lowest 20%,SI.DST.FRST.20,Timor-Leste,TLS,..
Income share held by lowest 20%,SI.DST.FRST.20,Togo,TGO,..
Income share held by lowest 20%,SI.DST.FRST.20,Tonga,TON,..
Income share held by lowest 20%,SI.DST.FRST.20,Trinidad and Tobago,TTO,..
Income share held by lowest 20%,SI.DST.FRST.20,Tunisia,TUN,..
Income share held by lowest 20%,SI.DST.FRST.20,Turkiye,TUR,5.7
Income share held by lowest 20%,SI.DST.FRST.20,Turkmenistan,TKM,..
Income share held by lowest 20%,SI.DST.FRST.20,Turks and Caicos Islands,TCA,..
Income share held by lowest 20%,SI.DST.FRST.20,Tuvalu,TUV,..
Income share held by lowest 20%,SI.DST.FRST.20,Uganda,UGA,6.1
Income share held by lowest 20%,SI.DST.FRST.20,Ukraine,UKR,10.1
Income share held by lowest 20%,SI.DST.FRST.20,United Arab Emirates,ARE,..
Income share held by lowest 20%,SI.DST.FRST.20,United Kingdom,GBR,7.6
Income share held by lowest 20%,SI.DST.FRST.20,United States,USA,5.3
Income share held by lowest 20%,SI.DST.FRST.20,Uruguay,URY,5.7
Income share held by lowest 20%,SI.DST.FRST.20,Uzbekistan,UZB,..
Income share held by lowest 20%,SI.DST.FRST.20,Vanuatu,VUT,..
Income share held by lowest 20%,SI.DST.FRST.20,"Venezuela, RB",VEN,..
Income share held by lowest 20%,SI.DST.FRST.20,Viet Nam,VNM,6.9
Income share held by lowest 20%,SI.DST.FRST.20,Virgin Islands (U.S.),VIR,..
Income share held by lowest 20%,SI.DST.FRST.20,West Bank and Gaza,PSE,7.3
Income share held by lowest 20%,SI.DST.FRST.20,"Yemen, Rep.",YEM,..
Income share held by lowest 20%,SI.DST.FRST.20,Zambia,ZMB,..
Income share held by lowest 20%,SI.DST.FRST.20,Zimbabwe,ZWE,..
"Life expectancy at birth, total (years)",SP.DYN.LE00.IN,Afghanistan,AFG,62.646
"Life expectancy at birth, total (years)",SP.DYN.LE00.IN,Albania,ALB,78.643
"Life expectancy at birth, total (years)",SP.DYN.LE00.IN,Algeria,DZA,75.31
"Life expectancy at birth, total (years)",SP.DYN.LE00.IN,American Samoa,ASM,72.64
"Life expectancy at birth, total (years)",SP.DYN.LE00.IN,Andorra,AND,84.489
"Life expectancy at birth, total (years)",SP.DYN.LE00.IN,Angola,AGO,61.619
"Life expectancy at birth, total (years)",SP.DYN.LE00.IN,Antigua and Barbuda,ATG,76.968
"Life expectancy at birth, total (years)",SP.DYN.LE00.IN,Argentina,ARG,76.105
"Life expectancy at birth, total (years)",SP.DYN.LE00.IN,Armenia,ARM,74.8682926829268
"Life expectancy at birth, total (years)",SP.DYN.LE00.IN,Aruba,ABW,75.54
"Life expectancy at birth, total (years)",SP.DYN.LE00.IN,Australia,AUS,82.4487804878049
"Life expectancy at birth, total (years)",SP.DYN.LE00.IN,Austria,AUT,81.6414634146342
"Life expectancy at birth, total (years)",SP.DYN.LE00.IN,Azerbaijan,AZE,72.568
"Life expectancy at birth, total (years)",SP.DYN.LE00.IN,"Bahamas, The",BHS,74.042
"Life expectancy at birth, total (years)",SP.DYN.LE00.IN,Bahrain,BHR,80.407
"Life expectancy at birth, total (years)",SP.DYN.LE00.IN,Bangladesh,BGD,71.075
"Life expectancy at birth, total (years)",SP.DYN.LE00.IN,Barbados,BRB,76.168
"Life expectancy at birth, total (years)",SP.DYN.LE00.IN,Belarus,BLR,73.8268292682927
"Life expectancy at birth, total (years)",SP.DYN.LE00.IN,Belgium,BEL,81.4390243902439
"Life expectancy at birth, total (years)",SP.DYN.LE00.IN,Belize,BLZ,71.843
"Life expectancy at birth, total (years)",SP.DYN.LE00.IN,Benin,BEN,59.283
"Life expectancy at birth, total (years)",SP.DYN.LE00.IN,Bermuda,BMU,80.476
"Life expectancy at birth, total (years)",SP.DYN.LE00.IN,Bhutan,BTN,71.119
"Life expectancy at birth, total (years)",SP.DYN.LE00.IN,Bolivia,BOL,67.392
"Life expectancy at birth, total (years)",SP.DYN.LE00.IN,Bosnia and Herzegovina,BIH,77.124
"Life expectancy at birth, total (years)",SP.DYN.LE00.IN,Botswana,BWA,64.32
"Life expectancy at birth, total (years)",SP.DYN.LE00.IN,Brazil,BRA,75.081
"Life expectancy at birth, total (years)",SP.DYN.LE00.IN,British Virgin Islands,VGB,76.624
"Life expectancy at birth, total (years)",SP.DYN.LE00.IN,Brunei Darussalam,BRN,74.905
"Life expectancy at birth, total (years)",SP.DYN.LE00.IN,Bulgaria,BGR,74.8121951219512
"Life expectancy at birth, total (years)",SP.DYN.LE00.IN,Burkina Faso,BFA,59.173
"Life expectancy at birth, total (years)",SP.DYN.LE00.IN,Burundi,BDI,60.789
"Life expectancy at birth, total (years)",SP.DYN.LE00.IN,Cabo Verde,CPV,74.35
"Life expectancy at birth, total (years)",SP.DYN.LE00.IN,Cambodia,KHM,69.635
"Life expectancy at birth, total (years)",SP.DYN.LE00.IN,Cameroon,CMR,60.293
"Life expectancy at birth, total (years)",SP.DYN.LE00.IN,Canada,CAN,81.94
"Life expectancy at birth, total (years)",SP.DYN.LE00.IN,Cayman Islands,CYM,78.367
"Life expectancy at birth, total (years)",SP.DYN.LE00.IN,Central African Republic,CAF,50.999
"Life expectancy at birth, total (years)",SP.DYN.LE00.IN,Chad,TCD,51.603
"Life expectancy at birth, total (years)",SP.DYN.LE00.IN,Channel Islands,CHI,81.2
"Life expectancy at birth, total (years)",SP.DYN.LE00.IN,Chile,CHL,80.295
"Life expectancy at birth, total (years)",SP.DYN.LE00.IN,China,CHN,77.214
"Life expectancy at birth, total (years)",SP.DYN.LE00.IN,Colombia,COL,76.228
"Life expectancy at birth, total (years)",SP.DYN.LE00.IN,Comoros,COM,64.792
"Life expectancy at birth, total (years)",SP.DYN.LE00.IN,"Congo, Dem. Rep.",COD,59.081
"Life expectancy at birth, total (years)",SP.DYN.LE00.IN,"Congo, Rep.",COG,63.911
"Life expectancy at birth, total (years)",SP.DYN.LE00.IN,Costa Rica,CRI,79.988
"Life expectancy at birth, total (years)",SP.DYN.LE00.IN,Cote d'Ivoire,CIV,58.814
"Life expectancy at birth, total (years)",SP.DYN.LE00.IN,Croatia,HRV,77.9219512195122
"Life expectancy at birth, total (years)",SP.DYN.LE00.IN,Cuba,CUB,77.571
"Life expectancy at birth, total (years)",SP.DYN.LE00.IN,Curacao,CUW,76.322
"Life expectancy at birth, total (years)",SP.DYN.LE00.IN,Cyprus,CYP,81.534
"Life expectancy at birth, total (years)",SP.DYN.LE00.IN,Czechia,CZE,79.0268292682927
"Life expectancy at birth, total (years)",SP.DYN.LE00.IN,Denmark,DNK,80.8536585365854
"Life expectancy at birth, total (years)",SP.DYN.LE00.IN,Djibouti,DJI,63.335
"Life expectancy at birth, total (years)",SP.DYN.LE00.IN,Dominica,DMA,71.189
"Life expectancy at birth, total (years)",SP.DYN.LE00.IN,Dominican Republic,DOM,72.889
"Life expectancy at birth, total (years)",SP.DYN.LE00.IN,Ecuador,ECU,76.094
"Life expectancy at birth, total (years)",SP.DYN.LE00.IN,"Egypt, Arab Rep.",EGY,70.437
"Life expectancy at birth, total (years)",SP.DYN.LE00.IN,El Salvador,SLV,70.908
"Life expectancy at birth, total (years)",SP.DYN.LE00.IN,Equatorial Guinea,GNQ,61.081
"Life expectancy at birth, total (years)",SP.DYN.LE00.IN,Eritrea,ERI,66.242
"Life expectancy at birth, total (years)",SP.DYN.LE00.IN,Estonia,EST,77.6414634146342
"Life expectancy at birth, total (years)",SP.DYN.LE00.IN,Ethiopia,ETH,64.162
"Life expectancy at birth, total (years)",SP.DYN.LE00.IN,Faroe Islands,FRO,81.9926829268293
"Life expectancy at birth, total (years)",SP.DYN.LE00.IN,Fiji,FJI,66.657
"Life expectancy at birth, total (years)",SP.DYN.LE00.IN,Finland,FIN,81.4292682926829
"Life expectancy at birth, total (years)",SP.DYN.LE00.IN,France,FRA,82.5731707317073
"Life expectancy at birth, total (years)",SP.DYN.LE00.IN,French Polynesia,PYF,82.555
"Life expectancy at birth, total (years)",SP.DYN.LE00.IN,Gabon,GAB,66.583
"Life expectancy at birth, total (years)",SP.DYN.LE00.IN,"Gambia, The",GMB,63.386
"Life expectancy at birth, total (years)",SP.DYN.LE00.IN,Georgia,GEO,73.136
"Life expectancy at birth, total (years)",SP.DYN.LE00.IN,Germany,DEU,80.990243902439
"Life expectancy at birth, total (years)",SP.DYN.LE00.IN,Ghana,GHA,63.522
"Life expectancy at birth, total (years)",SP.DYN.LE00.IN,Gibraltar,GIB,82.741
"Life expectancy at birth, total (years)",SP.DYN.LE00.IN,Greece,GRC,81.3878048780488
"Life expectancy at birth, total (years)",SP.DYN.LE00.IN,Greenland,GRL,71.8385365853659
"Life expectancy at birth, total (years)",SP.DYN.LE00.IN,Grenada,GRD,75.01
"Life expectancy at birth, total (years)",SP.DYN.LE00.IN,Guam,GUM,76.449
"Life expectancy at birth, total (years)",SP.DYN.LE00.IN,Guatemala,GTM,71.215
"Life expectancy at birth, total (years)",SP.DYN.LE00.IN,Guinea,GIN,58.49
"Life expectancy at birth, total (years)",SP.DYN.LE00.IN,Guinea-Bissau,GNB,60.619
"Life expectancy at birth, total (years)",SP.DYN.LE00.IN,Guyana,GUY,68.069
"Life expectancy at birth, total (years)",SP.DYN.LE00.IN,Haiti,HTI,63.325
"Life expectancy at birth, total (years)",SP.DYN.LE00.IN,Honduras,HND,71.615
"Life expectancy at birth, total (years)",SP.DYN.LE00.IN,"Hong Kong SAR, China",HKG,84.2114634146342
"Life expectancy at birth, total (years)",SP.DYN.LE00.IN,Hungary,HUN,76.0634146341464
"Life expectancy at birth, total (years)",SP.DYN.LE00.IN,Iceland,ISL,82.2048780487805
"Life expectancy at birth, total (years)",SP.DYN.LE00.IN,India,IND,69.709
"Life expectancy at birth, total (years)",SP.DYN.LE00.IN,Indonesia,IDN,69.733
"Life expectancy at birth, total (years)",SP.DYN.LE00.IN,"Iran, Islamic Rep.",IRN,76.155
"Life expectancy at birth, total (years)",SP.DYN.LE00.IN,Iraq,IRQ,68.683
"Life expectancy at birth, total (years)",SP.DYN.LE00.IN,Ireland,IRL,81.6536585365854
"Life expectancy at birth, total (years)",SP.DYN.LE00.IN,Isle of Man,IMN,80.391
"Life expectancy at birth, total (years)",SP.DYN.LE00.IN,Israel,ISR,82.4073170731707
"Life expectancy at birth, total (years)",SP.DYN.LE00.IN,Italy,ITA,83.2439024390244
"Life expectancy at birth, total (years)",SP.DYN.LE00.IN,Jamaica,JAM,72.052
"Life expectancy at birth, total (years)",SP.DYN.LE00.IN,Japan,JPN,83.9848780487805
"Life expectancy at birth, total (years)",SP.DYN.LE00.IN,Jordan,JOR,75.55
"Life expectancy at birth, total (years)",SP.DYN.LE00.IN,Kazakhstan,KAZ,72.549
"Life expectancy at birth, total (years)",SP.DYN.LE00.IN,Kenya,KEN,62.526
"Life expectancy at birth, total (years)",SP.DYN.LE00.IN,Kiribati,KIR,65.799
"Life expectancy at birth, total (years)",SP.DYN.LE00.IN,"Korea, Dem. People's Rep.",PRK,72.971
"Life expectancy at birth, total (years)",SP.DYN.LE00.IN,"Korea, Rep.",KOR,82.2756097560976
"Life expectancy at birth, total (years)",SP.DYN.LE00.IN,Kosovo,XKX,76.748
"Life expectancy at birth, total (years)",SP.DYN.LE00.IN,Kuwait,KWT,79.6775853658537
"Life expectancy at birth, total (years)",SP.DYN.LE00.IN,Kyrgyz Republic,KGZ,70.9512195121951
"Life expectancy at birth, total (years)",SP.DYN.LE00.IN,Lao PDR,LAO,67.014
"Life expectancy at birth, total (years)",SP.DYN.LE00.IN,Latvia,LVA,74.580487804878
"Life expectancy at birth, total (years)",SP.DYN.LE00.IN,Lebanon,LBN,78.306
"Life expectancy at birth, total (years)",SP.DYN.LE00.IN,Lesotho,LSO,52.908
"Life expectancy at birth, total (years)",SP.DYN.LE00.IN,Liberia,LBR,60.483
"Life expectancy at birth, total (years)",SP.DYN.LE00.IN,Libya,LBY,71.799
"Life expectancy at birth, total (years)",SP.DYN.LE00.IN,Liechtenstein,LIE,82.2585365853659
"Life expectancy at birth, total (years)",SP.DYN.LE00.IN,Lithuania,LTU,74.6707317073171
"Life expectancy at birth, total (years)",SP.DYN.LE00.IN,Luxembourg,LUX,82.6853658536585
"Life expectancy at birth, total (years)",SP.DYN.LE00.IN,"Macao SAR, China",MAC,83.2756097560976
"Life expectancy at birth, total (years)",SP.DYN.LE00.IN,North Macedonia,MKD,75.4
"Life expectancy at birth, total (years)",SP.DYN.LE00.IN,Madagascar,MDG,63.431
"Life expectancy at birth, total (years)",SP.DYN.LE00.IN,Malawi,MWI,63.163
"Life expectancy at birth, total (years)",SP.DYN.LE00.IN,Malaysia,MYS,75.371
"Life expectancy at birth, total (years)",SP.DYN.LE00.IN,Maldives,MDV,78.913
"Life expectancy at birth, total (years)",SP.DYN.LE00.IN,Mali,MLI,58.286
"Life expectancy at birth, total (years)",SP.DYN.LE00.IN,Malta,MLT,82.4536585365854
"Life expectancy at birth, total (years)",SP.DYN.LE00.IN,Marshall Islands,MHL,65.477
"Life expectancy at birth, total (years)",SP.DYN.LE00.IN,Mauritania,MRT,66.823
"Life expectancy at birth, total (years)",SP.DYN.LE00.IN,Mauritius,MUS,74.3948780487805
"Life expectancy at birth, total (years)",SP.DYN.LE00.IN,Mexico,MEX,74.376
"Life expectancy at birth, total (years)",SP.DYN.LE00.IN,"Micronesia, Fed. Sts.",FSM,65.576
"Life expectancy at birth, total (years)",SP.DYN.LE00.IN,Moldova,MDA,70.179
"Life expectancy at birth, total (years)",SP.DYN.LE00.IN,Monaco,MCO,85.63
"Life expectancy at birth, total (years)",SP.DYN.LE00.IN,Mongolia,MNG,70.2239024390244
"Life expectancy at birth, total (years)",SP.DYN.LE00.IN,Montenegro,MNE,76.5414634146342
"Life expectancy at birth, total (years)",SP.DYN.LE00.IN,Morocco,MAR,73.228
"Life expectancy at birth, total (years)",SP.DYN.LE00.IN,Mozambique,MOZ,59.455
"Life expectancy at birth, total (years)",SP.DYN.LE00.IN,Myanmar,MMR,65.64
"Life expectancy at birth, total (years)",SP.DYN.LE00.IN,Namibia,NAM,60.81
"Life expectancy at birth, total (years)",SP.DYN.LE00.IN,Nauru,NRU,60.996
"Life expectancy at birth, total (years)",SP.DYN.LE00.IN,Nepal,NPL,68.444
"Life expectancy at birth, total (years)",SP.DYN.LE00.IN,Netherlands,NLD,81.5609756097561
"Life expectancy at birth, total (years)",SP.DYN.LE00.IN,New Caledonia,NCL,77.359
"Life expectancy at birth, total (years)",SP.DYN.LE00.IN,New Zealand,NZL,81.6585365853659
"Life expectancy at birth, total (years)",SP.DYN.LE00.IN,Nicaragua,NIC,73.18
"Life expectancy at birth, total (years)",SP.DYN.LE00.IN,Niger,NER,59.228
"Life expectancy at birth, total (years)",SP.DYN.LE00.IN,Nigeria,NGA,52.189
"Life expectancy at birth, total (years)",SP.DYN.LE00.IN,Northern Mariana Islands,MNP,77.392
"Life expectancy at birth, total (years)",SP.DYN.LE00.IN,Norway,NOR,82.4073170731707
"Life expectancy at birth, total (years)",SP.DYN.LE00.IN,Oman,OMN,79.581
"Life expectancy at birth, total (years)",SP.DYN.LE00.IN,Pakistan,PAK,65.943
"Life expectancy at birth, total (years)",SP.DYN.LE00.IN,Palau,PLW,69.046
"Life expectancy at birth, total (years)",SP.DYN.LE00.IN,Panama,PAN,77.772
"Life expectancy at birth, total (years)",SP.DYN.LE00.IN,Papua New Guinea,PNG,64.7
"Life expectancy at birth, total (years)",SP.DYN.LE00.IN,Paraguay,PRY,73.487
"Life expectancy at birth, total (years)",SP.DYN.LE00.IN,Peru,PER,75.951
"Life expectancy at birth, total (years)",SP.DYN.LE00.IN,Philippines,PHL,69.49
"Life expectancy at birth, total (years)",SP.DYN.LE00.IN,Poland,POL,77.8512195121951
"Life expectancy at birth, total (years)",SP.DYN.LE00.IN,Portugal,PRT,81.1243902439025
"Life expectancy at birth, total (years)",SP.DYN.LE00.IN,Puerto Rico (US),PRI,80.355
"Life expectancy at birth, total (years)",SP.DYN.LE00.IN,Qatar,QAT,82.147
"Life expectancy at birth, total (years)",SP.DYN.LE00.IN,Romania,ROU,75.209756097561
"Life expectancy at birth, total (years)",SP.DYN.LE00.IN,Russian Federation,RUS,71.6512195121951
"Life expectancy at birth, total (years)",SP.DYN.LE00.IN,Rwanda,RWA,65.733
"Life expectancy at birth, total (years)",SP.DYN.LE00.IN,Samoa,WSM,71.003
"Life expectancy at birth, total (years)",SP.DYN.LE00.IN,San Marino,SMR,84.775
"Life expectancy at birth, total (years)",SP.DYN.LE00.IN,Sao Tome and Principe,STP,66.563
"Life expectancy at birth, total (years)",SP.DYN.LE00.IN,Saudi Arabia,SAU,78.354
"Life expectancy at birth, total (years)",SP.DYN.LE00.IN,Senegal,SEN,66.724
"Life expectancy at birth, total (years)",SP.DYN.LE00.IN,Serbia,SRB,75.6878048780488
"Life expectancy at birth, total (years)",SP.DYN.LE00.IN,Seychelles,SYC,74.309756097561
"Life expectancy at birth, total (years)",SP.DYN.LE00.IN,Sierra Leone,SLE,56.937
"Life expectancy at birth, total (years)",SP.DYN.LE00.IN,Singapore,SGP,82.8463414634146
"Life expectancy at birth, total (years)",SP.DYN.LE00.IN,Sint Maarten (Dutch part),SXM,75.952
"Life expectancy at birth, total (years)",SP.DYN.LE00.IN,Slovak Republic,SVK,77.1658536585366
"Life expectancy at birth, total (years)",SP.DYN.LE00.IN,Slovenia,SVN,81.1756097560976
"Life expectancy at birth, total (years)",SP.DYN.LE00.IN,Solomon Islands,SLB,69.501
"Life expectancy at birth, total (years)",SP.DYN.LE00.IN,"Somalia, Fed. Rep.",SOM,55.283
"Life expectancy at birth, total (years)",SP.DYN.LE00.IN,South Africa,ZAF,64.749
"Life expectancy at birth, total (years)",SP.DYN.LE00.IN,South Sudan,SSD,36.72
"Life expectancy at birth, total (years)",SP.DYN.LE00.IN,Spain,ESP,83.3292682926829
"Life expectancy at birth, total (years)",SP.DYN.LE00.IN,Sri Lanka,LKA,76.136
"Life expectancy at birth, total (years)",SP.DYN.LE00.IN,St. Kitts and Nevis,KNA,71.227
"Life expectancy at birth, total (years)",SP.DYN.LE00.IN,St. Lucia,LCA,72.552
"Life expectancy at birth, total (years)",SP.DYN.LE00.IN,St. Martin (French part),MAF,79.885
"Life expectancy at birth, total (years)",SP.DYN.LE00.IN,St. Vincent and the Grenadines,VCT,70.7
"Life expectancy at birth, total (years)",SP.DYN.LE00.IN,Sudan,SDN,64.677
"Life expectancy at birth, total (years)",SP.DYN.LE00.IN,Suriname,SUR,70.979
"Life expectancy at birth, total (years)",SP.DYN.LE00.IN,Eswatini,SWZ,56.228
"Life expectancy at birth, total (years)",SP.DYN.LE00.IN,Sweden,SWE,82.3073170731707
"Life expectancy at birth, total (years)",SP.DYN.LE00.IN,Switzerland,CHE,83.6024390243903
"Life expectancy at birth, total (years)",SP.DYN.LE00.IN,Syrian Arab Republic,SYR,65.19
"Life expectancy at birth, total (years)",SP.DYN.LE00.IN,Tajikistan,TJK,69.982
"Life expectancy at birth, total (years)",SP.DYN.LE00.IN,Tanzania,TZA,64.404
"Life expectancy at birth, total (years)",SP.DYN.LE00.IN,Thailand,THA,76.769
"Life expectancy at birth, total (years)",SP.DYN.LE00.IN,Timor-Leste,TLS,65.61
"Life expectancy at birth, total (years)",SP.DYN.LE00.IN,Togo,TGO,59.669
"Life expectancy at birth, total (years)",SP.DYN.LE00.IN,Tonga,TON,71.951
"Life expectancy at birth, total (years)",SP.DYN.LE00.IN,Trinidad and Tobago,TTO,72.935
"Life expectancy at birth, total (years)",SP.DYN.LE00.IN,Tunisia,TUN,75.007
"Life expectancy at birth, total (years)",SP.DYN.LE00.IN,Turkiye,TUR,76.595
"Life expectancy at birth, total (years)",SP.DYN.LE00.IN,Turkmenistan,TKM,69.142
"Life expectancy at birth, total (years)",SP.DYN.LE00.IN,Turks and Caicos Islands,TCA,77.437
"Life expectancy at birth, total (years)",SP.DYN.LE00.IN,Tuvalu,TUV,65.51
"Life expectancy at birth, total (years)",SP.DYN.LE00.IN,Uganda,UGA,64.494
"Life expectancy at birth, total (years)",SP.DYN.LE00.IN,Ukraine,UKR,73.389
"Life expectancy at birth, total (years)",SP.DYN.LE00.IN,United Arab Emirates,ARE,82.195
"Life expectancy at birth, total (years)",SP.DYN.LE00.IN,United Kingdom,GBR,81.1560975609756
"Life expectancy at birth, total (years)",SP.DYN.LE00.IN,United States,USA,78.5390243902439
"Life expectancy at birth, total (years)",SP.DYN.LE00.IN,Uruguay,URY,77.351
"Life expectancy at birth, total (years)",SP.DYN.LE00.IN,Uzbekistan,UZB,71.58
"Life expectancy at birth, total (years)",SP.DYN.LE00.IN,Vanuatu,VUT,70.397
"Life expectancy at birth, total (years)",SP.DYN.LE00.IN,"Venezuela, RB",VEN,72.002
"Life expectancy at birth, total (years)",SP.DYN.LE00.IN,Viet Nam,VNM,73.984
"Life expectancy at birth, total (years)",SP.DYN.LE00.IN,Virgin Islands (U.S.),VIR,79.1682926829268
"Life expectancy at birth, total (years)",SP.DYN.LE00.IN,West Bank and Gaza,PSE,74.917
"Life expectancy at birth, total (years)",SP.DYN.LE00.IN,"Yemen, Rep.",YEM,67.105
"Life expectancy at birth, total (years)",SP.DYN.LE00.IN,Zambia,ZMB,61.129
"Life expectancy at birth, total (years)",SP.DYN.LE00.IN,Zimbabwe,ZWE,59.76
"Fertility rate, total (births per woman)",SP.DYN.TFRT.IN,Afghanistan,AFG,5.542
"Fertility rate, total (births per woman)",SP.DYN.TFRT.IN,Albania,ALB,1.555
"Fertility rate, total (births per woman)",SP.DYN.TFRT.IN,Algeria,DZA,3.091
"Fertility rate, total (births per woman)",SP.DYN.TFRT.IN,American Samoa,ASM,2.699
"Fertility rate, total (births per woman)",SP.DYN.TFRT.IN,Andorra,AND,1.184
"Fertility rate, total (births per woman)",SP.DYN.TFRT.IN,Angola,AGO,5.686
"Fertility rate, total (births per woman)",SP.DYN.TFRT.IN,Antigua and Barbuda,ATG,1.458
"Fertility rate, total (births per woman)",SP.DYN.TFRT.IN,Argentina,ARG,2.241
"Fertility rate, total (births per woman)",SP.DYN.TFRT.IN,Armenia,ARM,1.6
"Fertility rate, total (births per woman)",SP.DYN.TFRT.IN,Aruba,ABW,1.848
"Fertility rate, total (births per woman)",SP.DYN.TFRT.IN,Australia,AUS,1.752
"Fertility rate, total (births per woman)",SP.DYN.TFRT.IN,Austria,AUT,1.53
"Fertility rate, total (births per woman)",SP.DYN.TFRT.IN,Azerbaijan,AZE,1.9
"Fertility rate, total (births per woman)",SP.DYN.TFRT.IN,"Bahamas, The",BHS,1.495
"Fertility rate, total (births per woman)",SP.DYN.TFRT.IN,Bahrain,BHR,2.042
"Fertility rate, total (births per woman)",SP.DYN.TFRT.IN,Bangladesh,BGD,2.227
"Fertility rate, total (births per woman)",SP.DYN.TFRT.IN,Barbados,BRB,1.724
"Fertility rate, total (births per woman)",SP.DYN.TFRT.IN,Belarus,BLR,1.733
"Fertility rate, total (births per woman)",SP.DYN.TFRT.IN,Belgium,BEL,1.68
"Fertility rate, total (births per woman)",SP.DYN.TFRT.IN,Belize,BLZ,2.396
"Fertility rate, total (births per woman)",SP.DYN.TFRT.IN,Benin,BEN,5.254
"Fertility rate, total (births per woman)",SP.DYN.TFRT.IN,Bermuda,BMU,1.45
"Fertility rate, total (births per woman)",SP.DYN.TFRT.IN,Bhutan,BTN,1.738
"Fertility rate, total (births per woman)",SP.DYN.TFRT.IN,Bolivia,BOL,2.829
"Fertility rate, total (births per woman)",SP.DYN.TFRT.IN,Bosnia and Herzegovina,BIH,1.36
"Fertility rate, total (births per woman)",SP.DYN.TFRT.IN,Botswana,BWA,2.99
"Fertility rate, total (births per woman)",SP.DYN.TFRT.IN,Brazil,BRA,1.727
"Fertility rate, total (births per woman)",SP.DYN.TFRT.IN,British Virgin Islands,VGB,0.987
"Fertility rate, total (births per woman)",SP.DYN.TFRT.IN,Brunei Darussalam,BRN,1.915
"Fertility rate, total (births per woman)",SP.DYN.TFRT.IN,Bulgaria,BGR,1.67
"Fertility rate, total (births per woman)",SP.DYN.TFRT.IN,Burkina Faso,BFA,5.331
"Fertility rate, total (births per woman)",SP.DYN.TFRT.IN,Burundi,BDI,5.587
"Fertility rate, total (births per woman)",SP.DYN.TFRT.IN,Cabo Verde,CPV,1.966
"Fertility rate, total (births per woman)",SP.DYN.TFRT.IN,Cambodia,KHM,2.725
"Fertility rate, total (births per woman)",SP.DYN.TFRT.IN,Cameroon,CMR,4.842
"Fertility rate, total (births per woman)",SP.DYN.TFRT.IN,Canada,CAN,1.59
"Fertility rate, total (births per woman)",SP.DYN.TFRT.IN,Cayman Islands,CYM,1.231
"Fertility rate, total (births per woman)",SP.DYN.TFRT.IN,Central African Republic,CAF,6.126
"Fertility rate, total (births per woman)",SP.DYN.TFRT.IN,Chad,TCD,6.623
"Fertility rate, total (births per woman)",SP.DYN.TFRT.IN,Channel Islands,CHI,1.46
"Fertility rate, total (births per woman)",SP.DYN.TFRT.IN,Chile,CHL,1.686
"Fertility rate, total (births per woman)",SP.DYN.TFRT.IN,China,CHN,1.772
"Fertility rate, total (births per woman)",SP.DYN.TFRT.IN,Colombia,COL,1.719
"Fertility rate, total (births per woman)",SP.DYN.TFRT.IN,Comoros,COM,4.348
"Fertility rate, total (births per woman)",SP.DYN.TFRT.IN,"Congo, Dem. Rep.",COD,6.392
"Fertility rate, total (births per woman)",SP.DYN.TFRT.IN,"Congo, Rep.",COG,4.546
"Fertility rate, total (births per woman)",SP.DYN.TFRT.IN,Costa Rica,CRI,1.746
"Fertility rate, total (births per woman)",SP.DYN.TFRT.IN,Cote d'Ivoire,CIV,4.873
"Fertility rate, total (births per woman)",SP.DYN.TFRT.IN,Croatia,HRV,1.43
"Fertility rate, total (births per woman)",SP.DYN.TFRT.IN,Cuba,CUB,1.6
"Fertility rate, total (births per woman)",SP.DYN.TFRT.IN,Curacao,CUW,1.7
"Fertility rate, total (births per woman)",SP.DYN.TFRT.IN,Cyprus,CYP,1.357
"Fertility rate, total (births per woman)",SP.DYN.TFRT.IN,Czechia,CZE,1.63
"Fertility rate, total (births per woman)",SP.DYN.TFRT.IN,Denmark,DNK,1.79
"Fertility rate, total (births per woman)",SP.DYN.TFRT.IN,Djibouti,DJI,2.969
"Fertility rate, total (births per woman)",SP.DYN.TFRT.IN,Dominica,DMA,1.581
"Fertility rate, total (births per woman)",SP.DYN.TFRT.IN,Dominican Republic,DOM,2.41
"Fertility rate, total (births per woman)",SP.DYN.TFRT.IN,Ecuador,ECU,2.122
"Fertility rate, total (births per woman)",SP.DYN.TFRT.IN,"Egypt, Arab Rep.",EGY,3.35
"Fertility rate, total (births per woman)",SP.DYN.TFRT.IN,El Salvador,SLV,1.965
"Fertility rate, total (births per woman)",SP.DYN.TFRT.IN,Equatorial Guinea,GNQ,4.686
"Fertility rate, total (births per woman)",SP.DYN.TFRT.IN,Eritrea,ERI,4.164
"Fertility rate, total (births per woman)",SP.DYN.TFRT.IN,Estonia,EST,1.6
"Fertility rate, total (births per woman)",SP.DYN.TFRT.IN,Ethiopia,ETH,4.473
"Fertility rate, total (births per woman)",SP.DYN.TFRT.IN,Faroe Islands,FRO,2.6393
"Fertility rate, total (births per woman)",SP.DYN.TFRT.IN,Fiji,FJI,2.518
"Fertility rate, total (births per woman)",SP.DYN.TFRT.IN,Finland,FIN,1.57
"Fertility rate, total (births per woman)",SP.DYN.TFRT.IN,France,FRA,1.92
"Fertility rate, total (births per woman)",SP.DYN.TFRT.IN,French Polynesia,PYF,1.763
"Fertility rate, total (births per woman)",SP.DYN.TFRT.IN,Gabon,GAB,3.921
"Fertility rate, total (births per woman)",SP.DYN.TFRT.IN,"Gambia, The",GMB,4.809
"Fertility rate, total (births per woman)",SP.DYN.TFRT.IN,Georgia,GEO,2.228
"Fertility rate, total (births per woman)",SP.DYN.TFRT.IN,Germany,DEU,1.6
"Fertility rate, total (births per woman)",SP.DYN.TFRT.IN,Ghana,GHA,3.873
"Fertility rate, total (births per woman)",SP.DYN.TFRT.IN,Gibraltar,GIB,1.94
"Fertility rate, total (births per woman)",SP.DYN.TFRT.IN,Greece,GRC,1.38
"Fertility rate, total (births per woman)",SP.DYN.TFRT.IN,Greenland,GRL,2
"Fertility rate, total (births per woman)",SP.DYN.TFRT.IN,Grenada,GRD,1.616
"Fertility rate, total (births per woman)",SP.DYN.TFRT.IN,Guam,GUM,3.171
"Fertility rate, total (births per woman)",SP.DYN.TFRT.IN,Guatemala,GTM,2.973
"Fertility rate, total (births per woman)",SP.DYN.TFRT.IN,Guinea,GIN,4.915
"Fertility rate, total (births per woman)",SP.DYN.TFRT.IN,Guinea-Bissau,GNB,4.519
"Fertility rate, total (births per woman)",SP.DYN.TFRT.IN,Guyana,GUY,2.634
"Fertility rate, total (births per woman)",SP.DYN.TFRT.IN,Haiti,HTI,3.054
"Fertility rate, total (births per woman)",SP.DYN.TFRT.IN,Honduras,HND,2.704
"Fertility rate, total (births per woman)",SP.DYN.TFRT.IN,"Hong Kong SAR, China",HKG,1.205
"Fertility rate, total (births per woman)",SP.DYN.TFRT.IN,Hungary,HUN,1.53
"Fertility rate, total (births per woman)",SP.DYN.TFRT.IN,Iceland,ISL,1.74
"Fertility rate, total (births per woman)",SP.DYN.TFRT.IN,India,IND,2.284
"Fertility rate, total (births per woman)",SP.DYN.TFRT.IN,Indonesia,IDN,2.311
"Fertility rate, total (births per woman)",SP.DYN.TFRT.IN,"Iran, Islamic Rep.",IRN,2.054
"Fertility rate, total (births per woman)",SP.DYN.TFRT.IN,Iraq,IRQ,3.843
"Fertility rate, total (births per woman)",SP.DYN.TFRT.IN,Ireland,IRL,1.81
"Fertility rate, total (births per woman)",SP.DYN.TFRT.IN,Isle of Man,IMN,1.713
"Fertility rate, total (births per woman)",SP.DYN.TFRT.IN,Israel,ISR,3.11
"Fertility rate, total (births per woman)",SP.DYN.TFRT.IN,Italy,ITA,1.36
"Fertility rate, total (births per woman)",SP.DYN.TFRT.IN,Jamaica,JAM,1.464
"Fertility rate, total (births per woman)",SP.DYN.TFRT.IN,Japan,JPN,1.44
"Fertility rate, total (births per woman)",SP.DYN.TFRT.IN,Jordan,JOR,3.072
"Fertility rate, total (births per woman)",SP.DYN.TFRT.IN,Kazakhstan,KAZ,2.795
"Fertility rate, total (births per woman)",SP.DYN.TFRT.IN,Kenya,KEN,3.689
"Fertility rate, total (births per woman)",SP.DYN.TFRT.IN,Kiribati,KIR,3.375
"Fertility rate, total (births per woman)",SP.DYN.TFRT.IN,"Korea, Dem. People's Rep.",PRK,1.856
"Fertility rate, total (births per woman)",SP.DYN.TFRT.IN,"Korea, Rep.",KOR,1.172
"Fertility rate, total (births per woman)",SP.DYN.TFRT.IN,Kosovo,XKX,1.641
"Fertility rate, total (births per woman)",SP.DYN.TFRT.IN,Kuwait,KWT,2.061
"Fertility rate, total (births per woman)",SP.DYN.TFRT.IN,Kyrgyz Republic,KGZ,3.1
"Fertility rate, total (births per woman)",SP.DYN.TFRT.IN,Lao PDR,LAO,2.744
"Fertility rate, total (births per woman)",SP.DYN.TFRT.IN,Latvia,LVA,1.74
"Fertility rate, total (births per woman)",SP.DYN.TFRT.IN,Lebanon,LBN,2.39
"Fertility rate, total (births per woman)",SP.DYN.TFRT.IN,Lesotho,LSO,3.18
"Fertility rate, total (births per woman)",SP.DYN.TFRT.IN,Liberia,LBR,4.461
"Fertility rate, total (births per woman)",SP.DYN.TFRT.IN,Libya,LBY,2.673
"Fertility rate, total (births per woman)",SP.DYN.TFRT.IN,Liechtenstein,LIE,1.61
"Fertility rate, total (births per woman)",SP.DYN.TFRT.IN,Lithuania,LTU,1.63
"Fertility rate, total (births per woman)",SP.DYN.TFRT.IN,Luxembourg,LUX,1.41
"Fertility rate, total (births per woman)",SP.DYN.TFRT.IN,"Macao SAR, China",MAC,1.138
"Fertility rate, total (births per woman)",SP.DYN.TFRT.IN,North Macedonia,MKD,1.5
"Fertility rate, total (births per woman)",SP.DYN.TFRT.IN,Madagascar,MDG,4.285
"Fertility rate, total (births per woman)",SP.DYN.TFRT.IN,Malawi,MWI,4.216
"Fertility rate, total (births per woman)",SP.DYN.TFRT.IN,Malaysia,MYS,1.942
"Fertility rate, total (births per woman)",SP.DYN.TFRT.IN,Maldives,MDV,1.903
"Fertility rate, total (births per woman)",SP.DYN.TFRT.IN,Mali,MLI,6.319
"Fertility rate, total (births per woman)",SP.DYN.TFRT.IN,Malta,MLT,1.37
"Fertility rate, total (births per woman)",SP.DYN.TFRT.IN,Marshall Islands,MHL,3.091
"Fertility rate, total (births per woman)",SP.DYN.TFRT.IN,Mauritania,MRT,5.157
"Fertility rate, total (births per woman)",SP.DYN.TFRT.IN,Mauritius,MUS,1.4
"Fertility rate, total (births per woman)",SP.DYN.TFRT.IN,Mexico,MEX,2.086
"Fertility rate, total (births per woman)",SP.DYN.TFRT.IN,"Micronesia, Fed. Sts.",FSM,3.001
"Fertility rate, total (births per woman)",SP.DYN.TFRT.IN,Moldova,MDA,1.89
"Fertility rate, total (births per woman)",SP.DYN.TFRT.IN,Monaco,MCO,2.578
"Fertility rate, total (births per woman)",SP.DYN.TFRT.IN,Mongolia,MNG,3
"Fertility rate, total (births per woman)",SP.DYN.TFRT.IN,Montenegro,MNE,1.8
"Fertility rate, total (births per woman)",SP.DYN.TFRT.IN,Morocco,MAR,2.396
"Fertility rate, total (births per woman)",SP.DYN.TFRT.IN,Mozambique,MOZ,5.188
"Fertility rate, total (births per woman)",SP.DYN.TFRT.IN,Myanmar,MMR,2.27
"Fertility rate, total (births per woman)",SP.DYN.TFRT.IN,Namibia,NAM,3.574
"Fertility rate, total (births per woman)",SP.DYN.TFRT.IN,Nauru,NRU,4.027
"Fertility rate, total (births per woman)",SP.DYN.TFRT.IN,Nepal,NPL,2.226
"Fertility rate, total (births per woman)",SP.DYN.TFRT.IN,Netherlands,NLD,1.66
"Fertility rate, total (births per woman)",SP.DYN.TFRT.IN,New Caledonia,NCL,2.078
"Fertility rate, total (births per woman)",SP.DYN.TFRT.IN,New Zealand,NZL,1.87
"Fertility rate, total (births per woman)",SP.DYN.TFRT.IN,Nicaragua,NIC,2.407
"Fertility rate, total (births per woman)",SP.DYN.TFRT.IN,Niger,NER,7.043
"Fertility rate, total (births per woman)",SP.DYN.TFRT.IN,Nigeria,NGA,5.343
"Fertility rate, total (births per woman)",SP.DYN.TFRT.IN,Northern Mariana Islands,MNP,2.923
"Fertility rate, total (births per woman)",SP.DYN.TFRT.IN,Norway,NOR,1.71
"Fertility rate, total (births per woman)",SP.DYN.TFRT.IN,Oman,OMN,2.949
"Fertility rate, total (births per woman)",SP.DYN.TFRT.IN,Pakistan,PAK,3.902
"Fertility rate, total (births per woman)",SP.DYN.TFRT.IN,Palau,PLW,2.055
"Fertility rate, total (births per woman)",SP.DYN.TFRT.IN,Panama,PAN,2.502
"Fertility rate, total (births per woman)",SP.DYN.TFRT.IN,Papua New Guinea,PNG,3.495
"Fertility rate, total (births per woman)",SP.DYN.TFRT.IN,Paraguay,PRY,2.624
"Fertility rate, total (births per woman)",SP.DYN.TFRT.IN,Peru,PER,2.189
"Fertility rate, total (births per woman)",SP.DYN.TFRT.IN,Philippines,PHL,2.679
"Fertility rate, total (births per woman)",SP.DYN.TFRT.IN,Poland,POL,1.39
"Fertility rate, total (births per woman)",SP.DYN.TFRT.IN,Portugal,PRT,1.37
"Fertility rate, total (births per woman)",SP.DYN.TFRT.IN,Puerto Rico (US),PRI,1.2425
"Fertility rate, total (births per woman)",SP.DYN.TFRT.IN,Qatar,QAT,1.856
"Fertility rate, total (births per woman)",SP.DYN.TFRT.IN,Romania,ROU,1.69
"Fertility rate, total (births per woman)",SP.DYN.TFRT.IN,Russian Federation,RUS,1.762
"Fertility rate, total (births per woman)",SP.DYN.TFRT.IN,Rwanda,RWA,4.106
"Fertility rate, total (births per woman)",SP.DYN.TFRT.IN,Samoa,WSM,4.262
"Fertility rate, total (births per woman)",SP.DYN.TFRT.IN,San Marino,SMR,1.127
"Fertility rate, total (births per woman)",SP.DYN.TFRT.IN,Sao Tome and Principe,STP,4.203
"Fertility rate, total (births per woman)",SP.DYN.TFRT.IN,Saudi Arabia,SAU,2.65
"Fertility rate, total (births per woman)",SP.DYN.TFRT.IN,Senegal,SEN,4.648
"Fertility rate, total (births per woman)",SP.DYN.TFRT.IN,Serbia,SRB,1.46
"Fertility rate, total (births per woman)",SP.DYN.TFRT.IN,Seychelles,SYC,2.39
"Fertility rate, total (births per woman)",SP.DYN.TFRT.IN,Sierra Leone,SLE,4.466
"Fertility rate, total (births per woman)",SP.DYN.TFRT.IN,Singapore,SGP,1.2
"Fertility rate, total (births per woman)",SP.DYN.TFRT.IN,Sint Maarten (Dutch part),SXM,1.642
"Fertility rate, total (births per woman)",SP.DYN.TFRT.IN,Slovak Republic,SVK,1.48
"Fertility rate, total (births per woman)",SP.DYN.TFRT.IN,Slovenia,SVN,1.58
"Fertility rate, total (births per woman)",SP.DYN.TFRT.IN,Solomon Islands,SLB,4.2
"Fertility rate, total (births per woman)",SP.DYN.TFRT.IN,"Somalia, Fed. Rep.",SOM,6.878
"Fertility rate, total (births per woman)",SP.DYN.TFRT.IN,South Africa,ZAF,2.261
"Fertility rate, total (births per woman)",SP.DYN.TFRT.IN,South Sudan,SSD,4.579
"Fertility rate, total (births per woman)",SP.DYN.TFRT.IN,Spain,ESP,1.33
"Fertility rate, total (births per woman)",SP.DYN.TFRT.IN,Sri Lanka,LKA,2.062
"Fertility rate, total (births per woman)",SP.DYN.TFRT.IN,St. Kitts and Nevis,KNA,1.633
"Fertility rate, total (births per woman)",SP.DYN.TFRT.IN,St. Lucia,LCA,1.461
"Fertility rate, total (births per woman)",SP.DYN.TFRT.IN,St. Martin (French part),MAF,2.643
"Fertility rate, total (births per woman)",SP.DYN.TFRT.IN,St. Vincent and the Grenadines,VCT,2.055
"Fertility rate, total (births per woman)",SP.DYN.TFRT.IN,Sudan,SDN,4.829
"Fertility rate, total (births per woman)",SP.DYN.TFRT.IN,Suriname,SUR,2.5
"Fertility rate, total (births per woman)",SP.DYN.TFRT.IN,Eswatini,SWZ,3.068
"Fertility rate, total (births per woman)",SP.DYN.TFRT.IN,Sweden,SWE,1.85
"Fertility rate, total (births per woman)",SP.DYN.TFRT.IN,Switzerland,CHE,1.54
"Fertility rate, total (births per woman)",SP.DYN.TFRT.IN,Syrian Arab Republic,SYR,3.012
"Fertility rate, total (births per woman)",SP.DYN.TFRT.IN,Tajikistan,TJK,3.384
"Fertility rate, total (births per woman)",SP.DYN.TFRT.IN,Tanzania,TZA,5.006
"Fertility rate, total (births per woman)",SP.DYN.TFRT.IN,Thailand,THA,1.4
"Fertility rate, total (births per woman)",SP.DYN.TFRT.IN,Timor-Leste,TLS,3.582
"Fertility rate, total (births per woman)",SP.DYN.TFRT.IN,Togo,TGO,4.634
"Fertility rate, total (births per woman)",SP.DYN.TFRT.IN,Tonga,TON,3.463
"Fertility rate, total (births per woman)",SP.DYN.TFRT.IN,Trinidad and Tobago,TTO,1.601
"Fertility rate, total (births per woman)",SP.DYN.TFRT.IN,Tunisia,TUN,2.275
"Fertility rate, total (births per woman)",SP.DYN.TFRT.IN,Turkiye,TUR,2.11
"Fertility rate, total (births per woman)",SP.DYN.TFRT.IN,Turkmenistan,TKM,2.99
"Fertility rate, total (births per woman)",SP.DYN.TFRT.IN,Turks and Caicos Islands,TCA,1.713
"Fertility rate, total (births per woman)",SP.DYN.TFRT.IN,Tuvalu,TUV,3.297
"Fertility rate, total (births per woman)",SP.DYN.TFRT.IN,Uganda,UGA,5.112
"Fertility rate, total (births per woman)",SP.DYN.TFRT.IN,Ukraine,UKR,1.391
"Fertility rate, total (births per woman)",SP.DYN.TFRT.IN,United Arab Emirates,ARE,1.366
"Fertility rate, total (births per woman)",SP.DYN.TFRT.IN,United Kingdom,GBR,1.79
"Fertility rate, total (births per woman)",SP.DYN.TFRT.IN,United States,USA,1.8205
"Fertility rate, total (births per woman)",SP.DYN.TFRT.IN,Uruguay,URY,1.966
"Fertility rate, total (births per woman)",SP.DYN.TFRT.IN,Uzbekistan,UZB,2.564
"Fertility rate, total (births per woman)",SP.DYN.TFRT.IN,Vanuatu,VUT,3.915
"Fertility rate, total (births per woman)",SP.DYN.TFRT.IN,"Venezuela, RB",VEN,2.217
"Fertility rate, total (births per woman)",SP.DYN.TFRT.IN,Viet Nam,VNM,2
"Fertility rate, total (births per woman)",SP.DYN.TFRT.IN,Virgin Islands (U.S.),VIR,2.09
"Fertility rate, total (births per woman)",SP.DYN.TFRT.IN,West Bank and Gaza,PSE,3.887
"Fertility rate, total (births per woman)",SP.DYN.TFRT.IN,"Yemen, Rep.",YEM,4.613
"Fertility rate, total (births per woman)",SP.DYN.TFRT.IN,Zambia,ZMB,4.669
"Fertility rate, total (births per woman)",SP.DYN.TFRT.IN,Zimbabwe,ZWE,3.828
"Adolescent fertility rate (births per 1,000 women ages 15-19)",SP.ADO.TFRT,Afghanistan,AFG,78.13
"Adolescent fertility rate (births per 1,000 women ages 15-19)",SP.ADO.TFRT,Albania,ALB,18.518
"Adolescent fertility rate (births per 1,000 women ages 15-19)",SP.ADO.TFRT,Algeria,DZA,10.5
"Adolescent fertility rate (births per 1,000 women ages 15-19)",SP.ADO.TFRT,American Samoa,ASM,39.45
"Adolescent fertility rate (births per 1,000 women ages 15-19)",SP.ADO.TFRT,Andorra,AND,4.576
"Adolescent fertility rate (births per 1,000 women ages 15-19)",SP.ADO.TFRT,Angola,AGO,148.905
"Adolescent fertility rate (births per 1,000 women ages 15-19)",SP.ADO.TFRT,Antigua and Barbuda,ATG,31.44
"Adolescent fertility rate (births per 1,000 women ages 15-19)",SP.ADO.TFRT,Argentina,ARG,58.79
"Adolescent fertility rate (births per 1,000 women ages 15-19)",SP.ADO.TFRT,Armenia,ARM,24.38
"Adolescent fertility rate (births per 1,000 women ages 15-19)",SP.ADO.TFRT,Aruba,ABW,30.102
"Adolescent fertility rate (births per 1,000 women ages 15-19)",SP.ADO.TFRT,Australia,AUS,10.939
"Adolescent fertility rate (births per 1,000 women ages 15-19)",SP.ADO.TFRT,Austria,AUT,7.505
"Adolescent fertility rate (births per 1,000 women ages 15-19)",SP.ADO.TFRT,Azerbaijan,AZE,58.882
"Adolescent fertility rate (births per 1,000 women ages 15-19)",SP.ADO.TFRT,"Bahamas, The",BHS,28.989
"Adolescent fertility rate (births per 1,000 women ages 15-19)",SP.ADO.TFRT,Bahrain,BHR,14.105
"Adolescent fertility rate (births per 1,000 women ages 15-19)",SP.ADO.TFRT,Bangladesh,BGD,87.837
"Adolescent fertility rate (births per 1,000 women ages 15-19)",SP.ADO.TFRT,Barbados,BRB,45.528
"Adolescent fertility rate (births per 1,000 women ages 15-19)",SP.ADO.TFRT,Belarus,BLR,16.076
"Adolescent fertility rate (births per 1,000 women ages 15-19)",SP.ADO.TFRT,Belgium,BEL,6.228
"Adolescent fertility rate (births per 1,000 women ages 15-19)",SP.ADO.TFRT,Belize,BLZ,70.672
"Adolescent fertility rate (births per 1,000 women ages 15-19)",SP.ADO.TFRT,Benin,BEN,95.223
"Adolescent fertility rate (births per 1,000 women ages 15-19)",SP.ADO.TFRT,Bermuda,BMU,5.433
"Adolescent fertility rate (births per 1,000 women ages 15-19)",SP.ADO.TFRT,Bhutan,BTN,14.108
"Adolescent fertility rate (births per 1,000 women ages 15-19)",SP.ADO.TFRT,Bolivia,BOL,71.546
"Adolescent fertility rate (births per 1,000 women ages 15-19)",SP.ADO.TFRT,Bosnia and Herzegovina,BIH,11.3
"Adolescent fertility rate (births per 1,000 women ages 15-19)",SP.ADO.TFRT,Botswana,BWA,54.312
"Adolescent fertility rate (births per 1,000 women ages 15-19)",SP.ADO.TFRT,Brazil,BRA,58.372
"Adolescent fertility rate (births per 1,000 women ages 15-19)",SP.ADO.TFRT,British Virgin Islands,VGB,14.535
"Adolescent fertility rate (births per 1,000 women ages 15-19)",SP.ADO.TFRT,Brunei Darussalam,BRN,11.062
"Adolescent fertility rate (births per 1,000 women ages 15-19)",SP.ADO.TFRT,Bulgaria,BGR,38.076
"Adolescent fertility rate (births per 1,000 women ages 15-19)",SP.ADO.TFRT,Burkina Faso,BFA,114.519
"Adolescent fertility rate (births per 1,000 women ages 15-19)",SP.ADO.TFRT,Burundi,BDI,60.404
"Adolescent fertility rate (births per 1,000 women ages 15-19)",SP.ADO.TFRT,Cabo Verde,CPV,58.61
"Adolescent fertility rate (births per 1,000 women ages 15-19)",SP.ADO.TFRT,Cambodia,KHM,52.522
"Adolescent fertility rate (births per 1,000 women ages 15-19)",SP.ADO.TFRT,Cameroon,CMR,119.352
"Adolescent fertility rate (births per 1,000 women ages 15-19)",SP.ADO.TFRT,Canada,CAN,8.695
"Adolescent fertility rate (births per 1,000 women ages 15-19)",SP.ADO.TFRT,Cayman Islands,CYM,12.706
"Adolescent fertility rate (births per 1,000 women ages 15-19)",SP.ADO.TFRT,Central African Republic,CAF,164.342
"Adolescent fertility rate (births per 1,000 women ages 15-19)",SP.ADO.TFRT,Chad,TCD,155.838
"Adolescent fertility rate (births per 1,000 women ages 15-19)",SP.ADO.TFRT,Channel Islands,CHI,11.456
"Adolescent fertility rate (births per 1,000 women ages 15-19)",SP.ADO.TFRT,Chile,CHL,33.658
"Adolescent fertility rate (births per 1,000 women ages 15-19)",SP.ADO.TFRT,China,CHN,10.747
"Adolescent fertility rate (births per 1,000 women ages 15-19)",SP.ADO.TFRT,Colombia,COL,66.84
"Adolescent fertility rate (births per 1,000 women ages 15-19)",SP.ADO.TFRT,Comoros,COM,62.209
"Adolescent fertility rate (births per 1,000 women ages 15-19)",SP.ADO.TFRT,"Congo, Dem. Rep.",COD,113.478
"Adolescent fertility rate (births per 1,000 women ages 15-19)",SP.ADO.TFRT,"Congo, Rep.",COG,118.945
"Adolescent fertility rate (births per 1,000 women ages 15-19)",SP.ADO.TFRT,Costa Rica,CRI,53.376
"Adolescent fertility rate (births per 1,000 women ages 15-19)",SP.ADO.TFRT,Cote d'Ivoire,CIV,113.001
"Adolescent fertility rate (births per 1,000 women ages 15-19)",SP.ADO.TFRT,Croatia,HRV,9.946
"Adolescent fertility rate (births per 1,000 women ages 15-19)",SP.ADO.TFRT,Cuba,CUB,48.43
"Adolescent fertility rate (births per 1,000 women ages 15-19)",SP.ADO.TFRT,Curacao,CUW,24.703
"Adolescent fertility rate (births per 1,000 women ages 15-19)",SP.ADO.TFRT,Cyprus,CYP,6.274
"Adolescent fertility rate (births per 1,000 women ages 15-19)",SP.ADO.TFRT,Czechia,CZE,11.789
"Adolescent fertility rate (births per 1,000 women ages 15-19)",SP.ADO.TFRT,Denmark,DNK,3.438
"Adolescent fertility rate (births per 1,000 women ages 15-19)",SP.ADO.TFRT,Djibouti,DJI,20.971
"Adolescent fertility rate (births per 1,000 women ages 15-19)",SP.ADO.TFRT,Dominica,DMA,37.496
"Adolescent fertility rate (births per 1,000 women ages 15-19)",SP.ADO.TFRT,Dominican Republic,DOM,78.64
"Adolescent fertility rate (births per 1,000 women ages 15-19)",SP.ADO.TFRT,Ecuador,ECU,74.617
"Adolescent fertility rate (births per 1,000 women ages 15-19)",SP.ADO.TFRT,"Egypt, Arab Rep.",EGY,54.025
"Adolescent fertility rate (births per 1,000 women ages 15-19)",SP.ADO.TFRT,El Salvador,SLV,65.059
"Adolescent fertility rate (births per 1,000 women ages 15-19)",SP.ADO.TFRT,Equatorial Guinea,GNQ,167.303
"Adolescent fertility rate (births per 1,000 women ages 15-19)",SP.ADO.TFRT,Eritrea,ERI,72.316
"Adolescent fertility rate (births per 1,000 women ages 15-19)",SP.ADO.TFRT,Estonia,EST,10.938
"Adolescent fertility rate (births per 1,000 women ages 15-19)",SP.ADO.TFRT,Ethiopia,ETH,77.374
"Adolescent fertility rate (births per 1,000 women ages 15-19)",SP.ADO.TFRT,Faroe Islands,FRO,8.77
"Adolescent fertility rate (births per 1,000 women ages 15-19)",SP.ADO.TFRT,Fiji,FJI,21.943
"Adolescent fertility rate (births per 1,000 women ages 15-19)",SP.ADO.TFRT,Finland,FIN,5.598
"Adolescent fertility rate (births per 1,000 women ages 15-19)",SP.ADO.TFRT,France,FRA,7.557
"Adolescent fertility rate (births per 1,000 women ages 15-19)",SP.ADO.TFRT,French Polynesia,PYF,33.933
"Adolescent fertility rate (births per 1,000 women ages 15-19)",SP.ADO.TFRT,Gabon,GAB,99.801
"Adolescent fertility rate (births per 1,000 women ages 15-19)",SP.ADO.TFRT,"Gambia, The",GMB,72.228
"Adolescent fertility rate (births per 1,000 women ages 15-19)",SP.ADO.TFRT,Georgia,GEO,44.002
"Adolescent fertility rate (births per 1,000 women ages 15-19)",SP.ADO.TFRT,Germany,DEU,9.23
"Adolescent fertility rate (births per 1,000 women ages 15-19)",SP.ADO.TFRT,Ghana,GHA,70.423
"Adolescent fertility rate (births per 1,000 women ages 15-19)",SP.ADO.TFRT,Gibraltar,GIB,8.796
"Adolescent fertility rate (births per 1,000 women ages 15-19)",SP.ADO.TFRT,Greece,GRC,9.048
"Adolescent fertility rate (births per 1,000 women ages 15-19)",SP.ADO.TFRT,Greenland,GRL,40.228
"Adolescent fertility rate (births per 1,000 women ages 15-19)",SP.ADO.TFRT,Grenada,GRD,33.887
"Adolescent fertility rate (births per 1,000 women ages 15-19)",SP.ADO.TFRT,Guam,GUM,40.661
"Adolescent fertility rate (births per 1,000 women ages 15-19)",SP.ADO.TFRT,Guatemala,GTM,85.004
"Adolescent fertility rate (births per 1,000 women ages 15-19)",SP.ADO.TFRT,Guinea,GIN,126.677
"Adolescent fertility rate (births per 1,000 women ages 15-19)",SP.ADO.TFRT,Guinea-Bissau,GNB,94.263
"Adolescent fertility rate (births per 1,000 women ages 15-19)",SP.ADO.TFRT,Guyana,GUY,79.007
"Adolescent fertility rate (births per 1,000 women ages 15-19)",SP.ADO.TFRT,Haiti,HTI,56.454
"Adolescent fertility rate (births per 1,000 women ages 15-19)",SP.ADO.TFRT,Honduras,HND,86.927
"Adolescent fertility rate (births per 1,000 women ages 15-19)",SP.ADO.TFRT,"Hong Kong SAR, China",HKG,3.08
"Adolescent fertility rate (births per 1,000 women ages 15-19)",SP.ADO.TFRT,Hungary,HUN,24.847
"Adolescent fertility rate (births per 1,000 women ages 15-19)",SP.ADO.TFRT,Iceland,ISL,6.669
"Adolescent fertility rate (births per 1,000 women ages 15-19)",SP.ADO.TFRT,India,IND,14.535
"Adolescent fertility rate (births per 1,000 women ages 15-19)",SP.ADO.TFRT,Indonesia,IDN,35.356
"Adolescent fertility rate (births per 1,000 women ages 15-19)",SP.ADO.TFRT,"Iran, Islamic Rep.",IRN,36.172
"Adolescent fertility rate (births per 1,000 women ages 15-19)",SP.ADO.TFRT,Iraq,IRQ,71.098
"Adolescent fertility rate (births per 1,000 women ages 15-19)",SP.ADO.TFRT,Ireland,IRL,7.307
"Adolescent fertility rate (births per 1,000 women ages 15-19)",SP.ADO.TFRT,Isle of Man,IMN,10.44
"Adolescent fertility rate (births per 1,000 women ages 15-19)",SP.ADO.TFRT,Israel,ISR,9.277
"Adolescent fertility rate (births per 1,000 women ages 15-19)",SP.ADO.TFRT,Italy,ITA,4.766
"Adolescent fertility rate (births per 1,000 women ages 15-19)",SP.ADO.TFRT,Jamaica,JAM,42.821
"Adolescent fertility rate (births per 1,000 women ages 15-19)",SP.ADO.TFRT,Japan,JPN,3.75
"Adolescent fertility rate (births per 1,000 women ages 15-19)",SP.ADO.TFRT,Jordan,JOR,28.618
"Adolescent fertility rate (births per 1,000 women ages 15-19)",SP.ADO.TFRT,Kazakhstan,KAZ,28.612
"Adolescent fertility rate (births per 1,000 women ages 15-19)",SP.ADO.TFRT,Kenya,KEN,73.781
"Adolescent fertility rate (births per 1,000 women ages 15-19)",SP.ADO.TFRT,Kiribati,KIR,49.553
"Adolescent fertility rate (births per 1,000 women ages 15-19)",SP.ADO.TFRT,"Korea, Dem. People's Rep.",PRK,0.592
"Adolescent fertility rate (births per 1,000 women ages 15-19)",SP.ADO.TFRT,"Korea, Rep.",KOR,1.478
"Adolescent fertility rate (births per 1,000 women ages 15-19)",SP.ADO.TFRT,Kosovo,XKX,8.408
"Adolescent fertility rate (births per 1,000 women ages 15-19)",SP.ADO.TFRT,Kuwait,KWT,6.45
"Adolescent fertility rate (births per 1,000 women ages 15-19)",SP.ADO.TFRT,Kyrgyz Republic,KGZ,39.706
"Adolescent fertility rate (births per 1,000 women ages 15-19)",SP.ADO.TFRT,Lao PDR,LAO,84.146
"Adolescent fertility rate (births per 1,000 women ages 15-19)",SP.ADO.TFRT,Latvia,LVA,15.499
"Adolescent fertility rate (births per 1,000 women ages 15-19)",SP.ADO.TFRT,Lebanon,LBN,22.796
"Adolescent fertility rate (births per 1,000 women ages 15-19)",SP.ADO.TFRT,Lesotho,LSO,85.849
"Adolescent fertility rate (births per 1,000 women ages 15-19)",SP.ADO.TFRT,Liberia,LBR,137.803
"Adolescent fertility rate (births per 1,000 women ages 15-19)",SP.ADO.TFRT,Libya,LBY,7.23
"Adolescent fertility rate (births per 1,000 women ages 15-19)",SP.ADO.TFRT,Liechtenstein,LIE,2.519
"Adolescent fertility rate (births per 1,000 women ages 15-19)",SP.ADO.TFRT,Lithuania,LTU,13.826
"Adolescent fertility rate (births per 1,000 women ages 15-19)",SP.ADO.TFRT,Luxembourg,LUX,4.875
"Adolescent fertility rate (births per 1,000 women ages 15-19)",SP.ADO.TFRT,"Macao SAR, China",MAC,2.011
"Adolescent fertility rate (births per 1,000 women ages 15-19)",SP.ADO.TFRT,North Macedonia,MKD,18.616
"Adolescent fertility rate (births per 1,000 women ages 15-19)",SP.ADO.TFRT,Madagascar,MDG,135.171
"Adolescent fertility rate (births per 1,000 women ages 15-19)",SP.ADO.TFRT,Malawi,MWI,125.062
"Adolescent fertility rate (births per 1,000 women ages 15-19)",SP.ADO.TFRT,Malaysia,MYS,10.46
"Adolescent fertility rate (births per 1,000 women ages 15-19)",SP.ADO.TFRT,Maldives,MDV,10.319
"Adolescent fertility rate (births per 1,000 women ages 15-19)",SP.ADO.TFRT,Mali,MLI,156.879
"Adolescent fertility rate (births per 1,000 women ages 15-19)",SP.ADO.TFRT,Malta,MLT,13.164
"Adolescent fertility rate (births per 1,000 women ages 15-19)",SP.ADO.TFRT,Marshall Islands,MHL,73.775
"Adolescent fertility rate (births per 1,000 women ages 15-19)",SP.ADO.TFRT,Mauritania,MRT,97.886
"Adolescent fertility rate (births per 1,000 women ages 15-19)",SP.ADO.TFRT,Mauritius,MUS,23.523
"Adolescent fertility rate (births per 1,000 women ages 15-19)",SP.ADO.TFRT,Mexico,MEX,66.136
"Adolescent fertility rate (births per 1,000 women ages 15-19)",SP.ADO.TFRT,"Micronesia, Fed. Sts.",FSM,47.72
"Adolescent fertility rate (births per 1,000 women ages 15-19)",SP.ADO.TFRT,Moldova,MDA,35.425
"Adolescent fertility rate (births per 1,000 women ages 15-19)",SP.ADO.TFRT,Monaco,MCO,10.866
"Adolescent fertility rate (births per 1,000 women ages 15-19)",SP.ADO.TFRT,Mongolia,MNG,32.505
"Adolescent fertility rate (births per 1,000 women ages 15-19)",SP.ADO.TFRT,Montenegro,MNE,10.704
"Adolescent fertility rate (births per 1,000 women ages 15-19)",SP.ADO.TFRT,Morocco,MAR,28.529
"Adolescent fertility rate (births per 1,000 women ages 15-19)",SP.ADO.TFRT,Mozambique,MOZ,167.354
"Adolescent fertility rate (births per 1,000 women ages 15-19)",SP.ADO.TFRT,Myanmar,MMR,35.197
"Adolescent fertility rate (births per 1,000 women ages 15-19)",SP.ADO.TFRT,Namibia,NAM,74.209
"Adolescent fertility rate (births per 1,000 women ages 15-19)",SP.ADO.TFRT,Nauru,NRU,96.441
"Adolescent fertility rate (births per 1,000 women ages 15-19)",SP.ADO.TFRT,Nepal,NPL,78.814
"Adolescent fertility rate (births per 1,000 women ages 15-19)",SP.ADO.TFRT,Netherlands,NLD,2.961
"Adolescent fertility rate (births per 1,000 women ages 15-19)",SP.ADO.TFRT,New Caledonia,NCL,16.944
"Adolescent fertility rate (births per 1,000 women ages 15-19)",SP.ADO.TFRT,New Zealand,NZL,16.369
"Adolescent fertility rate (births per 1,000 women ages 15-19)",SP.ADO.TFRT,Nicaragua,NIC,100.938
"Adolescent fertility rate (births per 1,000 women ages 15-19)",SP.ADO.TFRT,Niger,NER,177.529
"Adolescent fertility rate (births per 1,000 women ages 15-19)",SP.ADO.TFRT,Nigeria,NGA,106.944
"Adolescent fertility rate (births per 1,000 women ages 15-19)",SP.ADO.TFRT,Northern Mariana Islands,MNP,32.202
"Adolescent fertility rate (births per 1,000 women ages 15-19)",SP.ADO.TFRT,Norway,NOR,3.904
"Adolescent fertility rate (births per 1,000 women ages 15-19)",SP.ADO.TFRT,Oman,OMN,13.861
"Adolescent fertility rate (births per 1,000 women ages 15-19)",SP.ADO.TFRT,Pakistan,PAK,47.516
"Adolescent fertility rate (births per 1,000 women ages 15-19)",SP.ADO.TFRT,Palau,PLW,29.432
"Adolescent fertility rate (births per 1,000 women ages 15-19)",SP.ADO.TFRT,Panama,PAN,82.514
"Adolescent fertility rate (births per 1,000 women ages 15-19)",SP.ADO.TFRT,Papua New Guinea,PNG,59.227
"Adolescent fertility rate (births per 1,000 women ages 15-19)",SP.ADO.TFRT,Paraguay,PRY,76.626
"Adolescent fertility rate (births per 1,000 women ages 15-19)",SP.ADO.TFRT,Peru,PER,53.228
"Adolescent fertility rate (births per 1,000 women ages 15-19)",SP.ADO.TFRT,Philippines,PHL,50.165
"Adolescent fertility rate (births per 1,000 women ages 15-19)",SP.ADO.TFRT,Poland,POL,12.343
"Adolescent fertility rate (births per 1,000 women ages 15-19)",SP.ADO.TFRT,Portugal,PRT,7.949
"Adolescent fertility rate (births per 1,000 women ages 15-19)",SP.ADO.TFRT,Puerto Rico (US),PRI,30.204
"Adolescent fertility rate (births per 1,000 women ages 15-19)",SP.ADO.TFRT,Qatar,QAT,9.372
"Adolescent fertility rate (births per 1,000 women ages 15-19)",SP.ADO.TFRT,Romania,ROU,37.585
"Adolescent fertility rate (births per 1,000 women ages 15-19)",SP.ADO.TFRT,Russian Federation,RUS,21.857
"Adolescent fertility rate (births per 1,000 women ages 15-19)",SP.ADO.TFRT,Rwanda,RWA,36.55
"Adolescent fertility rate (births per 1,000 women ages 15-19)",SP.ADO.TFRT,Samoa,WSM,48.404
"Adolescent fertility rate (births per 1,000 women ages 15-19)",SP.ADO.TFRT,San Marino,SMR,1.16
"Adolescent fertility rate (births per 1,000 women ages 15-19)",SP.ADO.TFRT,Sao Tome and Principe,STP,97.439
"Adolescent fertility rate (births per 1,000 women ages 15-19)",SP.ADO.TFRT,Saudi Arabia,SAU,14.963
"Adolescent fertility rate (births per 1,000 women ages 15-19)",SP.ADO.TFRT,Senegal,SEN,71.989
"Adolescent fertility rate (births per 1,000 women ages 15-19)",SP.ADO.TFRT,Serbia,SRB,15.758
"Adolescent fertility rate (births per 1,000 women ages 15-19)",SP.ADO.TFRT,Seychelles,SYC,59.829
"Adolescent fertility rate (births per 1,000 women ages 15-19)",SP.ADO.TFRT,Sierra Leone,SLE,111.154
"Adolescent fertility rate (births per 1,000 women ages 15-19)",SP.ADO.TFRT,Singapore,SGP,2.405
"Adolescent fertility rate (births per 1,000 women ages 15-19)",SP.ADO.TFRT,Sint Maarten (Dutch part),SXM,25.219
"Adolescent fertility rate (births per 1,000 women ages 15-19)",SP.ADO.TFRT,Slovak Republic,SVK,26.163
"Adolescent fertility rate (births per 1,000 women ages 15-19)",SP.ADO.TFRT,Slovenia,SVN,4.281
"Adolescent fertility rate (births per 1,000 women ages 15-19)",SP.ADO.TFRT,Solomon Islands,SLB,58.323
"Adolescent fertility rate (births per 1,000 women ages 15-19)",SP.ADO.TFRT,"Somalia, Fed. Rep.",SOM,130.624
"Adolescent fertility rate (births per 1,000 women ages 15-19)",SP.ADO.TFRT,South Africa,ZAF,61.613
"Adolescent fertility rate (births per 1,000 women ages 15-19)",SP.ADO.TFRT,South Sudan,SSD,104.704
"Adolescent fertility rate (births per 1,000 women ages 15-19)",SP.ADO.TFRT,Spain,ESP,7.287
"Adolescent fertility rate (births per 1,000 women ages 15-19)",SP.ADO.TFRT,Sri Lanka,LKA,16.485
"Adolescent fertility rate (births per 1,000 women ages 15-19)",SP.ADO.TFRT,St. Kitts and Nevis,KNA,40.268
"Adolescent fertility rate (births per 1,000 women ages 15-19)",SP.ADO.TFRT,St. Lucia,LCA,35.203
"Adolescent fertility rate (births per 1,000 women ages 15-19)",SP.ADO.TFRT,St. Martin (French part),MAF,17.886
"Adolescent fertility rate (births per 1,000 women ages 15-19)",SP.ADO.TFRT,St. Vincent and the Grenadines,VCT,58.779
"Adolescent fertility rate (births per 1,000 women ages 15-19)",SP.ADO.TFRT,Sudan,SDN,77.501
"Adolescent fertility rate (births per 1,000 women ages 15-19)",SP.ADO.TFRT,Suriname,SUR,58.237
"Adolescent fertility rate (births per 1,000 women ages 15-19)",SP.ADO.TFRT,Eswatini,SWZ,75.392
"Adolescent fertility rate (births per 1,000 women ages 15-19)",SP.ADO.TFRT,Sweden,SWE,4.513
"Adolescent fertility rate (births per 1,000 women ages 15-19)",SP.ADO.TFRT,Switzerland,CHE,2.829
"Adolescent fertility rate (births per 1,000 women ages 15-19)",SP.ADO.TFRT,Syrian Arab Republic,SYR,41.619
"Adolescent fertility rate (births per 1,000 women ages 15-19)",SP.ADO.TFRT,Tajikistan,TJK,45.834
"Adolescent fertility rate (births per 1,000 women ages 15-19)",SP.ADO.TFRT,Tanzania,TZA,122.395
"Adolescent fertility rate (births per 1,000 women ages 15-19)",SP.ADO.TFRT,Thailand,THA,44.497
"Adolescent fertility rate (births per 1,000 women ages 15-19)",SP.ADO.TFRT,Timor-Leste,TLS,34.913
"Adolescent fertility rate (births per 1,000 women ages 15-19)",SP.ADO.TFRT,Togo,TGO,84.125
"Adolescent fertility rate (births per 1,000 women ages 15-19)",SP.ADO.TFRT,Tonga,TON,24.933
"Adolescent fertility rate (births per 1,000 women ages 15-19)",SP.ADO.TFRT,Trinidad and Tobago,TTO,38.876
"Adolescent fertility rate (births per 1,000 women ages 15-19)",SP.ADO.TFRT,Tunisia,TUN,8.181
"Adolescent fertility rate (births per 1,000 women ages 15-19)",SP.ADO.TFRT,Turkiye,TUR,24.226
"Adolescent fertility rate (births per 1,000 women ages 15-19)",SP.ADO.TFRT,Turkmenistan,TKM,28.337
"Adolescent fertility rate (births per 1,000 women ages 15-19)",SP.ADO.TFRT,Turks and Caicos Islands,TCA,22.332
"Adolescent fertility rate (births per 1,000 women ages 15-19)",SP.ADO.TFRT,Tuvalu,TUV,32.48
"Adolescent fertility rate (births per 1,000 women ages 15-19)",SP.ADO.TFRT,Uganda,UGA,121.568
"Adolescent fertility rate (births per 1,000 women ages 15-19)",SP.ADO.TFRT,Ukraine,UKR,25.018
"Adolescent fertility rate (births per 1,000 women ages 15-19)",SP.ADO.TFRT,United Arab Emirates,ARE,4.598
"Adolescent fertility rate (births per 1,000 women ages 15-19)",SP.ADO.TFRT,United Kingdom,GBR,13.952
"Adolescent fertility rate (births per 1,000 women ages 15-19)",SP.ADO.TFRT,United States,USA,20.08
"Adolescent fertility rate (births per 1,000 women ages 15-19)",SP.ADO.TFRT,Uruguay,URY,50.844
"Adolescent fertility rate (births per 1,000 women ages 15-19)",SP.ADO.TFRT,Uzbekistan,UZB,22.953
"Adolescent fertility rate (births per 1,000 women ages 15-19)",SP.ADO.TFRT,Vanuatu,VUT,73.468
"Adolescent fertility rate (births per 1,000 women ages 15-19)",SP.ADO.TFRT,"Venezuela, RB",VEN,84.191
"Adolescent fertility rate (births per 1,000 women ages 15-19)",SP.ADO.TFRT,Viet Nam,VNM,39.181
"Adolescent fertility rate (births per 1,000 women ages 15-19)",SP.ADO.TFRT,Virgin Islands (U.S.),VIR,33.967
"Adolescent fertility rate (births per 1,000 women ages 15-19)",SP.ADO.TFRT,West Bank and Gaza,PSE,45.95
"Adolescent fertility rate (births per 1,000 women ages 15-19)",SP.ADO.TFRT,"Yemen, Rep.",YEM,72.829
"Adolescent fertility rate (births per 1,000 women ages 15-19)",SP.ADO.TFRT,Zambia,ZMB,127.286
"Adolescent fertility rate (births per 1,000 women ages 15-19)",SP.ADO.TFRT,Zimbabwe,ZWE,100.849
"Contraceptive prevalence, any method (% of married women ages 15-49)",SP.DYN.CONU.ZS,Afghanistan,AFG,..
"Contraceptive prevalence, any method (% of married women ages 15-49)",SP.DYN.CONU.ZS,Albania,ALB,..
"Contraceptive prevalence, any method (% of married women ages 15-49)",SP.DYN.CONU.ZS,Algeria,DZA,..
"Contraceptive prevalence, any method (% of married women ages 15-49)",SP.DYN.CONU.ZS,American Samoa,ASM,..
"Contraceptive prevalence, any method (% of married women ages 15-49)",SP.DYN.CONU.ZS,Andorra,AND,..
"Contraceptive prevalence, any method (% of married women ages 15-49)",SP.DYN.CONU.ZS,Angola,AGO,13.7
"Contraceptive prevalence, any method (% of married women ages 15-49)",SP.DYN.CONU.ZS,Antigua and Barbuda,ATG,..
"Contraceptive prevalence, any method (% of married women ages 15-49)",SP.DYN.CONU.ZS,Argentina,ARG,..
"Contraceptive prevalence, any method (% of married women ages 15-49)",SP.DYN.CONU.ZS,Armenia,ARM,57.1
"Contraceptive prevalence, any method (% of married women ages 15-49)",SP.DYN.CONU.ZS,Aruba,ABW,..
"Contraceptive prevalence, any method (% of married women ages 15-49)",SP.DYN.CONU.ZS,Australia,AUS,66.93
"Contraceptive prevalence, any method (% of married women ages 15-49)",SP.DYN.CONU.ZS,Austria,AUT,..
"Contraceptive prevalence, any method (% of married women ages 15-49)",SP.DYN.CONU.ZS,Azerbaijan,AZE,..
"Contraceptive prevalence, any method (% of married women ages 15-49)",SP.DYN.CONU.ZS,"Bahamas, The",BHS,..
"Contraceptive prevalence, any method (% of married women ages 15-49)",SP.DYN.CONU.ZS,Bahrain,BHR,..
"Contraceptive prevalence, any method (% of married women ages 15-49)",SP.DYN.CONU.ZS,Bangladesh,BGD,62.8
"Contraceptive prevalence, any method (% of married women ages 15-49)",SP.DYN.CONU.ZS,Barbados,BRB,..
"Contraceptive prevalence, any method (% of married women ages 15-49)",SP.DYN.CONU.ZS,Belarus,BLR,..
"Contraceptive prevalence, any method (% of married women ages 15-49)",SP.DYN.CONU.ZS,Belgium,BEL,..
"Contraceptive prevalence, any method (% of married women ages 15-49)",SP.DYN.CONU.ZS,Belize,BLZ,51.3596636
"Contraceptive prevalence, any method (% of married women ages 15-49)",SP.DYN.CONU.ZS,Benin,BEN,..
"Contraceptive prevalence, any method (% of married women ages 15-49)",SP.DYN.CONU.ZS,Bermuda,BMU,..
"Contraceptive prevalence, any method (% of married women ages 15-49)",SP.DYN.CONU.ZS,Bhutan,BTN,..
"Contraceptive prevalence, any method (% of married women ages 15-49)",SP.DYN.CONU.ZS,Bolivia,BOL,66.5
"Contraceptive prevalence, any method (% of married women ages 15-49)",SP.DYN.CONU.ZS,Bosnia and Herzegovina,BIH,..
"Contraceptive prevalence, any method (% of married women ages 15-49)",SP.DYN.CONU.ZS,Botswana,BWA,..
"Contraceptive prevalence, any method (% of married women ages 15-49)",SP.DYN.CONU.ZS,Brazil,BRA,..
"Contraceptive prevalence, any method (% of married women ages 15-49)",SP.DYN.CONU.ZS,British Virgin Islands,VGB,..
"Contraceptive prevalence, any method (% of married women ages 15-49)",SP.DYN.CONU.ZS,Brunei Darussalam,BRN,..
"Contraceptive prevalence, any method (% of married women ages 15-49)",SP.DYN.CONU.ZS,Bulgaria,BGR,..
"Contraceptive prevalence, any method (% of married women ages 15-49)",SP.DYN.CONU.ZS,Burkina Faso,BFA,25.3518966327923
"Contraceptive prevalence, any method (% of married women ages 15-49)",SP.DYN.CONU.ZS,Burundi,BDI,28.5443378957827
"Contraceptive prevalence, any method (% of married women ages 15-49)",SP.DYN.CONU.ZS,Cabo Verde,CPV,..
"Contraceptive prevalence, any method (% of married women ages 15-49)",SP.DYN.CONU.ZS,Cambodia,KHM,..
"Contraceptive prevalence, any method (% of married women ages 15-49)",SP.DYN.CONU.ZS,Cameroon,CMR,..
"Contraceptive prevalence, any method (% of married women ages 15-49)",SP.DYN.CONU.ZS,Canada,CAN,..
"Contraceptive prevalence, any method (% of married women ages 15-49)",SP.DYN.CONU.ZS,Cayman Islands,CYM,..
"Contraceptive prevalence, any method (% of married women ages 15-49)",SP.DYN.CONU.ZS,Central African Republic,CAF,..
"Contraceptive prevalence, any method (% of married women ages 15-49)",SP.DYN.CONU.ZS,Chad,TCD,..
"Contraceptive prevalence, any method (% of married women ages 15-49)",SP.DYN.CONU.ZS,Channel Islands,CHI,..
"Contraceptive prevalence, any method (% of married women ages 15-49)",SP.DYN.CONU.ZS,Chile,CHL,76.2635245751857
"Contraceptive prevalence, any method (% of married women ages 15-49)",SP.DYN.CONU.ZS,China,CHN,..
"Contraceptive prevalence, any method (% of married women ages 15-49)",SP.DYN.CONU.ZS,Colombia,COL,..
"Contraceptive prevalence, any method (% of married women ages 15-49)",SP.DYN.CONU.ZS,Comoros,COM,..
"Contraceptive prevalence, any method (% of married women ages 15-49)",SP.DYN.CONU.ZS,"Congo, Dem. Rep.",COD,..
"Contraceptive prevalence, any method (% of married women ages 15-49)",SP.DYN.CONU.ZS,"Congo, Rep.",COG,..
"Contraceptive prevalence, any method (% of married women ages 15-49)",SP.DYN.CONU.ZS,Costa Rica,CRI,..
"Contraceptive prevalence, any method (% of married women ages 15-49)",SP.DYN.CONU.ZS,Cote d'Ivoire,CIV,15.49988895
"Contraceptive prevalence, any method (% of married women ages 15-49)",SP.DYN.CONU.ZS,Croatia,HRV,..
"Contraceptive prevalence, any method (% of married women ages 15-49)",SP.DYN.CONU.ZS,Cuba,CUB,..
"Contraceptive prevalence, any method (% of married women ages 15-49)",SP.DYN.CONU.ZS,Curacao,CUW,..
"Contraceptive prevalence, any method (% of married women ages 15-49)",SP.DYN.CONU.ZS,Cyprus,CYP,..
"Contraceptive prevalence, any method (% of married women ages 15-49)",SP.DYN.CONU.ZS,Czechia,CZE,..
"Contraceptive prevalence, any method (% of married women ages 15-49)",SP.DYN.CONU.ZS,Denmark,DNK,..
"Contraceptive prevalence, any method (% of married women ages 15-49)",SP.DYN.CONU.ZS,Djibouti,DJI,..
"Contraceptive prevalence, any method (% of married women ages 15-49)",SP.DYN.CONU.ZS,Dominica,DMA,..
"Contraceptive prevalence, any method (% of married women ages 15-49)",SP.DYN.CONU.ZS,Dominican Republic,DOM,..
"Contraceptive prevalence, any method (% of married women ages 15-49)",SP.DYN.CONU.ZS,Ecuador,ECU,..
"Contraceptive prevalence, any method (% of married women ages 15-49)",SP.DYN.CONU.ZS,"Egypt, Arab Rep.",EGY,..
"Contraceptive prevalence, any method (% of married women ages 15-49)",SP.DYN.CONU.ZS,El Salvador,SLV,..
"Contraceptive prevalence, any method (% of married women ages 15-49)",SP.DYN.CONU.ZS,Equatorial Guinea,GNQ,..
"Contraceptive prevalence, any method (% of married women ages 15-49)",SP.DYN.CONU.ZS,Eritrea,ERI,..
"Contraceptive prevalence, any method (% of married women ages 15-49)",SP.DYN.CONU.ZS,Estonia,EST,..
"Contraceptive prevalence, any method (% of married women ages 15-49)",SP.DYN.CONU.ZS,Ethiopia,ETH,35.9
"Contraceptive prevalence, any method (% of married women ages 15-49)",SP.DYN.CONU.ZS,Faroe Islands,FRO,..
"Contraceptive prevalence, any method (% of married women ages 15-49)",SP.DYN.CONU.ZS,Fiji,FJI,..
"Contraceptive prevalence, any method (% of married women ages 15-49)",SP.DYN.CONU.ZS,Finland,FIN,..
"Contraceptive prevalence, any method (% of married women ages 15-49)",SP.DYN.CONU.ZS,France,FRA,..
"Contraceptive prevalence, any method (% of married women ages 15-49)",SP.DYN.CONU.ZS,French Polynesia,PYF,..
"Contraceptive prevalence, any method (% of married women ages 15-49)",SP.DYN.CONU.ZS,Gabon,GAB,..
"Contraceptive prevalence, any method (% of married women ages 15-49)",SP.DYN.CONU.ZS,"Gambia, The",GMB,..
"Contraceptive prevalence, any method (% of married women ages 15-49)",SP.DYN.CONU.ZS,Georgia,GEO,..
"Contraceptive prevalence, any method (% of married women ages 15-49)",SP.DYN.CONU.ZS,Germany,DEU,..
"Contraceptive prevalence, any method (% of married women ages 15-49)",SP.DYN.CONU.ZS,Ghana,GHA,28.1963990081464
"Contraceptive prevalence, any method (% of married women ages 15-49)",SP.DYN.CONU.ZS,Gibraltar,GIB,..
"Contraceptive prevalence, any method (% of married women ages 15-49)",SP.DYN.CONU.ZS,Greece,GRC,..
"Contraceptive prevalence, any method (% of married women ages 15-49)",SP.DYN.CONU.ZS,Greenland,GRL,..
"Contraceptive prevalence, any method (% of married women ages 15-49)",SP.DYN.CONU.ZS,Grenada,GRD,..
"Contraceptive prevalence, any method (% of married women ages 15-49)",SP.DYN.CONU.ZS,Guam,GUM,..
"Contraceptive prevalence, any method (% of married women ages 15-49)",SP.DYN.CONU.ZS,Guatemala,GTM,..
"Contraceptive prevalence, any method (% of married women ages 15-49)",SP.DYN.CONU.ZS,Guinea,GIN,8.64023074
"Contraceptive prevalence, any method (% of married women ages 15-49)",SP.DYN.CONU.ZS,Guinea-Bissau,GNB,..
"Contraceptive prevalence, any method (% of married women ages 15-49)",SP.DYN.CONU.ZS,Guyana,GUY,..
"Contraceptive prevalence, any method (% of married women ages 15-49)",SP.DYN.CONU.ZS,Haiti,HTI,..
"Contraceptive prevalence, any method (% of married women ages 15-49)",SP.DYN.CONU.ZS,Honduras,HND,..
"Contraceptive prevalence, any method (% of married women ages 15-49)",SP.DYN.CONU.ZS,"Hong Kong SAR, China",HKG,..
"Contraceptive prevalence, any method (% of married women ages 15-49)",SP.DYN.CONU.ZS,Hungary,HUN,..
"Contraceptive prevalence, any method (% of married women ages 15-49)",SP.DYN.CONU.ZS,Iceland,ISL,..
"Contraceptive prevalence, any method (% of married women ages 15-49)",SP.DYN.CONU.ZS,India,IND,53.5
"Contraceptive prevalence, any method (% of married women ages 15-49)",SP.DYN.CONU.ZS,Indonesia,IDN,59.4
"Contraceptive prevalence, any method (% of married women ages 15-49)",SP.DYN.CONU.ZS,"Iran, Islamic Rep.",IRN,..
"Contraceptive prevalence, any method (% of married women ages 15-49)",SP.DYN.CONU.ZS,Iraq,IRQ,..
"Contraceptive prevalence, any method (% of married women ages 15-49)",SP.DYN.CONU.ZS,Ireland,IRL,..
"Contraceptive prevalence, any method (% of married women ages 15-49)",SP.DYN.CONU.ZS,Isle of Man,IMN,..
"Contraceptive prevalence, any method (% of married women ages 15-49)",SP.DYN.CONU.ZS,Israel,ISR,..
"Contraceptive prevalence, any method (% of married women ages 15-49)",SP.DYN.CONU.ZS,Italy,ITA,..
"Contraceptive prevalence, any method (% of married women ages 15-49)",SP.DYN.CONU.ZS,Jamaica,JAM,..
"Contraceptive prevalence, any method (% of married women ages 15-49)",SP.DYN.CONU.ZS,Japan,JPN,..
"Contraceptive prevalence, any method (% of married women ages 15-49)",SP.DYN.CONU.ZS,Jordan,JOR,..
"Contraceptive prevalence, any method (% of married women ages 15-49)",SP.DYN.CONU.ZS,Kazakhstan,KAZ,..
"Contraceptive prevalence, any method (% of married women ages 15-49)",SP.DYN.CONU.ZS,Kenya,KEN,61.1741487617736
"Contraceptive prevalence, any method (% of married women ages 15-49)",SP.DYN.CONU.ZS,Kiribati,KIR,..
"Contraceptive prevalence, any method (% of married women ages 15-49)",SP.DYN.CONU.ZS,"Korea, Dem. People's Rep.",PRK,..
"Contraceptive prevalence, any method (% of married women ages 15-49)",SP.DYN.CONU.ZS,"Korea, Rep.",KOR,..
"Contraceptive prevalence, any method (% of married women ages 15-49)",SP.DYN.CONU.ZS,Kosovo,XKX,..
"Contraceptive prevalence, any method (% of married women ages 15-49)",SP.DYN.CONU.ZS,Kuwait,KWT,..
"Contraceptive prevalence, any method (% of married women ages 15-49)",SP.DYN.CONU.ZS,Kyrgyz Republic,KGZ,..
"Contraceptive prevalence, any method (% of married women ages 15-49)",SP.DYN.CONU.ZS,Lao PDR,LAO,..
"Contraceptive prevalence, any method (% of married women ages 15-49)",SP.DYN.CONU.ZS,Latvia,LVA,..
"Contraceptive prevalence, any method (% of married women ages 15-49)",SP.DYN.CONU.ZS,Lebanon,LBN,..
"Contraceptive prevalence, any method (% of married women ages 15-49)",SP.DYN.CONU.ZS,Lesotho,LSO,..
"Contraceptive prevalence, any method (% of married women ages 15-49)",SP.DYN.CONU.ZS,Liberia,LBR,..
"Contraceptive prevalence, any method (% of married women ages 15-49)",SP.DYN.CONU.ZS,Libya,LBY,..
"Contraceptive prevalence, any method (% of married women ages 15-49)",SP.DYN.CONU.ZS,Liechtenstein,LIE,..
"Contraceptive prevalence, any method (% of married women ages 15-49)",SP.DYN.CONU.ZS,Lithuania,LTU,..
"Contraceptive prevalence, any method (% of married women ages 15-49)",SP.DYN.CONU.ZS,Luxembourg,LUX,..
"Contraceptive prevalence, any method (% of married women ages 15-49)",SP.DYN.CONU.ZS,"Macao SAR, China",MAC,..
"Contraceptive prevalence, any method (% of married women ages 15-49)",SP.DYN.CONU.ZS,North Macedonia,MKD,..
"Contraceptive prevalence, any method (% of married women ages 15-49)",SP.DYN.CONU.ZS,Madagascar,MDG,..
"Contraceptive prevalence, any method (% of married women ages 15-49)",SP.DYN.CONU.ZS,Malawi,MWI,59.2
"Contraceptive prevalence, any method (% of married women ages 15-49)",SP.DYN.CONU.ZS,Malaysia,MYS,..
"Contraceptive prevalence, any method (% of married women ages 15-49)",SP.DYN.CONU.ZS,Maldives,MDV,..
"Contraceptive prevalence, any method (% of married women ages 15-49)",SP.DYN.CONU.ZS,Mali,MLI,..
"Contraceptive prevalence, any method (% of married women ages 15-49)",SP.DYN.CONU.ZS,Malta,MLT,..
"Contraceptive prevalence, any method (% of married women ages 15-49)",SP.DYN.CONU.ZS,Marshall Islands,MHL,..
"Contraceptive prevalence, any method (% of married women ages 15-49)",SP.DYN.CONU.ZS,Mauritania,MRT,..
"Contraceptive prevalence, any method (% of married women ages 15-49)",SP.DYN.CONU.ZS,Mauritius,MUS,..
"Contraceptive prevalence, any method (% of married women ages 15-49)",SP.DYN.CONU.ZS,Mexico,MEX,..
"Contraceptive prevalence, any method (% of married women ages 15-49)",SP.DYN.CONU.ZS,"Micronesia, Fed. Sts.",FSM,..
"Contraceptive prevalence, any method (% of married women ages 15-49)",SP.DYN.CONU.ZS,Moldova,MDA,..
"Contraceptive prevalence, any method (% of married women ages 15-49)",SP.DYN.CONU.ZS,Monaco,MCO,..
"Contraceptive prevalence, any method (% of married women ages 15-49)",SP.DYN.CONU.ZS,Mongolia,MNG,..
"Contraceptive prevalence, any method (% of married women ages 15-49)",SP.DYN.CONU.ZS,Montenegro,MNE,..
"Contraceptive prevalence, any method (% of married women ages 15-49)",SP.DYN.CONU.ZS,Morocco,MAR,..
"Contraceptive prevalence, any method (% of married women ages 15-49)",SP.DYN.CONU.ZS,Mozambique,MOZ,..
"Contraceptive prevalence, any method (% of married women ages 15-49)",SP.DYN.CONU.ZS,Myanmar,MMR,52.2
"Contraceptive prevalence, any method (% of married women ages 15-49)",SP.DYN.CONU.ZS,Namibia,NAM,..
"Contraceptive prevalence, any method (% of married women ages 15-49)",SP.DYN.CONU.ZS,Nauru,NRU,..
"Contraceptive prevalence, any method (% of married women ages 15-49)",SP.DYN.CONU.ZS,Nepal,NPL,52.6
"Contraceptive prevalence, any method (% of married women ages 15-49)",SP.DYN.CONU.ZS,Netherlands,NLD,..
"Contraceptive prevalence, any method (% of married women ages 15-49)",SP.DYN.CONU.ZS,New Caledonia,NCL,..
"Contraceptive prevalence, any method (% of married women ages 15-49)",SP.DYN.CONU.ZS,New Zealand,NZL,..
"Contraceptive prevalence, any method (% of married women ages 15-49)",SP.DYN.CONU.ZS,Nicaragua,NIC,..
"Contraceptive prevalence, any method (% of married women ages 15-49)",SP.DYN.CONU.ZS,Niger,NER,16.9861752333206
"Contraceptive prevalence, any method (% of married women ages 15-49)",SP.DYN.CONU.ZS,Nigeria,NGA,22.1202885298537
"Contraceptive prevalence, any method (% of married women ages 15-49)",SP.DYN.CONU.ZS,Northern Mariana Islands,MNP,..
"Contraceptive prevalence, any method (% of married women ages 15-49)",SP.DYN.CONU.ZS,Norway,NOR,..
"Contraceptive prevalence, any method (% of married women ages 15-49)",SP.DYN.CONU.ZS,Oman,OMN,..
"Contraceptive prevalence, any method (% of married women ages 15-49)",SP.DYN.CONU.ZS,Pakistan,PAK,..
"Contraceptive prevalence, any method (% of married women ages 15-49)",SP.DYN.CONU.ZS,Palau,PLW,..
"Contraceptive prevalence, any method (% of married women ages 15-49)",SP.DYN.CONU.ZS,Panama,PAN,..
"Contraceptive prevalence, any method (% of married women ages 15-49)",SP.DYN.CONU.ZS,Papua New Guinea,PNG,..
"Contraceptive prevalence, any method (% of married women ages 15-49)",SP.DYN.CONU.ZS,Paraguay,PRY,68.35988695
"Contraceptive prevalence, any method (% of married women ages 15-49)",SP.DYN.CONU.ZS,Peru,PER,76.2
"Contraceptive prevalence, any method (% of married women ages 15-49)",SP.DYN.CONU.ZS,Philippines,PHL,..
"Contraceptive prevalence, any method (% of married women ages 15-49)",SP.DYN.CONU.ZS,Poland,POL,..
"Contraceptive prevalence, any method (% of married women ages 15-49)",SP.DYN.CONU.ZS,Portugal,PRT,..
"Contraceptive prevalence, any method (% of married women ages 15-49)",SP.DYN.CONU.ZS,Puerto Rico (US),PRI,..
"Contraceptive prevalence, any method (% of married women ages 15-49)",SP.DYN.CONU.ZS,Qatar,QAT,..
"Contraceptive prevalence, any method (% of married women ages 15-49)",SP.DYN.CONU.ZS,Romania,ROU,..
"Contraceptive prevalence, any method (% of married women ages 15-49)",SP.DYN.CONU.ZS,Russian Federation,RUS,..
"Contraceptive prevalence, any method (% of married women ages 15-49)",SP.DYN.CONU.ZS,Rwanda,RWA,..
"Contraceptive prevalence, any method (% of married women ages 15-49)",SP.DYN.CONU.ZS,Samoa,WSM,..
"Contraceptive prevalence, any method (% of married women ages 15-49)",SP.DYN.CONU.ZS,San Marino,SMR,..
"Contraceptive prevalence, any method (% of married women ages 15-49)",SP.DYN.CONU.ZS,Sao Tome and Principe,STP,..
"Contraceptive prevalence, any method (% of married women ages 15-49)",SP.DYN.CONU.ZS,Saudi Arabia,SAU,24.6463703881643
"Contraceptive prevalence, any method (% of married women ages 15-49)",SP.DYN.CONU.ZS,Senegal,SEN,25.1
"Contraceptive prevalence, any method (% of married women ages 15-49)",SP.DYN.CONU.ZS,Serbia,SRB,..
"Contraceptive prevalence, any method (% of married women ages 15-49)",SP.DYN.CONU.ZS,Seychelles,SYC,..
"Contraceptive prevalence, any method (% of married women ages 15-49)",SP.DYN.CONU.ZS,Sierra Leone,SLE,..
"Contraceptive prevalence, any method (% of married women ages 15-49)",SP.DYN.CONU.ZS,Singapore,SGP,..
"Contraceptive prevalence, any method (% of married women ages 15-49)",SP.DYN.CONU.ZS,Sint Maarten (Dutch part),SXM,..
"Contraceptive prevalence, any method (% of married women ages 15-49)",SP.DYN.CONU.ZS,Slovak Republic,SVK,..
"Contraceptive prevalence, any method (% of married women ages 15-49)",SP.DYN.CONU.ZS,Slovenia,SVN,..
"Contraceptive prevalence, any method (% of married women ages 15-49)",SP.DYN.CONU.ZS,Solomon Islands,SLB,..
"Contraceptive prevalence, any method (% of married women ages 15-49)",SP.DYN.CONU.ZS,"Somalia, Fed. Rep.",SOM,..
"Contraceptive prevalence, any method (% of married women ages 15-49)",SP.DYN.CONU.ZS,South Africa,ZAF,54.6
"Contraceptive prevalence, any method (% of married women ages 15-49)",SP.DYN.CONU.ZS,South Sudan,SSD,..
"Contraceptive prevalence, any method (% of married women ages 15-49)",SP.DYN.CONU.ZS,Spain,ESP,..
"Contraceptive prevalence, any method (% of married women ages 15-49)",SP.DYN.CONU.ZS,Sri Lanka,LKA,64.6
"Contraceptive prevalence, any method (% of married women ages 15-49)",SP.DYN.CONU.ZS,St. Kitts and Nevis,KNA,..
"Contraceptive prevalence, any method (% of married women ages 15-49)",SP.DYN.CONU.ZS,St. Lucia,LCA,..
"Contraceptive prevalence, any method (% of married women ages 15-49)",SP.DYN.CONU.ZS,St. Martin (French part),MAF,..
"Contraceptive prevalence, any method (% of married women ages 15-49)",SP.DYN.CONU.ZS,St. Vincent and the Grenadines,VCT,..
"Contraceptive prevalence, any method (% of married women ages 15-49)",SP.DYN.CONU.ZS,Sudan,SDN,..
"Contraceptive prevalence, any method (% of married women ages 15-49)",SP.DYN.CONU.ZS,Suriname,SUR,..
"Contraceptive prevalence, any method (% of married women ages 15-49)",SP.DYN.CONU.ZS,Eswatini,SWZ,..
"Contraceptive prevalence, any method (% of married women ages 15-49)",SP.DYN.CONU.ZS,Sweden,SWE,..
"Contraceptive prevalence, any method (% of married women ages 15-49)",SP.DYN.CONU.ZS,Switzerland,CHE,..
"Contraceptive prevalence, any method (% of married women ages 15-49)",SP.DYN.CONU.ZS,Syrian Arab Republic,SYR,..
"Contraceptive prevalence, any method (% of married women ages 15-49)",SP.DYN.CONU.ZS,Tajikistan,TJK,..
"Contraceptive prevalence, any method (% of married women ages 15-49)",SP.DYN.CONU.ZS,Tanzania,TZA,38.4
"Contraceptive prevalence, any method (% of married women ages 15-49)",SP.DYN.CONU.ZS,Thailand,THA,78.34456677
"Contraceptive prevalence, any method (% of married women ages 15-49)",SP.DYN.CONU.ZS,Timor-Leste,TLS,26
"Contraceptive prevalence, any method (% of married women ages 15-49)",SP.DYN.CONU.ZS,Togo,TGO,..
"Contraceptive prevalence, any method (% of married women ages 15-49)",SP.DYN.CONU.ZS,Tonga,TON,..
"Contraceptive prevalence, any method (% of married women ages 15-49)",SP.DYN.CONU.ZS,Trinidad and Tobago,TTO,..
"Contraceptive prevalence, any method (% of married women ages 15-49)",SP.DYN.CONU.ZS,Tunisia,TUN,..
"Contraceptive prevalence, any method (% of married women ages 15-49)",SP.DYN.CONU.ZS,Turkiye,TUR,..
"Contraceptive prevalence, any method (% of married women ages 15-49)",SP.DYN.CONU.ZS,Turkmenistan,TKM,50.20609696
"Contraceptive prevalence, any method (% of married women ages 15-49)",SP.DYN.CONU.ZS,Turks and Caicos Islands,TCA,..
"Contraceptive prevalence, any method (% of married women ages 15-49)",SP.DYN.CONU.ZS,Tuvalu,TUV,..
"Contraceptive prevalence, any method (% of married women ages 15-49)",SP.DYN.CONU.ZS,Uganda,UGA,39
"Contraceptive prevalence, any method (% of married women ages 15-49)",SP.DYN.CONU.ZS,Ukraine,UKR,..
"Contraceptive prevalence, any method (% of married women ages 15-49)",SP.DYN.CONU.ZS,United Arab Emirates,ARE,..
"Contraceptive prevalence, any method (% of married women ages 15-49)",SP.DYN.CONU.ZS,United Kingdom,GBR,..
"Contraceptive prevalence, any method (% of married women ages 15-49)",SP.DYN.CONU.ZS,United States,USA,..
"Contraceptive prevalence, any method (% of married women ages 15-49)",SP.DYN.CONU.ZS,Uruguay,URY,..
"Contraceptive prevalence, any method (% of married women ages 15-49)",SP.DYN.CONU.ZS,Uzbekistan,UZB,..
"Contraceptive prevalence, any method (% of married women ages 15-49)",SP.DYN.CONU.ZS,Vanuatu,VUT,..
"Contraceptive prevalence, any method (% of married women ages 15-49)",SP.DYN.CONU.ZS,"Venezuela, RB",VEN,..
"Contraceptive prevalence, any method (% of married women ages 15-49)",SP.DYN.CONU.ZS,Viet Nam,VNM,77.6
"Contraceptive prevalence, any method (% of married women ages 15-49)",SP.DYN.CONU.ZS,Virgin Islands (U.S.),VIR,..
"Contraceptive prevalence, any method (% of married women ages 15-49)",SP.DYN.CONU.ZS,West Bank and Gaza,PSE,..
"Contraceptive prevalence, any method (% of married women ages 15-49)",SP.DYN.CONU.ZS,"Yemen, Rep.",YEM,..
"Contraceptive prevalence, any method (% of married women ages 15-49)",SP.DYN.CONU.ZS,Zambia,ZMB,..
"Contraceptive prevalence, any method (% of married women ages 15-49)",SP.DYN.CONU.ZS,Zimbabwe,ZWE,..
Births attended by skilled health staff (% of total),SH.STA.BRTC.ZS,Afghanistan,AFG,..
Births attended by skilled health staff (% of total),SH.STA.BRTC.ZS,Albania,ALB,..
Births attended by skilled health staff (% of total),SH.STA.BRTC.ZS,Algeria,DZA,..
Births attended by skilled health staff (% of total),SH.STA.BRTC.ZS,American Samoa,ASM,..
Births attended by skilled health staff (% of total),SH.STA.BRTC.ZS,Andorra,AND,100
Births attended by skilled health staff (% of total),SH.STA.BRTC.ZS,Angola,AGO,49.6
Births attended by skilled health staff (% of total),SH.STA.BRTC.ZS,Antigua and Barbuda,ATG,..
Births attended by skilled health staff (% of total),SH.STA.BRTC.ZS,Argentina,ARG,98.4
Births attended by skilled health staff (% of total),SH.STA.BRTC.ZS,Armenia,ARM,99.8
Births attended by skilled health staff (% of total),SH.STA.BRTC.ZS,Aruba,ABW,..
Births attended by skilled health staff (% of total),SH.STA.BRTC.ZS,Australia,AUS,98.8
Births attended by skilled health staff (% of total),SH.STA.BRTC.ZS,Austria,AUT,98.4
Births attended by skilled health staff (% of total),SH.STA.BRTC.ZS,Azerbaijan,AZE,99.8
Births attended by skilled health staff (% of total),SH.STA.BRTC.ZS,"Bahamas, The",BHS,99
Births attended by skilled health staff (% of total),SH.STA.BRTC.ZS,Bahrain,BHR,99.7
Births attended by skilled health staff (% of total),SH.STA.BRTC.ZS,Bangladesh,BGD,49.8
Births attended by skilled health staff (% of total),SH.STA.BRTC.ZS,Barbados,BRB,99.1
Births attended by skilled health staff (% of total),SH.STA.BRTC.ZS,Belarus,BLR,..
Births attended by skilled health staff (% of total),SH.STA.BRTC.ZS,Belgium,BEL,..
Births attended by skilled health staff (% of total),SH.STA.BRTC.ZS,Belize,BLZ,96.8
Births attended by skilled health staff (% of total),SH.STA.BRTC.ZS,Benin,BEN,..
Births attended by skilled health staff (% of total),SH.STA.BRTC.ZS,Bermuda,BMU,..
Births attended by skilled health staff (% of total),SH.STA.BRTC.ZS,Bhutan,BTN,89
Births attended by skilled health staff (% of total),SH.STA.BRTC.ZS,Bolivia,BOL,89.8
Births attended by skilled health staff (% of total),SH.STA.BRTC.ZS,Bosnia and Herzegovina,BIH,99.9
Births attended by skilled health staff (% of total),SH.STA.BRTC.ZS,Botswana,BWA,99.7
Births attended by skilled health staff (% of total),SH.STA.BRTC.ZS,Brazil,BRA,98.6
Births attended by skilled health staff (% of total),SH.STA.BRTC.ZS,British Virgin Islands,VGB,..
Births attended by skilled health staff (% of total),SH.STA.BRTC.ZS,Brunei Darussalam,BRN,100
Births attended by skilled health staff (% of total),SH.STA.BRTC.ZS,Bulgaria,BGR,95.1
Births attended by skilled health staff (% of total),SH.STA.BRTC.ZS,Burkina Faso,BFA,..
Births attended by skilled health staff (% of total),SH.STA.BRTC.ZS,Burundi,BDI,77.6
Births attended by skilled health staff (% of total),SH.STA.BRTC.ZS,Cabo Verde,CPV,92.6
Births attended by skilled health staff (% of total),SH.STA.BRTC.ZS,Cambodia,KHM,..
Births attended by skilled health staff (% of total),SH.STA.BRTC.ZS,Cameroon,CMR,..
Births attended by skilled health staff (% of total),SH.STA.BRTC.ZS,Canada,CAN,97.8
Births attended by skilled health staff (% of total),SH.STA.BRTC.ZS,Cayman Islands,CYM,..
Births attended by skilled health staff (% of total),SH.STA.BRTC.ZS,Central African Republic,CAF,..
Births attended by skilled health staff (% of total),SH.STA.BRTC.ZS,Chad,TCD,..
Births attended by skilled health staff (% of total),SH.STA.BRTC.ZS,Channel Islands,CHI,..
Births attended by skilled health staff (% of total),SH.STA.BRTC.ZS,Chile,CHL,99.7
Births attended by skilled health staff (% of total),SH.STA.BRTC.ZS,China,CHN,99.9
Births attended by skilled health staff (% of total),SH.STA.BRTC.ZS,Colombia,COL,95.9
Births attended by skilled health staff (% of total),SH.STA.BRTC.ZS,Comoros,COM,..
Births attended by skilled health staff (% of total),SH.STA.BRTC.ZS,"Congo, Dem. Rep.",COD,..
Births attended by skilled health staff (% of total),SH.STA.BRTC.ZS,"Congo, Rep.",COG,..
Births attended by skilled health staff (% of total),SH.STA.BRTC.ZS,Costa Rica,CRI,98.8
Births attended by skilled health staff (% of total),SH.STA.BRTC.ZS,Cote d'Ivoire,CIV,73.6
Births attended by skilled health staff (% of total),SH.STA.BRTC.ZS,Croatia,HRV,99.9
Births attended by skilled health staff (% of total),SH.STA.BRTC.ZS,Cuba,CUB,99.9
Births attended by skilled health staff (% of total),SH.STA.BRTC.ZS,Curacao,CUW,..
Births attended by skilled health staff (% of total),SH.STA.BRTC.ZS,Cyprus,CYP,95.6
Births attended by skilled health staff (% of total),SH.STA.BRTC.ZS,Czechia,CZE,..
Births attended by skilled health staff (% of total),SH.STA.BRTC.ZS,Denmark,DNK,94.4
Births attended by skilled health staff (% of total),SH.STA.BRTC.ZS,Djibouti,DJI,..
Births attended by skilled health staff (% of total),SH.STA.BRTC.ZS,Dominica,DMA,100
Births attended by skilled health staff (% of total),SH.STA.BRTC.ZS,Dominican Republic,DOM,99.8
Births attended by skilled health staff (% of total),SH.STA.BRTC.ZS,Ecuador,ECU,94.1
Births attended by skilled health staff (% of total),SH.STA.BRTC.ZS,"Egypt, Arab Rep.",EGY,..
Births attended by skilled health staff (% of total),SH.STA.BRTC.ZS,El Salvador,SLV,99.9
Births attended by skilled health staff (% of total),SH.STA.BRTC.ZS,Equatorial Guinea,GNQ,..
Births attended by skilled health staff (% of total),SH.STA.BRTC.ZS,Eritrea,ERI,..
Births attended by skilled health staff (% of total),SH.STA.BRTC.ZS,Estonia,EST,99.7
Births attended by skilled health staff (% of total),SH.STA.BRTC.ZS,Ethiopia,ETH,27.7
Births attended by skilled health staff (% of total),SH.STA.BRTC.ZS,Faroe Islands,FRO,..
Births attended by skilled health staff (% of total),SH.STA.BRTC.ZS,Fiji,FJI,99.8
Births attended by skilled health staff (% of total),SH.STA.BRTC.ZS,Finland,FIN,99.6
Births attended by skilled health staff (% of total),SH.STA.BRTC.ZS,France,FRA,97.4
Births attended by skilled health staff (% of total),SH.STA.BRTC.ZS,French Polynesia,PYF,..
Births attended by skilled health staff (% of total),SH.STA.BRTC.ZS,Gabon,GAB,..
Births attended by skilled health staff (% of total),SH.STA.BRTC.ZS,"Gambia, The",GMB,..
Births attended by skilled health staff (% of total),SH.STA.BRTC.ZS,Georgia,GEO,99.9
Births attended by skilled health staff (% of total),SH.STA.BRTC.ZS,Germany,DEU,96.2
Births attended by skilled health staff (% of total),SH.STA.BRTC.ZS,Ghana,GHA,..
Births attended by skilled health staff (% of total),SH.STA.BRTC.ZS,Gibraltar,GIB,..
Births attended by skilled health staff (% of total),SH.STA.BRTC.ZS,Greece,GRC,99.9
Births attended by skilled health staff (% of total),SH.STA.BRTC.ZS,Greenland,GRL,..
Births attended by skilled health staff (% of total),SH.STA.BRTC.ZS,Grenada,GRD,99.3
Births attended by skilled health staff (% of total),SH.STA.BRTC.ZS,Guam,GUM,..
Births attended by skilled health staff (% of total),SH.STA.BRTC.ZS,Guatemala,GTM,69.8
Births attended by skilled health staff (% of total),SH.STA.BRTC.ZS,Guinea,GIN,62.7
Births attended by skilled health staff (% of total),SH.STA.BRTC.ZS,Guinea-Bissau,GNB,..
Births attended by skilled health staff (% of total),SH.STA.BRTC.ZS,Guyana,GUY,94.3
Births attended by skilled health staff (% of total),SH.STA.BRTC.ZS,Haiti,HTI,..
Births attended by skilled health staff (% of total),SH.STA.BRTC.ZS,Honduras,HND,79
Births attended by skilled health staff (% of total),SH.STA.BRTC.ZS,"Hong Kong SAR, China",HKG,..
Births attended by skilled health staff (% of total),SH.STA.BRTC.ZS,Hungary,HUN,99.7
Births attended by skilled health staff (% of total),SH.STA.BRTC.ZS,Iceland,ISL,97.9
Births attended by skilled health staff (% of total),SH.STA.BRTC.ZS,India,IND,81.4
Births attended by skilled health staff (% of total),SH.STA.BRTC.ZS,Indonesia,IDN,92.6
Births attended by skilled health staff (% of total),SH.STA.BRTC.ZS,"Iran, Islamic Rep.",IRN,..
Births attended by skilled health staff (% of total),SH.STA.BRTC.ZS,Iraq,IRQ,..
Births attended by skilled health staff (% of total),SH.STA.BRTC.ZS,Ireland,IRL,99.7
Births attended by skilled health staff (% of total),SH.STA.BRTC.ZS,Isle of Man,IMN,..
Births attended by skilled health staff (% of total),SH.STA.BRTC.ZS,Israel,ISR,..
Births attended by skilled health staff (% of total),SH.STA.BRTC.ZS,Italy,ITA,99.9
Births attended by skilled health staff (% of total),SH.STA.BRTC.ZS,Jamaica,JAM,99.7
Births attended by skilled health staff (% of total),SH.STA.BRTC.ZS,Japan,JPN,99.8
Births attended by skilled health staff (% of total),SH.STA.BRTC.ZS,Jordan,JOR,..
Births attended by skilled health staff (% of total),SH.STA.BRTC.ZS,Kazakhstan,KAZ,99.9
Births attended by skilled health staff (% of total),SH.STA.BRTC.ZS,Kenya,KEN,70.2
Births attended by skilled health staff (% of total),SH.STA.BRTC.ZS,Kiribati,KIR,..
Births attended by skilled health staff (% of total),SH.STA.BRTC.ZS,"Korea, Dem. People's Rep.",PRK,..
Births attended by skilled health staff (% of total),SH.STA.BRTC.ZS,"Korea, Rep.",KOR,..
Births attended by skilled health staff (% of total),SH.STA.BRTC.ZS,Kosovo,XKX,..
Births attended by skilled health staff (% of total),SH.STA.BRTC.ZS,Kuwait,KWT,99.9
Births attended by skilled health staff (% of total),SH.STA.BRTC.ZS,Kyrgyz Republic,KGZ,..
Births attended by skilled health staff (% of total),SH.STA.BRTC.ZS,Lao PDR,LAO,..
Births attended by skilled health staff (% of total),SH.STA.BRTC.ZS,Latvia,LVA,99.9
Births attended by skilled health staff (% of total),SH.STA.BRTC.ZS,Lebanon,LBN,..
Births attended by skilled health staff (% of total),SH.STA.BRTC.ZS,Lesotho,LSO,..
Births attended by skilled health staff (% of total),SH.STA.BRTC.ZS,Liberia,LBR,..
Births attended by skilled health staff (% of total),SH.STA.BRTC.ZS,Libya,LBY,..
Births attended by skilled health staff (% of total),SH.STA.BRTC.ZS,Liechtenstein,LIE,..
Births attended by skilled health staff (% of total),SH.STA.BRTC.ZS,Lithuania,LTU,100
Births attended by skilled health staff (% of total),SH.STA.BRTC.ZS,Luxembourg,LUX,..
Births attended by skilled health staff (% of total),SH.STA.BRTC.ZS,"Macao SAR, China",MAC,..
Births attended by skilled health staff (% of total),SH.STA.BRTC.ZS,North Macedonia,MKD,99.9
Births attended by skilled health staff (% of total),SH.STA.BRTC.ZS,Madagascar,MDG,..
Births attended by skilled health staff (% of total),SH.STA.BRTC.ZS,Malawi,MWI,89.8
Births attended by skilled health staff (% of total),SH.STA.BRTC.ZS,Malaysia,MYS,99.5
Births attended by skilled health staff (% of total),SH.STA.BRTC.ZS,Maldives,MDV,..
Births attended by skilled health staff (% of total),SH.STA.BRTC.ZS,Mali,MLI,..
Births attended by skilled health staff (% of total),SH.STA.BRTC.ZS,Malta,MLT,99.8
Births attended by skilled health staff (% of total),SH.STA.BRTC.ZS,Marshall Islands,MHL,..
Births attended by skilled health staff (% of total),SH.STA.BRTC.ZS,Mauritania,MRT,..
Births attended by skilled health staff (% of total),SH.STA.BRTC.ZS,Mauritius,MUS,99.7
Births attended by skilled health staff (% of total),SH.STA.BRTC.ZS,Mexico,MEX,98
Births attended by skilled health staff (% of total),SH.STA.BRTC.ZS,"Micronesia, Fed. Sts.",FSM,..
Births attended by skilled health staff (% of total),SH.STA.BRTC.ZS,Moldova,MDA,99.7
Births attended by skilled health staff (% of total),SH.STA.BRTC.ZS,Monaco,MCO,..
Births attended by skilled health staff (% of total),SH.STA.BRTC.ZS,Mongolia,MNG,..
Births attended by skilled health staff (% of total),SH.STA.BRTC.ZS,Montenegro,MNE,..
Births attended by skilled health staff (% of total),SH.STA.BRTC.ZS,Morocco,MAR,..
Births attended by skilled health staff (% of total),SH.STA.BRTC.ZS,Mozambique,MOZ,..
Births attended by skilled health staff (% of total),SH.STA.BRTC.ZS,Myanmar,MMR,60.2
Births attended by skilled health staff (% of total),SH.STA.BRTC.ZS,Namibia,NAM,..
Births attended by skilled health staff (% of total),SH.STA.BRTC.ZS,Nauru,NRU,..
Births attended by skilled health staff (% of total),SH.STA.BRTC.ZS,Nepal,NPL,58
Births attended by skilled health staff (% of total),SH.STA.BRTC.ZS,Netherlands,NLD,..
Births attended by skilled health staff (% of total),SH.STA.BRTC.ZS,New Caledonia,NCL,..
Births attended by skilled health staff (% of total),SH.STA.BRTC.ZS,New Zealand,NZL,96.5
Births attended by skilled health staff (% of total),SH.STA.BRTC.ZS,Nicaragua,NIC,94.1
Births attended by skilled health staff (% of total),SH.STA.BRTC.ZS,Niger,NER,39.1
Births attended by skilled health staff (% of total),SH.STA.BRTC.ZS,Nigeria,NGA,..
Births attended by skilled health staff (% of total),SH.STA.BRTC.ZS,Northern Mariana Islands,MNP,..
Births attended by skilled health staff (% of total),SH.STA.BRTC.ZS,Norway,NOR,99.1
Births attended by skilled health staff (% of total),SH.STA.BRTC.ZS,Oman,OMN,98.7
Births attended by skilled health staff (% of total),SH.STA.BRTC.ZS,Pakistan,PAK,..
Births attended by skilled health staff (% of total),SH.STA.BRTC.ZS,Palau,PLW,100
Births attended by skilled health staff (% of total),SH.STA.BRTC.ZS,Panama,PAN,94.6
Births attended by skilled health staff (% of total),SH.STA.BRTC.ZS,Papua New Guinea,PNG,..
Births attended by skilled health staff (% of total),SH.STA.BRTC.ZS,Paraguay,PRY,95.5
Births attended by skilled health staff (% of total),SH.STA.BRTC.ZS,Peru,PER,92.4
Births attended by skilled health staff (% of total),SH.STA.BRTC.ZS,Philippines,PHL,..
Births attended by skilled health staff (% of total),SH.STA.BRTC.ZS,Poland,POL,99.8
Births attended by skilled health staff (% of total),SH.STA.BRTC.ZS,Portugal,PRT,99.9
Births attended by skilled health staff (% of total),SH.STA.BRTC.ZS,Puerto Rico (US),PRI,..
Births attended by skilled health staff (% of total),SH.STA.BRTC.ZS,Qatar,QAT,100
Births attended by skilled health staff (% of total),SH.STA.BRTC.ZS,Romania,ROU,95
Births attended by skilled health staff (% of total),SH.STA.BRTC.ZS,Russian Federation,RUS,99.7
Births attended by skilled health staff (% of total),SH.STA.BRTC.ZS,Rwanda,RWA,..
Births attended by skilled health staff (% of total),SH.STA.BRTC.ZS,Samoa,WSM,..
Births attended by skilled health staff (% of total),SH.STA.BRTC.ZS,San Marino,SMR,..
Births attended by skilled health staff (% of total),SH.STA.BRTC.ZS,Sao Tome and Principe,STP,..
Births attended by skilled health staff (% of total),SH.STA.BRTC.ZS,Saudi Arabia,SAU,98
Births attended by skilled health staff (% of total),SH.STA.BRTC.ZS,Senegal,SEN,58.6
Births attended by skilled health staff (% of total),SH.STA.BRTC.ZS,Serbia,SRB,..
Births attended by skilled health staff (% of total),SH.STA.BRTC.ZS,Seychelles,SYC,..
Births attended by skilled health staff (% of total),SH.STA.BRTC.ZS,Sierra Leone,SLE,..
Births attended by skilled health staff (% of total),SH.STA.BRTC.ZS,Singapore,SGP,99.7
Births attended by skilled health staff (% of total),SH.STA.BRTC.ZS,Sint Maarten (Dutch part),SXM,..
Births attended by skilled health staff (% of total),SH.STA.BRTC.ZS,Slovak Republic,SVK,98.1
Births attended by skilled health staff (% of total),SH.STA.BRTC.ZS,Slovenia,SVN,..
Births attended by skilled health staff (% of total),SH.STA.BRTC.ZS,Solomon Islands,SLB,..
Births attended by skilled health staff (% of total),SH.STA.BRTC.ZS,"Somalia, Fed. Rep.",SOM,..
Births attended by skilled health staff (% of total),SH.STA.BRTC.ZS,South Africa,ZAF,96.7
Births attended by skilled health staff (% of total),SH.STA.BRTC.ZS,South Sudan,SSD,..
Births attended by skilled health staff (% of total),SH.STA.BRTC.ZS,Spain,ESP,..
Births attended by skilled health staff (% of total),SH.STA.BRTC.ZS,Sri Lanka,LKA,99.5
Births attended by skilled health staff (% of total),SH.STA.BRTC.ZS,St. Kitts and Nevis,KNA,..
Births attended by skilled health staff (% of total),SH.STA.BRTC.ZS,St. Lucia,LCA,..
Births attended by skilled health staff (% of total),SH.STA.BRTC.ZS,St. Martin (French part),MAF,..
Births attended by skilled health staff (% of total),SH.STA.BRTC.ZS,St. Vincent and the Grenadines,VCT,98.6
Births attended by skilled health staff (% of total),SH.STA.BRTC.ZS,Sudan,SDN,..
Births attended by skilled health staff (% of total),SH.STA.BRTC.ZS,Suriname,SUR,..
Births attended by skilled health staff (% of total),SH.STA.BRTC.ZS,Eswatini,SWZ,..
Births attended by skilled health staff (% of total),SH.STA.BRTC.ZS,Sweden,SWE,..
Births attended by skilled health staff (% of total),SH.STA.BRTC.ZS,Switzerland,CHE,..
Births attended by skilled health staff (% of total),SH.STA.BRTC.ZS,Syrian Arab Republic,SYR,..
Births attended by skilled health staff (% of total),SH.STA.BRTC.ZS,Tajikistan,TJK,..
Births attended by skilled health staff (% of total),SH.STA.BRTC.ZS,Tanzania,TZA,63.5
Births attended by skilled health staff (% of total),SH.STA.BRTC.ZS,Thailand,THA,99.1
Births attended by skilled health staff (% of total),SH.STA.BRTC.ZS,Timor-Leste,TLS,56.7
Births attended by skilled health staff (% of total),SH.STA.BRTC.ZS,Togo,TGO,..
Births attended by skilled health staff (% of total),SH.STA.BRTC.ZS,Tonga,TON,..
Births attended by skilled health staff (% of total),SH.STA.BRTC.ZS,Trinidad and Tobago,TTO,100
Births attended by skilled health staff (% of total),SH.STA.BRTC.ZS,Tunisia,TUN,..
Births attended by skilled health staff (% of total),SH.STA.BRTC.ZS,Turkiye,TUR,..
Births attended by skilled health staff (% of total),SH.STA.BRTC.ZS,Turkmenistan,TKM,100
Births attended by skilled health staff (% of total),SH.STA.BRTC.ZS,Turks and Caicos Islands,TCA,..
Births attended by skilled health staff (% of total),SH.STA.BRTC.ZS,Tuvalu,TUV,..
Births attended by skilled health staff (% of total),SH.STA.BRTC.ZS,Uganda,UGA,74.2
Births attended by skilled health staff (% of total),SH.STA.BRTC.ZS,Ukraine,UKR,..
Births attended by skilled health staff (% of total),SH.STA.BRTC.ZS,United Arab Emirates,ARE,..
Births attended by skilled health staff (% of total),SH.STA.BRTC.ZS,United Kingdom,GBR,..
Births attended by skilled health staff (% of total),SH.STA.BRTC.ZS,United States,USA,99.1
Births attended by skilled health staff (% of total),SH.STA.BRTC.ZS,Uruguay,URY,100
Births attended by skilled health staff (% of total),SH.STA.BRTC.ZS,Uzbekistan,UZB,100
Births attended by skilled health staff (% of total),SH.STA.BRTC.ZS,Vanuatu,VUT,..
Births attended by skilled health staff (% of total),SH.STA.BRTC.ZS,"Venezuela, RB",VEN,99.3
Births attended by skilled health staff (% of total),SH.STA.BRTC.ZS,Viet Nam,VNM,..
Births attended by skilled health staff (% of total),SH.STA.BRTC.ZS,Virgin Islands (U.S.),VIR,..
Births attended by skilled health staff (% of total),SH.STA.BRTC.ZS,West Bank and Gaza,PSE,..
Births attended by skilled health staff (% of total),SH.STA.BRTC.ZS,"Yemen, Rep.",YEM,..
Births attended by skilled health staff (% of total),SH.STA.BRTC.ZS,Zambia,ZMB,..
Births attended by skilled health staff (% of total),SH.STA.BRTC.ZS,Zimbabwe,ZWE,..
"Mortality rate, under-5 (per 1,000 live births)",SH.DYN.MORT,Afghanistan,AFG,70
"Mortality rate, under-5 (per 1,000 live births)",SH.DYN.MORT,Albania,ALB,9.4
"Mortality rate, under-5 (per 1,000 live births)",SH.DYN.MORT,Algeria,DZA,24.5
"Mortality rate, under-5 (per 1,000 live births)",SH.DYN.MORT,American Samoa,ASM,..
"Mortality rate, under-5 (per 1,000 live births)",SH.DYN.MORT,Andorra,AND,3.4
"Mortality rate, under-5 (per 1,000 live births)",SH.DYN.MORT,Angola,AGO,84.1
"Mortality rate, under-5 (per 1,000 live births)",SH.DYN.MORT,Antigua and Barbuda,ATG,10.8
"Mortality rate, under-5 (per 1,000 live births)",SH.DYN.MORT,Argentina,ARG,11.4
"Mortality rate, under-5 (per 1,000 live births)",SH.DYN.MORT,Armenia,ARM,14
"Mortality rate, under-5 (per 1,000 live births)",SH.DYN.MORT,Aruba,ABW,..
"Mortality rate, under-5 (per 1,000 live births)",SH.DYN.MORT,Australia,AUS,3.8
"Mortality rate, under-5 (per 1,000 live births)",SH.DYN.MORT,Austria,AUT,3.6
"Mortality rate, under-5 (per 1,000 live births)",SH.DYN.MORT,Azerbaijan,AZE,26.3
"Mortality rate, under-5 (per 1,000 live births)",SH.DYN.MORT,"Bahamas, The",BHS,13.8
"Mortality rate, under-5 (per 1,000 live births)",SH.DYN.MORT,Bahrain,BHR,7.6
"Mortality rate, under-5 (per 1,000 live births)",SH.DYN.MORT,Bangladesh,BGD,36.9
"Mortality rate, under-5 (per 1,000 live births)",SH.DYN.MORT,Barbados,BRB,12.5
"Mortality rate, under-5 (per 1,000 live births)",SH.DYN.MORT,Belarus,BLR,3.9
"Mortality rate, under-5 (per 1,000 live births)",SH.DYN.MORT,Belgium,BEL,4.1
"Mortality rate, under-5 (per 1,000 live births)",SH.DYN.MORT,Belize,BLZ,15
"Mortality rate, under-5 (per 1,000 live births)",SH.DYN.MORT,Benin,BEN,95
"Mortality rate, under-5 (per 1,000 live births)",SH.DYN.MORT,Bermuda,BMU,..
"Mortality rate, under-5 (per 1,000 live births)",SH.DYN.MORT,Bhutan,BTN,29.6
"Mortality rate, under-5 (per 1,000 live births)",SH.DYN.MORT,Bolivia,BOL,30.3
"Mortality rate, under-5 (per 1,000 live births)",SH.DYN.MORT,Bosnia and Herzegovina,BIH,6.8
"Mortality rate, under-5 (per 1,000 live births)",SH.DYN.MORT,Botswana,BWA,49
"Mortality rate, under-5 (per 1,000 live births)",SH.DYN.MORT,Brazil,BRA,16.8
"Mortality rate, under-5 (per 1,000 live births)",SH.DYN.MORT,British Virgin Islands,VGB,15.2
"Mortality rate, under-5 (per 1,000 live births)",SH.DYN.MORT,Brunei Darussalam,BRN,10
"Mortality rate, under-5 (per 1,000 live births)",SH.DYN.MORT,Bulgaria,BGR,7.7
"Mortality rate, under-5 (per 1,000 live births)",SH.DYN.MORT,Burkina Faso,BFA,97.7
"Mortality rate, under-5 (per 1,000 live births)",SH.DYN.MORT,Burundi,BDI,64.4
"Mortality rate, under-5 (per 1,000 live births)",SH.DYN.MORT,Cabo Verde,CPV,17.6
"Mortality rate, under-5 (per 1,000 live births)",SH.DYN.MORT,Cambodia,KHM,30.2
"Mortality rate, under-5 (per 1,000 live births)",SH.DYN.MORT,Cameroon,CMR,85.6
"Mortality rate, under-5 (per 1,000 live births)",SH.DYN.MORT,Canada,CAN,5.3
"Mortality rate, under-5 (per 1,000 live births)",SH.DYN.MORT,Cayman Islands,CYM,..
"Mortality rate, under-5 (per 1,000 live births)",SH.DYN.MORT,Central African Republic,CAF,126.1
"Mortality rate, under-5 (per 1,000 live births)",SH.DYN.MORT,Chad,TCD,125.7
"Mortality rate, under-5 (per 1,000 live births)",SH.DYN.MORT,Channel Islands,CHI,..
"Mortality rate, under-5 (per 1,000 live births)",SH.DYN.MORT,Chile,CHL,7.7
"Mortality rate, under-5 (per 1,000 live births)",SH.DYN.MORT,China,CHN,9.9
"Mortality rate, under-5 (per 1,000 live births)",SH.DYN.MORT,Colombia,COL,15.1
"Mortality rate, under-5 (per 1,000 live births)",SH.DYN.MORT,Comoros,COM,47.6
"Mortality rate, under-5 (per 1,000 live births)",SH.DYN.MORT,"Congo, Dem. Rep.",COD,92.3
"Mortality rate, under-5 (per 1,000 live births)",SH.DYN.MORT,"Congo, Rep.",COG,50.9
"Mortality rate, under-5 (per 1,000 live births)",SH.DYN.MORT,Costa Rica,CRI,8.9
"Mortality rate, under-5 (per 1,000 live births)",SH.DYN.MORT,Cote d'Ivoire,CIV,83.6
"Mortality rate, under-5 (per 1,000 live births)",SH.DYN.MORT,Croatia,HRV,4.9
"Mortality rate, under-5 (per 1,000 live births)",SH.DYN.MORT,Cuba,CUB,6.2
"Mortality rate, under-5 (per 1,000 live births)",SH.DYN.MORT,Curacao,CUW,..
"Mortality rate, under-5 (per 1,000 live births)",SH.DYN.MORT,Cyprus,CYP,2.9
"Mortality rate, under-5 (per 1,000 live births)",SH.DYN.MORT,Czechia,CZE,3.2
"Mortality rate, under-5 (per 1,000 live births)",SH.DYN.MORT,Denmark,DNK,4
"Mortality rate, under-5 (per 1,000 live births)",SH.DYN.MORT,Djibouti,DJI,63.3
"Mortality rate, under-5 (per 1,000 live births)",SH.DYN.MORT,Dominica,DMA,30.2
"Mortality rate, under-5 (per 1,000 live births)",SH.DYN.MORT,Dominican Republic,DOM,35
"Mortality rate, under-5 (per 1,000 live births)",SH.DYN.MORT,Ecuador,ECU,14.8
"Mortality rate, under-5 (per 1,000 live births)",SH.DYN.MORT,"Egypt, Arab Rep.",EGY,22.4
"Mortality rate, under-5 (per 1,000 live births)",SH.DYN.MORT,El Salvador,SLV,13.9
"Mortality rate, under-5 (per 1,000 live births)",SH.DYN.MORT,Equatorial Guinea,GNQ,89.9
"Mortality rate, under-5 (per 1,000 live births)",SH.DYN.MORT,Eritrea,ERI,44.6
"Mortality rate, under-5 (per 1,000 live births)",SH.DYN.MORT,Estonia,EST,3
"Mortality rate, under-5 (per 1,000 live births)",SH.DYN.MORT,Ethiopia,ETH,61.7
"Mortality rate, under-5 (per 1,000 live births)",SH.DYN.MORT,Faroe Islands,FRO,..
"Mortality rate, under-5 (per 1,000 live births)",SH.DYN.MORT,Fiji,FJI,21.6
"Mortality rate, under-5 (per 1,000 live births)",SH.DYN.MORT,Finland,FIN,2.4
"Mortality rate, under-5 (per 1,000 live births)",SH.DYN.MORT,France,FRA,4.2
"Mortality rate, under-5 (per 1,000 live births)",SH.DYN.MORT,French Polynesia,PYF,..
"Mortality rate, under-5 (per 1,000 live births)",SH.DYN.MORT,Gabon,GAB,42.4
"Mortality rate, under-5 (per 1,000 live births)",SH.DYN.MORT,"Gambia, The",GMB,57
"Mortality rate, under-5 (per 1,000 live births)",SH.DYN.MORT,Georgia,GEO,10.2
"Mortality rate, under-5 (per 1,000 live births)",SH.DYN.MORT,Germany,DEU,3.9
"Mortality rate, under-5 (per 1,000 live births)",SH.DYN.MORT,Ghana,GHA,50.2
"Mortality rate, under-5 (per 1,000 live births)",SH.DYN.MORT,Gibraltar,GIB,..
"Mortality rate, under-5 (per 1,000 live births)",SH.DYN.MORT,Greece,GRC,4.3
"Mortality rate, under-5 (per 1,000 live births)",SH.DYN.MORT,Greenland,GRL,..
"Mortality rate, under-5 (per 1,000 live births)",SH.DYN.MORT,Grenada,GRD,17.9
"Mortality rate, under-5 (per 1,000 live births)",SH.DYN.MORT,Guam,GUM,..
"Mortality rate, under-5 (per 1,000 live births)",SH.DYN.MORT,Guatemala,GTM,27.2
"Mortality rate, under-5 (per 1,000 live births)",SH.DYN.MORT,Guinea,GIN,111.7
"Mortality rate, under-5 (per 1,000 live births)",SH.DYN.MORT,Guinea-Bissau,GNB,88.4
"Mortality rate, under-5 (per 1,000 live births)",SH.DYN.MORT,Guyana,GUY,32.1
"Mortality rate, under-5 (per 1,000 live births)",SH.DYN.MORT,Haiti,HTI,67.9
"Mortality rate, under-5 (per 1,000 live births)",SH.DYN.MORT,Honduras,HND,19.8
"Mortality rate, under-5 (per 1,000 live births)",SH.DYN.MORT,"Hong Kong SAR, China",HKG,..
"Mortality rate, under-5 (per 1,000 live births)",SH.DYN.MORT,Hungary,HUN,4.7
"Mortality rate, under-5 (per 1,000 live births)",SH.DYN.MORT,Iceland,ISL,2.6
"Mortality rate, under-5 (per 1,000 live births)",SH.DYN.MORT,India,IND,41.1
"Mortality rate, under-5 (per 1,000 live births)",SH.DYN.MORT,Indonesia,IDN,26.4
"Mortality rate, under-5 (per 1,000 live births)",SH.DYN.MORT,"Iran, Islamic Rep.",IRN,15
"Mortality rate, under-5 (per 1,000 live births)",SH.DYN.MORT,Iraq,IRQ,28.4
"Mortality rate, under-5 (per 1,000 live births)",SH.DYN.MORT,Ireland,IRL,3.6
"Mortality rate, under-5 (per 1,000 live births)",SH.DYN.MORT,Isle of Man,IMN,..
"Mortality rate, under-5 (per 1,000 live births)",SH.DYN.MORT,Israel,ISR,3.8
"Mortality rate, under-5 (per 1,000 live births)",SH.DYN.MORT,Italy,ITA,3.4
"Mortality rate, under-5 (per 1,000 live births)",SH.DYN.MORT,Jamaica,JAM,18.6
"Mortality rate, under-5 (per 1,000 live births)",SH.DYN.MORT,Japan,JPN,2.7
"Mortality rate, under-5 (per 1,000 live births)",SH.DYN.MORT,Jordan,JOR,16
"Mortality rate, under-5 (per 1,000 live births)",SH.DYN.MORT,Kazakhstan,KAZ,11
"Mortality rate, under-5 (per 1,000 live births)",SH.DYN.MORT,Kenya,KEN,46
"Mortality rate, under-5 (per 1,000 live births)",SH.DYN.MORT,Kiribati,KIR,59.5
"Mortality rate, under-5 (per 1,000 live births)",SH.DYN.MORT,"Korea, Dem. People's Rep.",PRK,20.6
"Mortality rate, under-5 (per 1,000 live births)",SH.DYN.MORT,"Korea, Rep.",KOR,3.4
"Mortality rate, under-5 (per 1,000 live births)",SH.DYN.MORT,Kosovo,XKX,13.4
"Mortality rate, under-5 (per 1,000 live births)",SH.DYN.MORT,Kuwait,KWT,9
"Mortality rate, under-5 (per 1,000 live births)",SH.DYN.MORT,Kyrgyz Republic,KGZ,21.1
"Mortality rate, under-5 (per 1,000 live births)",SH.DYN.MORT,Lao PDR,LAO,50.9
"Mortality rate, under-5 (per 1,000 live births)",SH.DYN.MORT,Latvia,LVA,4.7
"Mortality rate, under-5 (per 1,000 live births)",SH.DYN.MORT,Lebanon,LBN,13.1
"Mortality rate, under-5 (per 1,000 live births)",SH.DYN.MORT,Lesotho,LSO,71.8
"Mortality rate, under-5 (per 1,000 live births)",SH.DYN.MORT,Liberia,LBR,88.3
"Mortality rate, under-5 (per 1,000 live births)",SH.DYN.MORT,Libya,LBY,12.8
"Mortality rate, under-5 (per 1,000 live births)",SH.DYN.MORT,Liechtenstein,LIE,..
"Mortality rate, under-5 (per 1,000 live births)",SH.DYN.MORT,Lithuania,LTU,4.9
"Mortality rate, under-5 (per 1,000 live births)",SH.DYN.MORT,Luxembourg,LUX,2.5
"Mortality rate, under-5 (per 1,000 live births)",SH.DYN.MORT,"Macao SAR, China",MAC,..
"Mortality rate, under-5 (per 1,000 live births)",SH.DYN.MORT,North Macedonia,MKD,10.8
"Mortality rate, under-5 (per 1,000 live births)",SH.DYN.MORT,Madagascar,MDG,65.7
"Mortality rate, under-5 (per 1,000 live births)",SH.DYN.MORT,Malawi,MWI,53.5
"Mortality rate, under-5 (per 1,000 live births)",SH.DYN.MORT,Malaysia,MYS,8.2
"Mortality rate, under-5 (per 1,000 live births)",SH.DYN.MORT,Maldives,MDV,9.2
"Mortality rate, under-5 (per 1,000 live births)",SH.DYN.MORT,Mali,MLI,112.4
"Mortality rate, under-5 (per 1,000 live births)",SH.DYN.MORT,Malta,MLT,6.5
"Mortality rate, under-5 (per 1,000 live births)",SH.DYN.MORT,Marshall Islands,MHL,34.8
"Mortality rate, under-5 (per 1,000 live births)",SH.DYN.MORT,Mauritania,MRT,47.4
"Mortality rate, under-5 (per 1,000 live births)",SH.DYN.MORT,Mauritius,MUS,14.7
"Mortality rate, under-5 (per 1,000 live births)",SH.DYN.MORT,Mexico,MEX,15.7
"Mortality rate, under-5 (per 1,000 live births)",SH.DYN.MORT,"Micronesia, Fed. Sts.",FSM,28.8
"Mortality rate, under-5 (per 1,000 live births)",SH.DYN.MORT,Moldova,MDA,15.3
"Mortality rate, under-5 (per 1,000 live births)",SH.DYN.MORT,Monaco,MCO,3.4
"Mortality rate, under-5 (per 1,000 live births)",SH.DYN.MORT,Mongolia,MNG,18.4
"Mortality rate, under-5 (per 1,000 live births)",SH.DYN.MORT,Montenegro,MNE,3.8
"Mortality rate, under-5 (per 1,000 live births)",SH.DYN.MORT,Morocco,MAR,22.2
"Mortality rate, under-5 (per 1,000 live births)",SH.DYN.MORT,Mozambique,MOZ,72.3
"Mortality rate, under-5 (per 1,000 live births)",SH.DYN.MORT,Myanmar,MMR,49.5
"Mortality rate, under-5 (per 1,000 live births)",SH.DYN.MORT,Namibia,NAM,54.2
"Mortality rate, under-5 (per 1,000 live births)",SH.DYN.MORT,Nauru,NRU,16.1
"Mortality rate, under-5 (per 1,000 live births)",SH.DYN.MORT,Nepal,NPL,36.4
"Mortality rate, under-5 (per 1,000 live births)",SH.DYN.MORT,Netherlands,NLD,4.1
"Mortality rate, under-5 (per 1,000 live births)",SH.DYN.MORT,New Caledonia,NCL,..
"Mortality rate, under-5 (per 1,000 live births)",SH.DYN.MORT,New Zealand,NZL,5.5
"Mortality rate, under-5 (per 1,000 live births)",SH.DYN.MORT,Nicaragua,NIC,17.8
"Mortality rate, under-5 (per 1,000 live births)",SH.DYN.MORT,Niger,NER,125.1
"Mortality rate, under-5 (per 1,000 live births)",SH.DYN.MORT,Nigeria,NGA,124.8
"Mortality rate, under-5 (per 1,000 live births)",SH.DYN.MORT,Northern Mariana Islands,MNP,..
"Mortality rate, under-5 (per 1,000 live births)",SH.DYN.MORT,Norway,NOR,2.6
"Mortality rate, under-5 (per 1,000 live births)",SH.DYN.MORT,Oman,OMN,11.1
"Mortality rate, under-5 (per 1,000 live births)",SH.DYN.MORT,Pakistan,PAK,73.3
"Mortality rate, under-5 (per 1,000 live births)",SH.DYN.MORT,Palau,PLW,22.1
"Mortality rate, under-5 (per 1,000 live births)",SH.DYN.MORT,Panama,PAN,17
"Mortality rate, under-5 (per 1,000 live births)",SH.DYN.MORT,Papua New Guinea,PNG,50.2
"Mortality rate, under-5 (per 1,000 live births)",SH.DYN.MORT,Paraguay,PRY,21.5
"Mortality rate, under-5 (per 1,000 live births)",SH.DYN.MORT,Peru,PER,17.3
"Mortality rate, under-5 (per 1,000 live births)",SH.DYN.MORT,Philippines,PHL,27.8
"Mortality rate, under-5 (per 1,000 live births)",SH.DYN.MORT,Poland,POL,4.8
"Mortality rate, under-5 (per 1,000 live births)",SH.DYN.MORT,Portugal,PRT,3.6
"Mortality rate, under-5 (per 1,000 live births)",SH.DYN.MORT,Puerto Rico (US),PRI,..
"Mortality rate, under-5 (per 1,000 live births)",SH.DYN.MORT,Qatar,QAT,7.5
"Mortality rate, under-5 (per 1,000 live births)",SH.DYN.MORT,Romania,ROU,8.5
"Mortality rate, under-5 (per 1,000 live births)",SH.DYN.MORT,Russian Federation,RUS,7.5
"Mortality rate, under-5 (per 1,000 live births)",SH.DYN.MORT,Rwanda,RWA,46.3
"Mortality rate, under-5 (per 1,000 live births)",SH.DYN.MORT,Samoa,WSM,18.3
"Mortality rate, under-5 (per 1,000 live births)",SH.DYN.MORT,San Marino,SMR,1.9
"Mortality rate, under-5 (per 1,000 live births)",SH.DYN.MORT,Sao Tome and Principe,STP,21.1
"Mortality rate, under-5 (per 1,000 live births)",SH.DYN.MORT,Saudi Arabia,SAU,8.5
"Mortality rate, under-5 (per 1,000 live births)",SH.DYN.MORT,Senegal,SEN,51.1
"Mortality rate, under-5 (per 1,000 live births)",SH.DYN.MORT,Serbia,SRB,6.1
"Mortality rate, under-5 (per 1,000 live births)",SH.DYN.MORT,Seychelles,SYC,14.6
"Mortality rate, under-5 (per 1,000 live births)",SH.DYN.MORT,Sierra Leone,SLE,122.7
"Mortality rate, under-5 (per 1,000 live births)",SH.DYN.MORT,Singapore,SGP,2.7
"Mortality rate, under-5 (per 1,000 live births)",SH.DYN.MORT,Sint Maarten (Dutch part),SXM,..
"Mortality rate, under-5 (per 1,000 live births)",SH.DYN.MORT,Slovak Republic,SVK,6.1
"Mortality rate, under-5 (per 1,000 live births)",SH.DYN.MORT,Slovenia,SVN,2.6
"Mortality rate, under-5 (per 1,000 live births)",SH.DYN.MORT,Solomon Islands,SLB,24.5
"Mortality rate, under-5 (per 1,000 live births)",SH.DYN.MORT,"Somalia, Fed. Rep.",SOM,129.6
"Mortality rate, under-5 (per 1,000 live births)",SH.DYN.MORT,South Africa,ZAF,36.8
"Mortality rate, under-5 (per 1,000 live births)",SH.DYN.MORT,South Sudan,SSD,263.9
"Mortality rate, under-5 (per 1,000 live births)",SH.DYN.MORT,Spain,ESP,3.3
"Mortality rate, under-5 (per 1,000 live births)",SH.DYN.MORT,Sri Lanka,LKA,8.3
"Mortality rate, under-5 (per 1,000 live births)",SH.DYN.MORT,St. Kitts and Nevis,KNA,19.3
"Mortality rate, under-5 (per 1,000 live births)",SH.DYN.MORT,St. Lucia,LCA,17.2
"Mortality rate, under-5 (per 1,000 live births)",SH.DYN.MORT,St. Martin (French part),MAF,..
"Mortality rate, under-5 (per 1,000 live births)",SH.DYN.MORT,St. Vincent and the Grenadines,VCT,15.9
"Mortality rate, under-5 (per 1,000 live births)",SH.DYN.MORT,Sudan,SDN,62.6
"Mortality rate, under-5 (per 1,000 live births)",SH.DYN.MORT,Suriname,SUR,20
"Mortality rate, under-5 (per 1,000 live births)",SH.DYN.MORT,Eswatini,SWZ,55.3
"Mortality rate, under-5 (per 1,000 live births)",SH.DYN.MORT,Sweden,SWE,2.8
"Mortality rate, under-5 (per 1,000 live births)",SH.DYN.MORT,Switzerland,CHE,4.2
"Mortality rate, under-5 (per 1,000 live births)",SH.DYN.MORT,Syrian Arab Republic,SYR,32.2
"Mortality rate, under-5 (per 1,000 live births)",SH.DYN.MORT,Tajikistan,TJK,29.4
"Mortality rate, under-5 (per 1,000 live births)",SH.DYN.MORT,Tanzania,TZA,52.5
"Mortality rate, under-5 (per 1,000 live births)",SH.DYN.MORT,Thailand,THA,11.5
"Mortality rate, under-5 (per 1,000 live births)",SH.DYN.MORT,Timor-Leste,TLS,59.1
"Mortality rate, under-5 (per 1,000 live births)",SH.DYN.MORT,Togo,TGO,73.2
"Mortality rate, under-5 (per 1,000 live births)",SH.DYN.MORT,Tonga,TON,11.7
"Mortality rate, under-5 (per 1,000 live births)",SH.DYN.MORT,Trinidad and Tobago,TTO,22.2
"Mortality rate, under-5 (per 1,000 live births)",SH.DYN.MORT,Tunisia,TUN,18.1
"Mortality rate, under-5 (per 1,000 live births)",SH.DYN.MORT,Turkiye,TUR,12.6
"Mortality rate, under-5 (per 1,000 live births)",SH.DYN.MORT,Turkmenistan,TKM,43.3
"Mortality rate, under-5 (per 1,000 live births)",SH.DYN.MORT,Turks and Caicos Islands,TCA,6.7
"Mortality rate, under-5 (per 1,000 live births)",SH.DYN.MORT,Tuvalu,TUV,25.2
"Mortality rate, under-5 (per 1,000 live births)",SH.DYN.MORT,Uganda,UGA,52.5
"Mortality rate, under-5 (per 1,000 live births)",SH.DYN.MORT,Ukraine,UKR,9.1
"Mortality rate, under-5 (per 1,000 live births)",SH.DYN.MORT,United Arab Emirates,ARE,7.3
"Mortality rate, under-5 (per 1,000 live births)",SH.DYN.MORT,United Kingdom,GBR,4.4
"Mortality rate, under-5 (per 1,000 live births)",SH.DYN.MORT,United States,USA,6.7
"Mortality rate, under-5 (per 1,000 live births)",SH.DYN.MORT,Uruguay,URY,8.5
"Mortality rate, under-5 (per 1,000 live births)",SH.DYN.MORT,Uzbekistan,UZB,18.5
"Mortality rate, under-5 (per 1,000 live births)",SH.DYN.MORT,Vanuatu,VUT,18.4
"Mortality rate, under-5 (per 1,000 live births)",SH.DYN.MORT,"Venezuela, RB",VEN,24.3
"Mortality rate, under-5 (per 1,000 live births)",SH.DYN.MORT,Viet Nam,VNM,21.8
"Mortality rate, under-5 (per 1,000 live births)",SH.DYN.MORT,Virgin Islands (U.S.),VIR,..
"Mortality rate, under-5 (per 1,000 live births)",SH.DYN.MORT,West Bank and Gaza,PSE,17.6
"Mortality rate, under-5 (per 1,000 live births)",SH.DYN.MORT,"Yemen, Rep.",YEM,47.7
"Mortality rate, under-5 (per 1,000 live births)",SH.DYN.MORT,Zambia,ZMB,59
"Mortality rate, under-5 (per 1,000 live births)",SH.DYN.MORT,Zimbabwe,ZWE,56.9
"Prevalence of underweight, weight for age (% of children under 5)",SH.STA.MALN.ZS,Afghanistan,AFG,..
"Prevalence of underweight, weight for age (% of children under 5)",SH.STA.MALN.ZS,Albania,ALB,..
"Prevalence of underweight, weight for age (% of children under 5)",SH.STA.MALN.ZS,Algeria,DZA,..
"Prevalence of underweight, weight for age (% of children under 5)",SH.STA.MALN.ZS,American Samoa,ASM,..
"Prevalence of underweight, weight for age (% of children under 5)",SH.STA.MALN.ZS,Andorra,AND,..
"Prevalence of underweight, weight for age (% of children under 5)",SH.STA.MALN.ZS,Angola,AGO,..
"Prevalence of underweight, weight for age (% of children under 5)",SH.STA.MALN.ZS,Antigua and Barbuda,ATG,..
"Prevalence of underweight, weight for age (% of children under 5)",SH.STA.MALN.ZS,Argentina,ARG,..
"Prevalence of underweight, weight for age (% of children under 5)",SH.STA.MALN.ZS,Armenia,ARM,2.6
"Prevalence of underweight, weight for age (% of children under 5)",SH.STA.MALN.ZS,Aruba,ABW,..
"Prevalence of underweight, weight for age (% of children under 5)",SH.STA.MALN.ZS,Australia,AUS,..
"Prevalence of underweight, weight for age (% of children under 5)",SH.STA.MALN.ZS,Austria,AUT,..
"Prevalence of underweight, weight for age (% of children under 5)",SH.STA.MALN.ZS,Azerbaijan,AZE,..
"Prevalence of underweight, weight for age (% of children under 5)",SH.STA.MALN.ZS,"Bahamas, The",BHS,..
"Prevalence of underweight, weight for age (% of children under 5)",SH.STA.MALN.ZS,Bahrain,BHR,..
"Prevalence of underweight, weight for age (% of children under 5)",SH.STA.MALN.ZS,Bangladesh,BGD,..
"Prevalence of underweight, weight for age (% of children under 5)",SH.STA.MALN.ZS,Barbados,BRB,..
"Prevalence of underweight, weight for age (% of children under 5)",SH.STA.MALN.ZS,Belarus,BLR,..
"Prevalence of underweight, weight for age (% of children under 5)",SH.STA.MALN.ZS,Belgium,BEL,..
"Prevalence of underweight, weight for age (% of children under 5)",SH.STA.MALN.ZS,Belize,BLZ,..
"Prevalence of underweight, weight for age (% of children under 5)",SH.STA.MALN.ZS,Benin,BEN,..
"Prevalence of underweight, weight for age (% of children under 5)",SH.STA.MALN.ZS,Bermuda,BMU,..
"Prevalence of underweight, weight for age (% of children under 5)",SH.STA.MALN.ZS,Bhutan,BTN,..
"Prevalence of underweight, weight for age (% of children under 5)",SH.STA.MALN.ZS,Bolivia,BOL,3.4
"Prevalence of underweight, weight for age (% of children under 5)",SH.STA.MALN.ZS,Bosnia and Herzegovina,BIH,..
"Prevalence of underweight, weight for age (% of children under 5)",SH.STA.MALN.ZS,Botswana,BWA,..
"Prevalence of underweight, weight for age (% of children under 5)",SH.STA.MALN.ZS,Brazil,BRA,..
"Prevalence of underweight, weight for age (% of children under 5)",SH.STA.MALN.ZS,British Virgin Islands,VGB,..
"Prevalence of underweight, weight for age (% of children under 5)",SH.STA.MALN.ZS,Brunei Darussalam,BRN,..
"Prevalence of underweight, weight for age (% of children under 5)",SH.STA.MALN.ZS,Bulgaria,BGR,..
"Prevalence of underweight, weight for age (% of children under 5)",SH.STA.MALN.ZS,Burkina Faso,BFA,18.9
"Prevalence of underweight, weight for age (% of children under 5)",SH.STA.MALN.ZS,Burundi,BDI,29.3
"Prevalence of underweight, weight for age (% of children under 5)",SH.STA.MALN.ZS,Cabo Verde,CPV,..
"Prevalence of underweight, weight for age (% of children under 5)",SH.STA.MALN.ZS,Cambodia,KHM,..
"Prevalence of underweight, weight for age (% of children under 5)",SH.STA.MALN.ZS,Cameroon,CMR,..
"Prevalence of underweight, weight for age (% of children under 5)",SH.STA.MALN.ZS,Canada,CAN,..
"Prevalence of underweight, weight for age (% of children under 5)",SH.STA.MALN.ZS,Cayman Islands,CYM,..
"Prevalence of underweight, weight for age (% of children under 5)",SH.STA.MALN.ZS,Central African Republic,CAF,..
"Prevalence of underweight, weight for age (% of children under 5)",SH.STA.MALN.ZS,Chad,TCD,..
"Prevalence of underweight, weight for age (% of children under 5)",SH.STA.MALN.ZS,Channel Islands,CHI,..
"Prevalence of underweight, weight for age (% of children under 5)",SH.STA.MALN.ZS,Chile,CHL,..
"Prevalence of underweight, weight for age (% of children under 5)",SH.STA.MALN.ZS,China,CHN,..
"Prevalence of underweight, weight for age (% of children under 5)",SH.STA.MALN.ZS,Colombia,COL,3.7
"Prevalence of underweight, weight for age (% of children under 5)",SH.STA.MALN.ZS,Comoros,COM,..
"Prevalence of underweight, weight for age (% of children under 5)",SH.STA.MALN.ZS,"Congo, Dem. Rep.",COD,..
"Prevalence of underweight, weight for age (% of children under 5)",SH.STA.MALN.ZS,"Congo, Rep.",COG,..
"Prevalence of underweight, weight for age (% of children under 5)",SH.STA.MALN.ZS,Costa Rica,CRI,..
"Prevalence of underweight, weight for age (% of children under 5)",SH.STA.MALN.ZS,Cote d'Ivoire,CIV,12.8
"Prevalence of underweight, weight for age (% of children under 5)",SH.STA.MALN.ZS,Croatia,HRV,..
"Prevalence of underweight, weight for age (% of children under 5)",SH.STA.MALN.ZS,Cuba,CUB,..
"Prevalence of underweight, weight for age (% of children under 5)",SH.STA.MALN.ZS,Curacao,CUW,..
"Prevalence of underweight, weight for age (% of children under 5)",SH.STA.MALN.ZS,Cyprus,CYP,..
"Prevalence of underweight, weight for age (% of children under 5)",SH.STA.MALN.ZS,Czechia,CZE,..
"Prevalence of underweight, weight for age (% of children under 5)",SH.STA.MALN.ZS,Denmark,DNK,..
"Prevalence of underweight, weight for age (% of children under 5)",SH.STA.MALN.ZS,Djibouti,DJI,..
"Prevalence of underweight, weight for age (% of children under 5)",SH.STA.MALN.ZS,Dominica,DMA,..
"Prevalence of underweight, weight for age (% of children under 5)",SH.STA.MALN.ZS,Dominican Republic,DOM,..
"Prevalence of underweight, weight for age (% of children under 5)",SH.STA.MALN.ZS,Ecuador,ECU,..
"Prevalence of underweight, weight for age (% of children under 5)",SH.STA.MALN.ZS,"Egypt, Arab Rep.",EGY,..
"Prevalence of underweight, weight for age (% of children under 5)",SH.STA.MALN.ZS,El Salvador,SLV,..
"Prevalence of underweight, weight for age (% of children under 5)",SH.STA.MALN.ZS,Equatorial Guinea,GNQ,..
"Prevalence of underweight, weight for age (% of children under 5)",SH.STA.MALN.ZS,Eritrea,ERI,..
"Prevalence of underweight, weight for age (% of children under 5)",SH.STA.MALN.ZS,Estonia,EST,..
"Prevalence of underweight, weight for age (% of children under 5)",SH.STA.MALN.ZS,Ethiopia,ETH,23.5
"Prevalence of underweight, weight for age (% of children under 5)",SH.STA.MALN.ZS,Faroe Islands,FRO,..
"Prevalence of underweight, weight for age (% of children under 5)",SH.STA.MALN.ZS,Fiji,FJI,..
"Prevalence of underweight, weight for age (% of children under 5)",SH.STA.MALN.ZS,Finland,FIN,..
"Prevalence of underweight, weight for age (% of children under 5)",SH.STA.MALN.ZS,France,FRA,..
"Prevalence of underweight, weight for age (% of children under 5)",SH.STA.MALN.ZS,French Polynesia,PYF,..
"Prevalence of underweight, weight for age (% of children under 5)",SH.STA.MALN.ZS,Gabon,GAB,..
"Prevalence of underweight, weight for age (% of children under 5)",SH.STA.MALN.ZS,"Gambia, The",GMB,..
"Prevalence of underweight, weight for age (% of children under 5)",SH.STA.MALN.ZS,Georgia,GEO,..
"Prevalence of underweight, weight for age (% of children under 5)",SH.STA.MALN.ZS,Germany,DEU,0.6
"Prevalence of underweight, weight for age (% of children under 5)",SH.STA.MALN.ZS,Ghana,GHA,..
"Prevalence of underweight, weight for age (% of children under 5)",SH.STA.MALN.ZS,Gibraltar,GIB,..
"Prevalence of underweight, weight for age (% of children under 5)",SH.STA.MALN.ZS,Greece,GRC,..
"Prevalence of underweight, weight for age (% of children under 5)",SH.STA.MALN.ZS,Greenland,GRL,..
"Prevalence of underweight, weight for age (% of children under 5)",SH.STA.MALN.ZS,Grenada,GRD,..
"Prevalence of underweight, weight for age (% of children under 5)",SH.STA.MALN.ZS,Guam,GUM,..
"Prevalence of underweight, weight for age (% of children under 5)",SH.STA.MALN.ZS,Guatemala,GTM,..
"Prevalence of underweight, weight for age (% of children under 5)",SH.STA.MALN.ZS,Guinea,GIN,18.3
"Prevalence of underweight, weight for age (% of children under 5)",SH.STA.MALN.ZS,Guinea-Bissau,GNB,..
"Prevalence of underweight, weight for age (% of children under 5)",SH.STA.MALN.ZS,Guyana,GUY,..
"Prevalence of underweight, weight for age (% of children under 5)",SH.STA.MALN.ZS,Haiti,HTI,..
"Prevalence of underweight, weight for age (% of children under 5)",SH.STA.MALN.ZS,Honduras,HND,..
"Prevalence of underweight, weight for age (% of children under 5)",SH.STA.MALN.ZS,"Hong Kong SAR, China",HKG,..
"Prevalence of underweight, weight for age (% of children under 5)",SH.STA.MALN.ZS,Hungary,HUN,..
"Prevalence of underweight, weight for age (% of children under 5)",SH.STA.MALN.ZS,Iceland,ISL,..
"Prevalence of underweight, weight for age (% of children under 5)",SH.STA.MALN.ZS,India,IND,..
"Prevalence of underweight, weight for age (% of children under 5)",SH.STA.MALN.ZS,Indonesia,IDN,..
"Prevalence of underweight, weight for age (% of children under 5)",SH.STA.MALN.ZS,"Iran, Islamic Rep.",IRN,..
"Prevalence of underweight, weight for age (% of children under 5)",SH.STA.MALN.ZS,Iraq,IRQ,..
"Prevalence of underweight, weight for age (% of children under 5)",SH.STA.MALN.ZS,Ireland,IRL,..
"Prevalence of underweight, weight for age (% of children under 5)",SH.STA.MALN.ZS,Isle of Man,IMN,..
"Prevalence of underweight, weight for age (% of children under 5)",SH.STA.MALN.ZS,Israel,ISR,..
"Prevalence of underweight, weight for age (% of children under 5)",SH.STA.MALN.ZS,Italy,ITA,..
"Prevalence of underweight, weight for age (% of children under 5)",SH.STA.MALN.ZS,Jamaica,JAM,4.4
"Prevalence of underweight, weight for age (% of children under 5)",SH.STA.MALN.ZS,Japan,JPN,..
"Prevalence of underweight, weight for age (% of children under 5)",SH.STA.MALN.ZS,Jordan,JOR,..
"Prevalence of underweight, weight for age (% of children under 5)",SH.STA.MALN.ZS,Kazakhstan,KAZ,..
"Prevalence of underweight, weight for age (% of children under 5)",SH.STA.MALN.ZS,Kenya,KEN,13
"Prevalence of underweight, weight for age (% of children under 5)",SH.STA.MALN.ZS,Kiribati,KIR,..
"Prevalence of underweight, weight for age (% of children under 5)",SH.STA.MALN.ZS,"Korea, Dem. People's Rep.",PRK,..
"Prevalence of underweight, weight for age (% of children under 5)",SH.STA.MALN.ZS,"Korea, Rep.",KOR,..
"Prevalence of underweight, weight for age (% of children under 5)",SH.STA.MALN.ZS,Kosovo,XKX,..
"Prevalence of underweight, weight for age (% of children under 5)",SH.STA.MALN.ZS,Kuwait,KWT,3.3
"Prevalence of underweight, weight for age (% of children under 5)",SH.STA.MALN.ZS,Kyrgyz Republic,KGZ,..
"Prevalence of underweight, weight for age (% of children under 5)",SH.STA.MALN.ZS,Lao PDR,LAO,..
"Prevalence of underweight, weight for age (% of children under 5)",SH.STA.MALN.ZS,Latvia,LVA,..
"Prevalence of underweight, weight for age (% of children under 5)",SH.STA.MALN.ZS,Lebanon,LBN,..
"Prevalence of underweight, weight for age (% of children under 5)",SH.STA.MALN.ZS,Lesotho,LSO,..
"Prevalence of underweight, weight for age (% of children under 5)",SH.STA.MALN.ZS,Liberia,LBR,13.6
"Prevalence of underweight, weight for age (% of children under 5)",SH.STA.MALN.ZS,Libya,LBY,..
"Prevalence of underweight, weight for age (% of children under 5)",SH.STA.MALN.ZS,Liechtenstein,LIE,..
"Prevalence of underweight, weight for age (% of children under 5)",SH.STA.MALN.ZS,Lithuania,LTU,..
"Prevalence of underweight, weight for age (% of children under 5)",SH.STA.MALN.ZS,Luxembourg,LUX,..
"Prevalence of underweight, weight for age (% of children under 5)",SH.STA.MALN.ZS,"Macao SAR, China",MAC,..
"Prevalence of underweight, weight for age (% of children under 5)",SH.STA.MALN.ZS,North Macedonia,MKD,..
"Prevalence of underweight, weight for age (% of children under 5)",SH.STA.MALN.ZS,Madagascar,MDG,..
"Prevalence of underweight, weight for age (% of children under 5)",SH.STA.MALN.ZS,Malawi,MWI,14.6
"Prevalence of underweight, weight for age (% of children under 5)",SH.STA.MALN.ZS,Malaysia,MYS,13.7
"Prevalence of underweight, weight for age (% of children under 5)",SH.STA.MALN.ZS,Maldives,MDV,..
"Prevalence of underweight, weight for age (% of children under 5)",SH.STA.MALN.ZS,Mali,MLI,20.2
"Prevalence of underweight, weight for age (% of children under 5)",SH.STA.MALN.ZS,Malta,MLT,..
"Prevalence of underweight, weight for age (% of children under 5)",SH.STA.MALN.ZS,Marshall Islands,MHL,..
"Prevalence of underweight, weight for age (% of children under 5)",SH.STA.MALN.ZS,Mauritania,MRT,..
"Prevalence of underweight, weight for age (% of children under 5)",SH.STA.MALN.ZS,Mauritius,MUS,..
"Prevalence of underweight, weight for age (% of children under 5)",SH.STA.MALN.ZS,Mexico,MEX,4.2
"Prevalence of underweight, weight for age (% of children under 5)",SH.STA.MALN.ZS,"Micronesia, Fed. Sts.",FSM,..
"Prevalence of underweight, weight for age (% of children under 5)",SH.STA.MALN.ZS,Moldova,MDA,..
"Prevalence of underweight, weight for age (% of children under 5)",SH.STA.MALN.ZS,Monaco,MCO,..
"Prevalence of underweight, weight for age (% of children under 5)",SH.STA.MALN.ZS,Mongolia,MNG,0.8
"Prevalence of underweight, weight for age (% of children under 5)",SH.STA.MALN.ZS,Montenegro,MNE,..
"Prevalence of underweight, weight for age (% of children under 5)",SH.STA.MALN.ZS,Morocco,MAR,..
"Prevalence of underweight, weight for age (% of children under 5)",SH.STA.MALN.ZS,Mozambique,MOZ,..
"Prevalence of underweight, weight for age (% of children under 5)",SH.STA.MALN.ZS,Myanmar,MMR,18.5
"Prevalence of underweight, weight for age (% of children under 5)",SH.STA.MALN.ZS,Namibia,NAM,..
"Prevalence of underweight, weight for age (% of children under 5)",SH.STA.MALN.ZS,Nauru,NRU,..
"Prevalence of underweight, weight for age (% of children under 5)",SH.STA.MALN.ZS,Nepal,NPL,27
"Prevalence of underweight, weight for age (% of children under 5)",SH.STA.MALN.ZS,Netherlands,NLD,..
"Prevalence of underweight, weight for age (% of children under 5)",SH.STA.MALN.ZS,New Caledonia,NCL,..
"Prevalence of underweight, weight for age (% of children under 5)",SH.STA.MALN.ZS,New Zealand,NZL,..
"Prevalence of underweight, weight for age (% of children under 5)",SH.STA.MALN.ZS,Nicaragua,NIC,..
"Prevalence of underweight, weight for age (% of children under 5)",SH.STA.MALN.ZS,Niger,NER,32
"Prevalence of underweight, weight for age (% of children under 5)",SH.STA.MALN.ZS,Nigeria,NGA,31.5
"Prevalence of underweight, weight for age (% of children under 5)",SH.STA.MALN.ZS,Northern Mariana Islands,MNP,..
"Prevalence of underweight, weight for age (% of children under 5)",SH.STA.MALN.ZS,Norway,NOR,..
"Prevalence of underweight, weight for age (% of children under 5)",SH.STA.MALN.ZS,Oman,OMN,..
"Prevalence of underweight, weight for age (% of children under 5)",SH.STA.MALN.ZS,Pakistan,PAK,..
"Prevalence of underweight, weight for age (% of children under 5)",SH.STA.MALN.ZS,Palau,PLW,..
"Prevalence of underweight, weight for age (% of children under 5)",SH.STA.MALN.ZS,Panama,PAN,..
"Prevalence of underweight, weight for age (% of children under 5)",SH.STA.MALN.ZS,Papua New Guinea,PNG,..
"Prevalence of underweight, weight for age (% of children under 5)",SH.STA.MALN.ZS,Paraguay,PRY,1.3
"Prevalence of underweight, weight for age (% of children under 5)",SH.STA.MALN.ZS,Peru,PER,3.2
"Prevalence of underweight, weight for age (% of children under 5)",SH.STA.MALN.ZS,Philippines,PHL,..
"Prevalence of underweight, weight for age (% of children under 5)",SH.STA.MALN.ZS,Poland,POL,..
"Prevalence of underweight, weight for age (% of children under 5)",SH.STA.MALN.ZS,Portugal,PRT,0.9
"Prevalence of underweight, weight for age (% of children under 5)",SH.STA.MALN.ZS,Puerto Rico (US),PRI,..
"Prevalence of underweight, weight for age (% of children under 5)",SH.STA.MALN.ZS,Qatar,QAT,..
"Prevalence of underweight, weight for age (% of children under 5)",SH.STA.MALN.ZS,Romania,ROU,..
"Prevalence of underweight, weight for age (% of children under 5)",SH.STA.MALN.ZS,Russian Federation,RUS,..
"Prevalence of underweight, weight for age (% of children under 5)",SH.STA.MALN.ZS,Rwanda,RWA,..
"Prevalence of underweight, weight for age (% of children under 5)",SH.STA.MALN.ZS,Samoa,WSM,..
"Prevalence of underweight, weight for age (% of children under 5)",SH.STA.MALN.ZS,San Marino,SMR,..
"Prevalence of underweight, weight for age (% of children under 5)",SH.STA.MALN.ZS,Sao Tome and Principe,STP,..
"Prevalence of underweight, weight for age (% of children under 5)",SH.STA.MALN.ZS,Saudi Arabia,SAU,4.6
"Prevalence of underweight, weight for age (% of children under 5)",SH.STA.MALN.ZS,Senegal,SEN,13.8
"Prevalence of underweight, weight for age (% of children under 5)",SH.STA.MALN.ZS,Serbia,SRB,..
"Prevalence of underweight, weight for age (% of children under 5)",SH.STA.MALN.ZS,Seychelles,SYC,..
"Prevalence of underweight, weight for age (% of children under 5)",SH.STA.MALN.ZS,Sierra Leone,SLE,..
"Prevalence of underweight, weight for age (% of children under 5)",SH.STA.MALN.ZS,Singapore,SGP,..
"Prevalence of underweight, weight for age (% of children under 5)",SH.STA.MALN.ZS,Sint Maarten (Dutch part),SXM,..
"Prevalence of underweight, weight for age (% of children under 5)",SH.STA.MALN.ZS,Slovak Republic,SVK,..
"Prevalence of underweight, weight for age (% of children under 5)",SH.STA.MALN.ZS,Slovenia,SVN,..
"Prevalence of underweight, weight for age (% of children under 5)",SH.STA.MALN.ZS,Solomon Islands,SLB,..
"Prevalence of underweight, weight for age (% of children under 5)",SH.STA.MALN.ZS,"Somalia, Fed. Rep.",SOM,..
"Prevalence of underweight, weight for age (% of children under 5)",SH.STA.MALN.ZS,South Africa,ZAF,5.9
"Prevalence of underweight, weight for age (% of children under 5)",SH.STA.MALN.ZS,South Sudan,SSD,..
"Prevalence of underweight, weight for age (% of children under 5)",SH.STA.MALN.ZS,Spain,ESP,..
"Prevalence of underweight, weight for age (% of children under 5)",SH.STA.MALN.ZS,Sri Lanka,LKA,20.5
"Prevalence of underweight, weight for age (% of children under 5)",SH.STA.MALN.ZS,St. Kitts and Nevis,KNA,..
"Prevalence of underweight, weight for age (% of children under 5)",SH.STA.MALN.ZS,St. Lucia,LCA,..
"Prevalence of underweight, weight for age (% of children under 5)",SH.STA.MALN.ZS,St. Martin (French part),MAF,..
"Prevalence of underweight, weight for age (% of children under 5)",SH.STA.MALN.ZS,St. Vincent and the Grenadines,VCT,..
"Prevalence of underweight, weight for age (% of children under 5)",SH.STA.MALN.ZS,Sudan,SDN,..
"Prevalence of underweight, weight for age (% of children under 5)",SH.STA.MALN.ZS,Suriname,SUR,..
"Prevalence of underweight, weight for age (% of children under 5)",SH.STA.MALN.ZS,Eswatini,SWZ,..
"Prevalence of underweight, weight for age (% of children under 5)",SH.STA.MALN.ZS,Sweden,SWE,..
"Prevalence of underweight, weight for age (% of children under 5)",SH.STA.MALN.ZS,Switzerland,CHE,..
"Prevalence of underweight, weight for age (% of children under 5)",SH.STA.MALN.ZS,Syrian Arab Republic,SYR,..
"Prevalence of underweight, weight for age (% of children under 5)",SH.STA.MALN.ZS,Tajikistan,TJK,6.4
"Prevalence of underweight, weight for age (% of children under 5)",SH.STA.MALN.ZS,Tanzania,TZA,..
"Prevalence of underweight, weight for age (% of children under 5)",SH.STA.MALN.ZS,Thailand,THA,6.7
"Prevalence of underweight, weight for age (% of children under 5)",SH.STA.MALN.ZS,Timor-Leste,TLS,..
"Prevalence of underweight, weight for age (% of children under 5)",SH.STA.MALN.ZS,Togo,TGO,..
"Prevalence of underweight, weight for age (% of children under 5)",SH.STA.MALN.ZS,Tonga,TON,..
"Prevalence of underweight, weight for age (% of children under 5)",SH.STA.MALN.ZS,Trinidad and Tobago,TTO,..
"Prevalence of underweight, weight for age (% of children under 5)",SH.STA.MALN.ZS,Tunisia,TUN,..
"Prevalence of underweight, weight for age (% of children under 5)",SH.STA.MALN.ZS,Turkiye,TUR,..
"Prevalence of underweight, weight for age (% of children under 5)",SH.STA.MALN.ZS,Turkmenistan,TKM,..
"Prevalence of underweight, weight for age (% of children under 5)",SH.STA.MALN.ZS,Turks and Caicos Islands,TCA,..
"Prevalence of underweight, weight for age (% of children under 5)",SH.STA.MALN.ZS,Tuvalu,TUV,..
"Prevalence of underweight, weight for age (% of children under 5)",SH.STA.MALN.ZS,Uganda,UGA,10.4
"Prevalence of underweight, weight for age (% of children under 5)",SH.STA.MALN.ZS,Ukraine,UKR,..
"Prevalence of underweight, weight for age (% of children under 5)",SH.STA.MALN.ZS,United Arab Emirates,ARE,..
"Prevalence of underweight, weight for age (% of children under 5)",SH.STA.MALN.ZS,United Kingdom,GBR,0.6
"Prevalence of underweight, weight for age (% of children under 5)",SH.STA.MALN.ZS,United States,USA,1.4
"Prevalence of underweight, weight for age (% of children under 5)",SH.STA.MALN.ZS,Uruguay,URY,3.3
"Prevalence of underweight, weight for age (% of children under 5)",SH.STA.MALN.ZS,Uzbekistan,UZB,..
"Prevalence of underweight, weight for age (% of children under 5)",SH.STA.MALN.ZS,Vanuatu,VUT,..
"Prevalence of underweight, weight for age (% of children under 5)",SH.STA.MALN.ZS,"Venezuela, RB",VEN,..
"Prevalence of underweight, weight for age (% of children under 5)",SH.STA.MALN.ZS,Viet Nam,VNM,13.8
"Prevalence of underweight, weight for age (% of children under 5)",SH.STA.MALN.ZS,Virgin Islands (U.S.),VIR,..
"Prevalence of underweight, weight for age (% of children under 5)",SH.STA.MALN.ZS,West Bank and Gaza,PSE,..
"Prevalence of underweight, weight for age (% of children under 5)",SH.STA.MALN.ZS,"Yemen, Rep.",YEM,..
"Prevalence of underweight, weight for age (% of children under 5)",SH.STA.MALN.ZS,Zambia,ZMB,..
"Prevalence of underweight, weight for age (% of children under 5)",SH.STA.MALN.ZS,Zimbabwe,ZWE,..
"Immunization, measles (% of children ages 12-23 months)",SH.IMM.MEAS,Afghanistan,AFG,64
"Immunization, measles (% of children ages 12-23 months)",SH.IMM.MEAS,Albania,ALB,96
"Immunization, measles (% of children ages 12-23 months)",SH.IMM.MEAS,Algeria,DZA,94
"Immunization, measles (% of children ages 12-23 months)",SH.IMM.MEAS,American Samoa,ASM,..
"Immunization, measles (% of children ages 12-23 months)",SH.IMM.MEAS,Andorra,AND,97
"Immunization, measles (% of children ages 12-23 months)",SH.IMM.MEAS,Angola,AGO,49
"Immunization, measles (% of children ages 12-23 months)",SH.IMM.MEAS,Antigua and Barbuda,ATG,88
"Immunization, measles (% of children ages 12-23 months)",SH.IMM.MEAS,Argentina,ARG,90
"Immunization, measles (% of children ages 12-23 months)",SH.IMM.MEAS,Armenia,ARM,97
"Immunization, measles (% of children ages 12-23 months)",SH.IMM.MEAS,Aruba,ABW,..
"Immunization, measles (% of children ages 12-23 months)",SH.IMM.MEAS,Australia,AUS,95
"Immunization, measles (% of children ages 12-23 months)",SH.IMM.MEAS,Austria,AUT,95
"Immunization, measles (% of children ages 12-23 months)",SH.IMM.MEAS,Azerbaijan,AZE,81
"Immunization, measles (% of children ages 12-23 months)",SH.IMM.MEAS,"Bahamas, The",BHS,89
"Immunization, measles (% of children ages 12-23 months)",SH.IMM.MEAS,Bahrain,BHR,99
"Immunization, measles (% of children ages 12-23 months)",SH.IMM.MEAS,Bangladesh,BGD,97
"Immunization, measles (% of children ages 12-23 months)",SH.IMM.MEAS,Barbados,BRB,92
"Immunization, measles (% of children ages 12-23 months)",SH.IMM.MEAS,Belarus,BLR,98
"Immunization, measles (% of children ages 12-23 months)",SH.IMM.MEAS,Belgium,BEL,96
"Immunization, measles (% of children ages 12-23 months)",SH.IMM.MEAS,Belize,BLZ,95
"Immunization, measles (% of children ages 12-23 months)",SH.IMM.MEAS,Benin,BEN,68
"Immunization, measles (% of children ages 12-23 months)",SH.IMM.MEAS,Bermuda,BMU,..
"Immunization, measles (% of children ages 12-23 months)",SH.IMM.MEAS,Bhutan,BTN,97
"Immunization, measles (% of children ages 12-23 months)",SH.IMM.MEAS,Bolivia,BOL,94
"Immunization, measles (% of children ages 12-23 months)",SH.IMM.MEAS,Bosnia and Herzegovina,BIH,68
"Immunization, measles (% of children ages 12-23 months)",SH.IMM.MEAS,Botswana,BWA,97
"Immunization, measles (% of children ages 12-23 months)",SH.IMM.MEAS,Brazil,BRA,95
"Immunization, measles (% of children ages 12-23 months)",SH.IMM.MEAS,British Virgin Islands,VGB,..
"Immunization, measles (% of children ages 12-23 months)",SH.IMM.MEAS,Brunei Darussalam,BRN,98
"Immunization, measles (% of children ages 12-23 months)",SH.IMM.MEAS,Bulgaria,BGR,92
"Immunization, measles (% of children ages 12-23 months)",SH.IMM.MEAS,Burkina Faso,BFA,88
"Immunization, measles (% of children ages 12-23 months)",SH.IMM.MEAS,Burundi,BDI,93
"Immunization, measles (% of children ages 12-23 months)",SH.IMM.MEAS,Cabo Verde,CPV,93
"Immunization, measles (% of children ages 12-23 months)",SH.IMM.MEAS,Cambodia,KHM,85
"Immunization, measles (% of children ages 12-23 months)",SH.IMM.MEAS,Cameroon,CMR,72
"Immunization, measles (% of children ages 12-23 months)",SH.IMM.MEAS,Canada,CAN,89
"Immunization, measles (% of children ages 12-23 months)",SH.IMM.MEAS,Cayman Islands,CYM,..
"Immunization, measles (% of children ages 12-23 months)",SH.IMM.MEAS,Central African Republic,CAF,45
"Immunization, measles (% of children ages 12-23 months)",SH.IMM.MEAS,Chad,TCD,37
"Immunization, measles (% of children ages 12-23 months)",SH.IMM.MEAS,Channel Islands,CHI,..
"Immunization, measles (% of children ages 12-23 months)",SH.IMM.MEAS,Chile,CHL,93
"Immunization, measles (% of children ages 12-23 months)",SH.IMM.MEAS,China,CHN,99
"Immunization, measles (% of children ages 12-23 months)",SH.IMM.MEAS,Colombia,COL,93
"Immunization, measles (% of children ages 12-23 months)",SH.IMM.MEAS,Comoros,COM,77
"Immunization, measles (% of children ages 12-23 months)",SH.IMM.MEAS,"Congo, Dem. Rep.",COD,63
"Immunization, measles (% of children ages 12-23 months)",SH.IMM.MEAS,"Congo, Rep.",COG,67
"Immunization, measles (% of children ages 12-23 months)",SH.IMM.MEAS,Costa Rica,CRI,93
"Immunization, measles (% of children ages 12-23 months)",SH.IMM.MEAS,Cote d'Ivoire,CIV,73
"Immunization, measles (% of children ages 12-23 months)",SH.IMM.MEAS,Croatia,HRV,90
"Immunization, measles (% of children ages 12-23 months)",SH.IMM.MEAS,Cuba,CUB,99
"Immunization, measles (% of children ages 12-23 months)",SH.IMM.MEAS,Curacao,CUW,..
"Immunization, measles (% of children ages 12-23 months)",SH.IMM.MEAS,Cyprus,CYP,90
"Immunization, measles (% of children ages 12-23 months)",SH.IMM.MEAS,Czechia,CZE,98
"Immunization, measles (% of children ages 12-23 months)",SH.IMM.MEAS,Denmark,DNK,94
"Immunization, measles (% of children ages 12-23 months)",SH.IMM.MEAS,Djibouti,DJI,75
"Immunization, measles (% of children ages 12-23 months)",SH.IMM.MEAS,Dominica,DMA,96
"Immunization, measles (% of children ages 12-23 months)",SH.IMM.MEAS,Dominican Republic,DOM,79
"Immunization, measles (% of children ages 12-23 months)",SH.IMM.MEAS,Ecuador,ECU,86
"Immunization, measles (% of children ages 12-23 months)",SH.IMM.MEAS,"Egypt, Arab Rep.",EGY,95
"Immunization, measles (% of children ages 12-23 months)",SH.IMM.MEAS,El Salvador,SLV,98
"Immunization, measles (% of children ages 12-23 months)",SH.IMM.MEAS,Equatorial Guinea,GNQ,53
"Immunization, measles (% of children ages 12-23 months)",SH.IMM.MEAS,Eritrea,ERI,95
"Immunization, measles (% of children ages 12-23 months)",SH.IMM.MEAS,Estonia,EST,93
"Immunization, measles (% of children ages 12-23 months)",SH.IMM.MEAS,Ethiopia,ETH,57
"Immunization, measles (% of children ages 12-23 months)",SH.IMM.MEAS,Faroe Islands,FRO,..
"Immunization, measles (% of children ages 12-23 months)",SH.IMM.MEAS,Fiji,FJI,97
"Immunization, measles (% of children ages 12-23 months)",SH.IMM.MEAS,Finland,FIN,95
"Immunization, measles (% of children ages 12-23 months)",SH.IMM.MEAS,France,FRA,90
"Immunization, measles (% of children ages 12-23 months)",SH.IMM.MEAS,French Polynesia,PYF,..
"Immunization, measles (% of children ages 12-23 months)",SH.IMM.MEAS,Gabon,GAB,64
"Immunization, measles (% of children ages 12-23 months)",SH.IMM.MEAS,"Gambia, The",GMB,97
"Immunization, measles (% of children ages 12-23 months)",SH.IMM.MEAS,Georgia,GEO,93
"Immunization, measles (% of children ages 12-23 months)",SH.IMM.MEAS,Germany,DEU,97
"Immunization, measles (% of children ages 12-23 months)",SH.IMM.MEAS,Ghana,GHA,89
"Immunization, measles (% of children ages 12-23 months)",SH.IMM.MEAS,Gibraltar,GIB,..
"Immunization, measles (% of children ages 12-23 months)",SH.IMM.MEAS,Greece,GRC,97
"Immunization, measles (% of children ages 12-23 months)",SH.IMM.MEAS,Greenland,GRL,..
"Immunization, measles (% of children ages 12-23 months)",SH.IMM.MEAS,Grenada,GRD,95
"Immunization, measles (% of children ages 12-23 months)",SH.IMM.MEAS,Guam,GUM,..
"Immunization, measles (% of children ages 12-23 months)",SH.IMM.MEAS,Guatemala,GTM,89
"Immunization, measles (% of children ages 12-23 months)",SH.IMM.MEAS,Guinea,GIN,48
"Immunization, measles (% of children ages 12-23 months)",SH.IMM.MEAS,Guinea-Bissau,GNB,80
"Immunization, measles (% of children ages 12-23 months)",SH.IMM.MEAS,Guyana,GUY,99
"Immunization, measles (% of children ages 12-23 months)",SH.IMM.MEAS,Haiti,HTI,67
"Immunization, measles (% of children ages 12-23 months)",SH.IMM.MEAS,Honduras,HND,98
"Immunization, measles (% of children ages 12-23 months)",SH.IMM.MEAS,"Hong Kong SAR, China",HKG,..
"Immunization, measles (% of children ages 12-23 months)",SH.IMM.MEAS,Hungary,HUN,99
"Immunization, measles (% of children ages 12-23 months)",SH.IMM.MEAS,Iceland,ISL,91
"Immunization, measles (% of children ages 12-23 months)",SH.IMM.MEAS,India,IND,88
"Immunization, measles (% of children ages 12-23 months)",SH.IMM.MEAS,Indonesia,IDN,88
"Immunization, measles (% of children ages 12-23 months)",SH.IMM.MEAS,"Iran, Islamic Rep.",IRN,99
"Immunization, measles (% of children ages 12-23 months)",SH.IMM.MEAS,Iraq,IRQ,79
"Immunization, measles (% of children ages 12-23 months)",SH.IMM.MEAS,Ireland,IRL,92
"Immunization, measles (% of children ages 12-23 months)",SH.IMM.MEAS,Isle of Man,IMN,..
"Immunization, measles (% of children ages 12-23 months)",SH.IMM.MEAS,Israel,ISR,97
"Immunization, measles (% of children ages 12-23 months)",SH.IMM.MEAS,Italy,ITA,87
"Immunization, measles (% of children ages 12-23 months)",SH.IMM.MEAS,Jamaica,JAM,95
"Immunization, measles (% of children ages 12-23 months)",SH.IMM.MEAS,Japan,JPN,96
"Immunization, measles (% of children ages 12-23 months)",SH.IMM.MEAS,Jordan,JOR,96
"Immunization, measles (% of children ages 12-23 months)",SH.IMM.MEAS,Kazakhstan,KAZ,99
"Immunization, measles (% of children ages 12-23 months)",SH.IMM.MEAS,Kenya,KEN,93
"Immunization, measles (% of children ages 12-23 months)",SH.IMM.MEAS,Kiribati,KIR,80
"Immunization, measles (% of children ages 12-23 months)",SH.IMM.MEAS,"Korea, Dem. People's Rep.",PRK,99
"Immunization, measles (% of children ages 12-23 months)",SH.IMM.MEAS,"Korea, Rep.",KOR,98
"Immunization, measles (% of children ages 12-23 months)",SH.IMM.MEAS,Kosovo,XKX,..
"Immunization, measles (% of children ages 12-23 months)",SH.IMM.MEAS,Kuwait,KWT,99
"Immunization, measles (% of children ages 12-23 months)",SH.IMM.MEAS,Kyrgyz Republic,KGZ,97
"Immunization, measles (% of children ages 12-23 months)",SH.IMM.MEAS,Lao PDR,LAO,76
"Immunization, measles (% of children ages 12-23 months)",SH.IMM.MEAS,Latvia,LVA,93
"Immunization, measles (% of children ages 12-23 months)",SH.IMM.MEAS,Lebanon,LBN,82
"Immunization, measles (% of children ages 12-23 months)",SH.IMM.MEAS,Lesotho,LSO,90
"Immunization, measles (% of children ages 12-23 months)",SH.IMM.MEAS,Liberia,LBR,70
"Immunization, measles (% of children ages 12-23 months)",SH.IMM.MEAS,Libya,LBY,97
"Immunization, measles (% of children ages 12-23 months)",SH.IMM.MEAS,Liechtenstein,LIE,..
"Immunization, measles (% of children ages 12-23 months)",SH.IMM.MEAS,Lithuania,LTU,94
"Immunization, measles (% of children ages 12-23 months)",SH.IMM.MEAS,Luxembourg,LUX,99
"Immunization, measles (% of children ages 12-23 months)",SH.IMM.MEAS,"Macao SAR, China",MAC,..
"Immunization, measles (% of children ages 12-23 months)",SH.IMM.MEAS,North Macedonia,MKD,82
"Immunization, measles (% of children ages 12-23 months)",SH.IMM.MEAS,Madagascar,MDG,62
"Immunization, measles (% of children ages 12-23 months)",SH.IMM.MEAS,Malawi,MWI,81
"Immunization, measles (% of children ages 12-23 months)",SH.IMM.MEAS,Malaysia,MYS,96
"Immunization, measles (% of children ages 12-23 months)",SH.IMM.MEAS,Maldives,MDV,99
"Immunization, measles (% of children ages 12-23 months)",SH.IMM.MEAS,Mali,MLI,70
"Immunization, measles (% of children ages 12-23 months)",SH.IMM.MEAS,Malta,MLT,93
"Immunization, measles (% of children ages 12-23 months)",SH.IMM.MEAS,Marshall Islands,MHL,75
"Immunization, measles (% of children ages 12-23 months)",SH.IMM.MEAS,Mauritania,MRT,73
"Immunization, measles (% of children ages 12-23 months)",SH.IMM.MEAS,Mauritius,MUS,92
"Immunization, measles (% of children ages 12-23 months)",SH.IMM.MEAS,Mexico,MEX,97
"Immunization, measles (% of children ages 12-23 months)",SH.IMM.MEAS,"Micronesia, Fed. Sts.",FSM,70
"Immunization, measles (% of children ages 12-23 months)",SH.IMM.MEAS,Moldova,MDA,88
"Immunization, measles (% of children ages 12-23 months)",SH.IMM.MEAS,Monaco,MCO,89
"Immunization, measles (% of children ages 12-23 months)",SH.IMM.MEAS,Mongolia,MNG,99
"Immunization, measles (% of children ages 12-23 months)",SH.IMM.MEAS,Montenegro,MNE,47
"Immunization, measles (% of children ages 12-23 months)",SH.IMM.MEAS,Morocco,MAR,99
"Immunization, measles (% of children ages 12-23 months)",SH.IMM.MEAS,Mozambique,MOZ,83
"Immunization, measles (% of children ages 12-23 months)",SH.IMM.MEAS,Myanmar,MMR,91
"Immunization, measles (% of children ages 12-23 months)",SH.IMM.MEAS,Namibia,NAM,75
"Immunization, measles (% of children ages 12-23 months)",SH.IMM.MEAS,Nauru,NRU,98
"Immunization, measles (% of children ages 12-23 months)",SH.IMM.MEAS,Nepal,NPL,83
"Immunization, measles (% of children ages 12-23 months)",SH.IMM.MEAS,Netherlands,NLD,94
"Immunization, measles (% of children ages 12-23 months)",SH.IMM.MEAS,New Caledonia,NCL,..
"Immunization, measles (% of children ages 12-23 months)",SH.IMM.MEAS,New Zealand,NZL,92
"Immunization, measles (% of children ages 12-23 months)",SH.IMM.MEAS,Nicaragua,NIC,99
"Immunization, measles (% of children ages 12-23 months)",SH.IMM.MEAS,Niger,NER,76
"Immunization, measles (% of children ages 12-23 months)",SH.IMM.MEAS,Nigeria,NGA,48
"Immunization, measles (% of children ages 12-23 months)",SH.IMM.MEAS,Northern Mariana Islands,MNP,..
"Immunization, measles (% of children ages 12-23 months)",SH.IMM.MEAS,Norway,NOR,96
"Immunization, measles (% of children ages 12-23 months)",SH.IMM.MEAS,Oman,OMN,99
"Immunization, measles (% of children ages 12-23 months)",SH.IMM.MEAS,Pakistan,PAK,75
"Immunization, measles (% of children ages 12-23 months)",SH.IMM.MEAS,Palau,PLW,96
"Immunization, measles (% of children ages 12-23 months)",SH.IMM.MEAS,Panama,PAN,95
"Immunization, measles (% of children ages 12-23 months)",SH.IMM.MEAS,Papua New Guinea,PNG,46
"Immunization, measles (% of children ages 12-23 months)",SH.IMM.MEAS,Paraguay,PRY,85
"Immunization, measles (% of children ages 12-23 months)",SH.IMM.MEAS,Peru,PER,89
"Immunization, measles (% of children ages 12-23 months)",SH.IMM.MEAS,Philippines,PHL,80
"Immunization, measles (% of children ages 12-23 months)",SH.IMM.MEAS,Poland,POL,96
"Immunization, measles (% of children ages 12-23 months)",SH.IMM.MEAS,Portugal,PRT,98
"Immunization, measles (% of children ages 12-23 months)",SH.IMM.MEAS,Puerto Rico (US),PRI,..
"Immunization, measles (% of children ages 12-23 months)",SH.IMM.MEAS,Qatar,QAT,99
"Immunization, measles (% of children ages 12-23 months)",SH.IMM.MEAS,Romania,ROU,86
"Immunization, measles (% of children ages 12-23 months)",SH.IMM.MEAS,Russian Federation,RUS,98
"Immunization, measles (% of children ages 12-23 months)",SH.IMM.MEAS,Rwanda,RWA,95
"Immunization, measles (% of children ages 12-23 months)",SH.IMM.MEAS,Samoa,WSM,75
"Immunization, measles (% of children ages 12-23 months)",SH.IMM.MEAS,San Marino,SMR,82
"Immunization, measles (% of children ages 12-23 months)",SH.IMM.MEAS,Sao Tome and Principe,STP,93
"Immunization, measles (% of children ages 12-23 months)",SH.IMM.MEAS,Saudi Arabia,SAU,98
"Immunization, measles (% of children ages 12-23 months)",SH.IMM.MEAS,Senegal,SEN,93
"Immunization, measles (% of children ages 12-23 months)",SH.IMM.MEAS,Serbia,SRB,82
"Immunization, measles (% of children ages 12-23 months)",SH.IMM.MEAS,Seychelles,SYC,97
"Immunization, measles (% of children ages 12-23 months)",SH.IMM.MEAS,Sierra Leone,SLE,85
"Immunization, measles (% of children ages 12-23 months)",SH.IMM.MEAS,Singapore,SGP,95
"Immunization, measles (% of children ages 12-23 months)",SH.IMM.MEAS,Sint Maarten (Dutch part),SXM,..
"Immunization, measles (% of children ages 12-23 months)",SH.IMM.MEAS,Slovak Republic,SVK,95
"Immunization, measles (% of children ages 12-23 months)",SH.IMM.MEAS,Slovenia,SVN,92
"Immunization, measles (% of children ages 12-23 months)",SH.IMM.MEAS,Solomon Islands,SLB,82
"Immunization, measles (% of children ages 12-23 months)",SH.IMM.MEAS,"Somalia, Fed. Rep.",SOM,51
"Immunization, measles (% of children ages 12-23 months)",SH.IMM.MEAS,South Africa,ZAF,84
"Immunization, measles (% of children ages 12-23 months)",SH.IMM.MEAS,South Sudan,SSD,51
"Immunization, measles (% of children ages 12-23 months)",SH.IMM.MEAS,Spain,ESP,97
"Immunization, measles (% of children ages 12-23 months)",SH.IMM.MEAS,Sri Lanka,LKA,99
"Immunization, measles (% of children ages 12-23 months)",SH.IMM.MEAS,St. Kitts and Nevis,KNA,98
"Immunization, measles (% of children ages 12-23 months)",SH.IMM.MEAS,St. Lucia,LCA,99
"Immunization, measles (% of children ages 12-23 months)",SH.IMM.MEAS,St. Martin (French part),MAF,..
"Immunization, measles (% of children ages 12-23 months)",SH.IMM.MEAS,St. Vincent and the Grenadines,VCT,99
"Immunization, measles (% of children ages 12-23 months)",SH.IMM.MEAS,Sudan,SDN,87
"Immunization, measles (% of children ages 12-23 months)",SH.IMM.MEAS,Suriname,SUR,76
"Immunization, measles (% of children ages 12-23 months)",SH.IMM.MEAS,Eswatini,SWZ,89
"Immunization, measles (% of children ages 12-23 months)",SH.IMM.MEAS,Sweden,SWE,97
"Immunization, measles (% of children ages 12-23 months)",SH.IMM.MEAS,Switzerland,CHE,94
"Immunization, measles (% of children ages 12-23 months)",SH.IMM.MEAS,Syrian Arab Republic,SYR,73
"Immunization, measles (% of children ages 12-23 months)",SH.IMM.MEAS,Tajikistan,TJK,97
"Immunization, measles (% of children ages 12-23 months)",SH.IMM.MEAS,Tanzania,TZA,83
"Immunization, measles (% of children ages 12-23 months)",SH.IMM.MEAS,Thailand,THA,99
"Immunization, measles (% of children ages 12-23 months)",SH.IMM.MEAS,Timor-Leste,TLS,73
"Immunization, measles (% of children ages 12-23 months)",SH.IMM.MEAS,Togo,TGO,73
"Immunization, measles (% of children ages 12-23 months)",SH.IMM.MEAS,Tonga,TON,98
"Immunization, measles (% of children ages 12-23 months)",SH.IMM.MEAS,Trinidad and Tobago,TTO,86
"Immunization, measles (% of children ages 12-23 months)",SH.IMM.MEAS,Tunisia,TUN,96
"Immunization, measles (% of children ages 12-23 months)",SH.IMM.MEAS,Turkiye,TUR,98
"Immunization, measles (% of children ages 12-23 months)",SH.IMM.MEAS,Turkmenistan,TKM,99
"Immunization, measles (% of children ages 12-23 months)",SH.IMM.MEAS,Turks and Caicos Islands,TCA,..
"Immunization, measles (% of children ages 12-23 months)",SH.IMM.MEAS,Tuvalu,TUV,96
"Immunization, measles (% of children ages 12-23 months)",SH.IMM.MEAS,Uganda,UGA,79
"Immunization, measles (% of children ages 12-23 months)",SH.IMM.MEAS,Ukraine,UKR,42
"Immunization, measles (% of children ages 12-23 months)",SH.IMM.MEAS,United Arab Emirates,ARE,99
"Immunization, measles (% of children ages 12-23 months)",SH.IMM.MEAS,United Kingdom,GBR,92
"Immunization, measles (% of children ages 12-23 months)",SH.IMM.MEAS,United States,USA,92
"Immunization, measles (% of children ages 12-23 months)",SH.IMM.MEAS,Uruguay,URY,95
"Immunization, measles (% of children ages 12-23 months)",SH.IMM.MEAS,Uzbekistan,UZB,99
"Immunization, measles (% of children ages 12-23 months)",SH.IMM.MEAS,Vanuatu,VUT,84
"Immunization, measles (% of children ages 12-23 months)",SH.IMM.MEAS,"Venezuela, RB",VEN,88
"Immunization, measles (% of children ages 12-23 months)",SH.IMM.MEAS,Viet Nam,VNM,99
"Immunization, measles (% of children ages 12-23 months)",SH.IMM.MEAS,Virgin Islands (U.S.),VIR,..
"Immunization, measles (% of children ages 12-23 months)",SH.IMM.MEAS,West Bank and Gaza,PSE,99
"Immunization, measles (% of children ages 12-23 months)",SH.IMM.MEAS,"Yemen, Rep.",YEM,62
"Immunization, measles (% of children ages 12-23 months)",SH.IMM.MEAS,Zambia,ZMB,97
"Immunization, measles (% of children ages 12-23 months)",SH.IMM.MEAS,Zimbabwe,ZWE,95
"Primary completion rate, total (% of relevant age group)",SE.PRM.CMPT.ZS,Afghanistan,AFG,83.4359664916992
"Primary completion rate, total (% of relevant age group)",SE.PRM.CMPT.ZS,Albania,ALB,99.5973586728942
"Primary completion rate, total (% of relevant age group)",SE.PRM.CMPT.ZS,Algeria,DZA,100.006384928006
"Primary completion rate, total (% of relevant age group)",SE.PRM.CMPT.ZS,American Samoa,ASM,..
"Primary completion rate, total (% of relevant age group)",SE.PRM.CMPT.ZS,Andorra,AND,69.220607661823
"Primary completion rate, total (% of relevant age group)",SE.PRM.CMPT.ZS,Angola,AGO,..
"Primary completion rate, total (% of relevant age group)",SE.PRM.CMPT.ZS,Antigua and Barbuda,ATG,103.177124702145
"Primary completion rate, total (% of relevant age group)",SE.PRM.CMPT.ZS,Argentina,ARG,106.53556124907
"Primary completion rate, total (% of relevant age group)",SE.PRM.CMPT.ZS,Armenia,ARM,89.3423023359697
"Primary completion rate, total (% of relevant age group)",SE.PRM.CMPT.ZS,Aruba,ABW,..
"Primary completion rate, total (% of relevant age group)",SE.PRM.CMPT.ZS,Australia,AUS,..
"Primary completion rate, total (% of relevant age group)",SE.PRM.CMPT.ZS,Austria,AUT,97.1509704589844
"Primary completion rate, total (% of relevant age group)",SE.PRM.CMPT.ZS,Azerbaijan,AZE,111.301912974527
"Primary completion rate, total (% of relevant age group)",SE.PRM.CMPT.ZS,"Bahamas, The",BHS,88.5392454854282
"Primary completion rate, total (% of relevant age group)",SE.PRM.CMPT.ZS,Bahrain,BHR,99.6276565274675
"Primary completion rate, total (% of relevant age group)",SE.PRM.CMPT.ZS,Bangladesh,BGD,..
"Primary completion rate, total (% of relevant age group)",SE.PRM.CMPT.ZS,Barbados,BRB,..
"Primary completion rate, total (% of relevant age group)",SE.PRM.CMPT.ZS,Belarus,BLR,98.8307816362691
"Primary completion rate, total (% of relevant age group)",SE.PRM.CMPT.ZS,Belgium,BEL,..
"Primary completion rate, total (% of relevant age group)",SE.PRM.CMPT.ZS,Belize,BLZ,105.909737488685
"Primary completion rate, total (% of relevant age group)",SE.PRM.CMPT.ZS,Benin,BEN,74.7715225219727
"Primary completion rate, total (% of relevant age group)",SE.PRM.CMPT.ZS,Bermuda,BMU,..
"Primary completion rate, total (% of relevant age group)",SE.PRM.CMPT.ZS,Bhutan,BTN,96.6952362060547
"Primary completion rate, total (% of relevant age group)",SE.PRM.CMPT.ZS,Bolivia,BOL,90.0554272119164
"Primary completion rate, total (% of relevant age group)",SE.PRM.CMPT.ZS,Bosnia and Herzegovina,BIH,90.97119140625
"Primary completion rate, total (% of relevant age group)",SE.PRM.CMPT.ZS,Botswana,BWA,..
"Primary completion rate, total (% of relevant age group)",SE.PRM.CMPT.ZS,Brazil,BRA,..
"Primary completion rate, total (% of relevant age group)",SE.PRM.CMPT.ZS,British Virgin Islands,VGB,84.5824411134904
"Primary completion rate, total (% of relevant age group)",SE.PRM.CMPT.ZS,Brunei Darussalam,BRN,102.815448113208
"Primary completion rate, total (% of relevant age group)",SE.PRM.CMPT.ZS,Bulgaria,BGR,98.1427536010742
"Primary completion rate, total (% of relevant age group)",SE.PRM.CMPT.ZS,Burkina Faso,BFA,60.1264533975278
"Primary completion rate, total (% of relevant age group)",SE.PRM.CMPT.ZS,Burundi,BDI,61.990361853496
"Primary completion rate, total (% of relevant age group)",SE.PRM.CMPT.ZS,Cabo Verde,CPV,95.7498237486152
"Primary completion rate, total (% of relevant age group)",SE.PRM.CMPT.ZS,Cambodia,KHM,85.2297273060017
"Primary completion rate, total (% of relevant age group)",SE.PRM.CMPT.ZS,Cameroon,CMR,74.3193827099685
"Primary completion rate, total (% of relevant age group)",SE.PRM.CMPT.ZS,Canada,CAN,..
"Primary completion rate, total (% of relevant age group)",SE.PRM.CMPT.ZS,Cayman Islands,CYM,..
"Primary completion rate, total (% of relevant age group)",SE.PRM.CMPT.ZS,Central African Republic,CAF,38.4804611206055
"Primary completion rate, total (% of relevant age group)",SE.PRM.CMPT.ZS,Chad,TCD,40.3789128090146
"Primary completion rate, total (% of relevant age group)",SE.PRM.CMPT.ZS,Channel Islands,CHI,..
"Primary completion rate, total (% of relevant age group)",SE.PRM.CMPT.ZS,Chile,CHL,98.3978424072266
"Primary completion rate, total (% of relevant age group)",SE.PRM.CMPT.ZS,China,CHN,..
"Primary completion rate, total (% of relevant age group)",SE.PRM.CMPT.ZS,Colombia,COL,103.139930725098
"Primary completion rate, total (% of relevant age group)",SE.PRM.CMPT.ZS,Comoros,COM,..
"Primary completion rate, total (% of relevant age group)",SE.PRM.CMPT.ZS,"Congo, Dem. Rep.",COD,..
"Primary completion rate, total (% of relevant age group)",SE.PRM.CMPT.ZS,"Congo, Rep.",COG,..
"Primary completion rate, total (% of relevant age group)",SE.PRM.CMPT.ZS,Costa Rica,CRI,92.3986434936523
"Primary completion rate, total (% of relevant age group)",SE.PRM.CMPT.ZS,Cote d'Ivoire,CIV,63.9062691491088
"Primary completion rate, total (% of relevant age group)",SE.PRM.CMPT.ZS,Croatia,HRV,97.5143585205078
"Primary completion rate, total (% of relevant age group)",SE.PRM.CMPT.ZS,Cuba,CUB,95.2207449589396
"Primary completion rate, total (% of relevant age group)",SE.PRM.CMPT.ZS,Curacao,CUW,..
"Primary completion rate, total (% of relevant age group)",SE.PRM.CMPT.ZS,Cyprus,CYP,98.4673919677734
"Primary completion rate, total (% of relevant age group)",SE.PRM.CMPT.ZS,Czechia,CZE,97.6774368286133
"Primary completion rate, total (% of relevant age group)",SE.PRM.CMPT.ZS,Denmark,DNK,101.488136291504
"Primary completion rate, total (% of relevant age group)",SE.PRM.CMPT.ZS,Djibouti,DJI,..
"Primary completion rate, total (% of relevant age group)",SE.PRM.CMPT.ZS,Dominica,DMA,101.581395348837
"Primary completion rate, total (% of relevant age group)",SE.PRM.CMPT.ZS,Dominican Republic,DOM,99.4305035574374
"Primary completion rate, total (% of relevant age group)",SE.PRM.CMPT.ZS,Ecuador,ECU,96.7253615891476
"Primary completion rate, total (% of relevant age group)",SE.PRM.CMPT.ZS,"Egypt, Arab Rep.",EGY,84.3103280366888
"Primary completion rate, total (% of relevant age group)",SE.PRM.CMPT.ZS,El Salvador,SLV,92.5461205681988
"Primary completion rate, total (% of relevant age group)",SE.PRM.CMPT.ZS,Equatorial Guinea,GNQ,..
"Primary completion rate, total (% of relevant age group)",SE.PRM.CMPT.ZS,Eritrea,ERI,..
"Primary completion rate, total (% of relevant age group)",SE.PRM.CMPT.ZS,Estonia,EST,97.9379806518555
"Primary completion rate, total (% of relevant age group)",SE.PRM.CMPT.ZS,Ethiopia,ETH,..
"Primary completion rate, total (% of relevant age group)",SE.PRM.CMPT.ZS,Faroe Islands,FRO,..
"Primary completion rate, total (% of relevant age group)",SE.PRM.CMPT.ZS,Fiji,FJI,99.095547309833
"Primary completion rate, total (% of relevant age group)",SE.PRM.CMPT.ZS,Finland,FIN,99.4276275634766
"Primary completion rate, total (% of relevant age group)",SE.PRM.CMPT.ZS,France,FRA,..
"Primary completion rate, total (% of relevant age group)",SE.PRM.CMPT.ZS,French Polynesia,PYF,..
"Primary completion rate, total (% of relevant age group)",SE.PRM.CMPT.ZS,Gabon,GAB,..
"Primary completion rate, total (% of relevant age group)",SE.PRM.CMPT.ZS,"Gambia, The",GMB,64.4080700418729
"Primary completion rate, total (% of relevant age group)",SE.PRM.CMPT.ZS,Georgia,GEO,121.236136893712
"Primary completion rate, total (% of relevant age group)",SE.PRM.CMPT.ZS,Germany,DEU,99.6975326538086
"Primary completion rate, total (% of relevant age group)",SE.PRM.CMPT.ZS,Ghana,GHA,..
"Primary completion rate, total (% of relevant age group)",SE.PRM.CMPT.ZS,Gibraltar,GIB,103.488372093023
"Primary completion rate, total (% of relevant age group)",SE.PRM.CMPT.ZS,Greece,GRC,99.0063781738281
"Primary completion rate, total (% of relevant age group)",SE.PRM.CMPT.ZS,Greenland,GRL,..
"Primary completion rate, total (% of relevant age group)",SE.PRM.CMPT.ZS,Grenada,GRD,100.893388921977
"Primary completion rate, total (% of relevant age group)",SE.PRM.CMPT.ZS,Guam,GUM,..
"Primary completion rate, total (% of relevant age group)",SE.PRM.CMPT.ZS,Guatemala,GTM,81.5293180244785
"Primary completion rate, total (% of relevant age group)",SE.PRM.CMPT.ZS,Guinea,GIN,61.9326400756836
"Primary completion rate, total (% of relevant age group)",SE.PRM.CMPT.ZS,Guinea-Bissau,GNB,..
"Primary completion rate, total (% of relevant age group)",SE.PRM.CMPT.ZS,Guyana,GUY,..
"Primary completion rate, total (% of relevant age group)",SE.PRM.CMPT.ZS,Haiti,HTI,..
"Primary completion rate, total (% of relevant age group)",SE.PRM.CMPT.ZS,Honduras,HND,78.3644297742594
"Primary completion rate, total (% of relevant age group)",SE.PRM.CMPT.ZS,"Hong Kong SAR, China",HKG,95.7547169811321
"Primary completion rate, total (% of relevant age group)",SE.PRM.CMPT.ZS,Hungary,HUN,96.8014221191406
"Primary completion rate, total (% of relevant age group)",SE.PRM.CMPT.ZS,Iceland,ISL,99.5270690917969
"Primary completion rate, total (% of relevant age group)",SE.PRM.CMPT.ZS,India,IND,100.438433478885
"Primary completion rate, total (% of relevant age group)",SE.PRM.CMPT.ZS,Indonesia,IDN,107.213433946707
"Primary completion rate, total (% of relevant age group)",SE.PRM.CMPT.ZS,"Iran, Islamic Rep.",IRN,96.4689636230469
"Primary completion rate, total (% of relevant age group)",SE.PRM.CMPT.ZS,Iraq,IRQ,..
"Primary completion rate, total (% of relevant age group)",SE.PRM.CMPT.ZS,Ireland,IRL,99.6918792724609
"Primary completion rate, total (% of relevant age group)",SE.PRM.CMPT.ZS,Isle of Man,IMN,..
"Primary completion rate, total (% of relevant age group)",SE.PRM.CMPT.ZS,Israel,ISR,94.9085388183594
"Primary completion rate, total (% of relevant age group)",SE.PRM.CMPT.ZS,Italy,ITA,98.4906234741211
"Primary completion rate, total (% of relevant age group)",SE.PRM.CMPT.ZS,Jamaica,JAM,86.4889763614665
"Primary completion rate, total (% of relevant age group)",SE.PRM.CMPT.ZS,Japan,JPN,..
"Primary completion rate, total (% of relevant age group)",SE.PRM.CMPT.ZS,Jordan,JOR,94.2946998427527
"Primary completion rate, total (% of relevant age group)",SE.PRM.CMPT.ZS,Kazakhstan,KAZ,93.3271352178242
"Primary completion rate, total (% of relevant age group)",SE.PRM.CMPT.ZS,Kenya,KEN,102.200240064297
"Primary completion rate, total (% of relevant age group)",SE.PRM.CMPT.ZS,Kiribati,KIR,102.157639806253
"Primary completion rate, total (% of relevant age group)",SE.PRM.CMPT.ZS,"Korea, Dem. People's Rep.",PRK,..
"Primary completion rate, total (% of relevant age group)",SE.PRM.CMPT.ZS,"Korea, Rep.",KOR,103.802207946777
"Primary completion rate, total (% of relevant age group)",SE.PRM.CMPT.ZS,Kosovo,XKX,..
"Primary completion rate, total (% of relevant age group)",SE.PRM.CMPT.ZS,Kuwait,KWT,95.3060408054407
"Primary completion rate, total (% of relevant age group)",SE.PRM.CMPT.ZS,Kyrgyz Republic,KGZ,96.369340296817
"Primary completion rate, total (% of relevant age group)",SE.PRM.CMPT.ZS,Lao PDR,LAO,99.7526047861459
"Primary completion rate, total (% of relevant age group)",SE.PRM.CMPT.ZS,Latvia,LVA,98.0600967407227
"Primary completion rate, total (% of relevant age group)",SE.PRM.CMPT.ZS,Lebanon,LBN,66.1112151282531
"Primary completion rate, total (% of relevant age group)",SE.PRM.CMPT.ZS,Lesotho,LSO,78.5925743184902
"Primary completion rate, total (% of relevant age group)",SE.PRM.CMPT.ZS,Liberia,LBR,60.858697742073
"Primary completion rate, total (% of relevant age group)",SE.PRM.CMPT.ZS,Libya,LBY,..
"Primary completion rate, total (% of relevant age group)",SE.PRM.CMPT.ZS,Liechtenstein,LIE,100.251892089844
"Primary completion rate, total (% of relevant age group)",SE.PRM.CMPT.ZS,Lithuania,LTU,100.636123657227
"Primary completion rate, total (% of relevant age group)",SE.PRM.CMPT.ZS,Luxembourg,LUX,79.0113525390625
"Primary completion rate, total (% of relevant age group)",SE.PRM.CMPT.ZS,"Macao SAR, China",MAC,93.3076923076923
"Primary completion rate, total (% of relevant age group)",SE.PRM.CMPT.ZS,North Macedonia,MKD,..
"Primary completion rate, total (% of relevant age group)",SE.PRM.CMPT.ZS,Madagascar,MDG,64.1734807077696
"Primary completion rate, total (% of relevant age group)",SE.PRM.CMPT.ZS,Malawi,MWI,..
"Primary completion rate, total (% of relevant age group)",SE.PRM.CMPT.ZS,Malaysia,MYS,90.0391703159198
"Primary completion rate, total (% of relevant age group)",SE.PRM.CMPT.ZS,Maldives,MDV,97.2841726618705
"Primary completion rate, total (% of relevant age group)",SE.PRM.CMPT.ZS,Mali,MLI,47.4221715789923
"Primary completion rate, total (% of relevant age group)",SE.PRM.CMPT.ZS,Malta,MLT,98.2576675415039
"Primary completion rate, total (% of relevant age group)",SE.PRM.CMPT.ZS,Marshall Islands,MHL,90.8421876492553
"Primary completion rate, total (% of relevant age group)",SE.PRM.CMPT.ZS,Mauritania,MRT,..
"Primary completion rate, total (% of relevant age group)",SE.PRM.CMPT.ZS,Mauritius,MUS,94.6057868129504
"Primary completion rate, total (% of relevant age group)",SE.PRM.CMPT.ZS,Mexico,MEX,104.702178955078
"Primary completion rate, total (% of relevant age group)",SE.PRM.CMPT.ZS,"Micronesia, Fed. Sts.",FSM,87.3009414672852
"Primary completion rate, total (% of relevant age group)",SE.PRM.CMPT.ZS,Moldova,MDA,106.576819407008
"Primary completion rate, total (% of relevant age group)",SE.PRM.CMPT.ZS,Monaco,MCO,152.941177368164
"Primary completion rate, total (% of relevant age group)",SE.PRM.CMPT.ZS,Mongolia,MNG,93.2040048976709
"Primary completion rate, total (% of relevant age group)",SE.PRM.CMPT.ZS,Montenegro,MNE,97.4612274169922
"Primary completion rate, total (% of relevant age group)",SE.PRM.CMPT.ZS,Morocco,MAR,93.8368562372231
"Primary completion rate, total (% of relevant age group)",SE.PRM.CMPT.ZS,Mozambique,MOZ,..
"Primary completion rate, total (% of relevant age group)",SE.PRM.CMPT.ZS,Myanmar,MMR,..
"Primary completion rate, total (% of relevant age group)",SE.PRM.CMPT.ZS,Namibia,NAM,96.1616034552143
"Primary completion rate, total (% of relevant age group)",SE.PRM.CMPT.ZS,Nauru,NRU,121.459228515625
"Primary completion rate, total (% of relevant age group)",SE.PRM.CMPT.ZS,Nepal,NPL,118.090019226074
"Primary completion rate, total (% of relevant age group)",SE.PRM.CMPT.ZS,Netherlands,NLD,..
"Primary completion rate, total (% of relevant age group)",SE.PRM.CMPT.ZS,New Caledonia,NCL,..
"Primary completion rate, total (% of relevant age group)",SE.PRM.CMPT.ZS,New Zealand,NZL,..
"Primary completion rate, total (% of relevant age group)",SE.PRM.CMPT.ZS,Nicaragua,NIC,..
"Primary completion rate, total (% of relevant age group)",SE.PRM.CMPT.ZS,Niger,NER,70.581597141664
"Primary completion rate, total (% of relevant age group)",SE.PRM.CMPT.ZS,Nigeria,NGA,..
"Primary completion rate, total (% of relevant age group)",SE.PRM.CMPT.ZS,Northern Mariana Islands,MNP,..
"Primary completion rate, total (% of relevant age group)",SE.PRM.CMPT.ZS,Norway,NOR,99.2072830200195
"Primary completion rate, total (% of relevant age group)",SE.PRM.CMPT.ZS,Oman,OMN,101.08649910096
"Primary completion rate, total (% of relevant age group)",SE.PRM.CMPT.ZS,Pakistan,PAK,55.7920581061717
"Primary completion rate, total (% of relevant age group)",SE.PRM.CMPT.ZS,Palau,PLW,..
"Primary completion rate, total (% of relevant age group)",SE.PRM.CMPT.ZS,Panama,PAN,..
"Primary completion rate, total (% of relevant age group)",SE.PRM.CMPT.ZS,Papua New Guinea,PNG,74.1397660550692
"Primary completion rate, total (% of relevant age group)",SE.PRM.CMPT.ZS,Paraguay,PRY,98.1086017794463
"Primary completion rate, total (% of relevant age group)",SE.PRM.CMPT.ZS,Peru,PER,103.398551940918
"Primary completion rate, total (% of relevant age group)",SE.PRM.CMPT.ZS,Philippines,PHL,..
"Primary completion rate, total (% of relevant age group)",SE.PRM.CMPT.ZS,Poland,POL,100.437339782715
"Primary completion rate, total (% of relevant age group)",SE.PRM.CMPT.ZS,Portugal,PRT,..
"Primary completion rate, total (% of relevant age group)",SE.PRM.CMPT.ZS,Puerto Rico (US),PRI,..
"Primary completion rate, total (% of relevant age group)",SE.PRM.CMPT.ZS,Qatar,QAT,95.5435154000098
"Primary completion rate, total (% of relevant age group)",SE.PRM.CMPT.ZS,Romania,ROU,89.260612487793
"Primary completion rate, total (% of relevant age group)",SE.PRM.CMPT.ZS,Russian Federation,RUS,94.9354115909758
"Primary completion rate, total (% of relevant age group)",SE.PRM.CMPT.ZS,Rwanda,RWA,67.7449990888319
"Primary completion rate, total (% of relevant age group)",SE.PRM.CMPT.ZS,Samoa,WSM,108.842961312279
"Primary completion rate, total (% of relevant age group)",SE.PRM.CMPT.ZS,San Marino,SMR,..
"Primary completion rate, total (% of relevant age group)",SE.PRM.CMPT.ZS,Sao Tome and Principe,STP,79.6282196044922
"Primary completion rate, total (% of relevant age group)",SE.PRM.CMPT.ZS,Saudi Arabia,SAU,..
"Primary completion rate, total (% of relevant age group)",SE.PRM.CMPT.ZS,Senegal,SEN,..
"Primary completion rate, total (% of relevant age group)",SE.PRM.CMPT.ZS,Serbia,SRB,98.8304824829102
"Primary completion rate, total (% of relevant age group)",SE.PRM.CMPT.ZS,Seychelles,SYC,128.523769808174
"Primary completion rate, total (% of relevant age group)",SE.PRM.CMPT.ZS,Sierra Leone,SLE,71.2324444444444
"Primary completion rate, total (% of relevant age group)",SE.PRM.CMPT.ZS,Singapore,SGP,99.7892735075682
"Primary completion rate, total (% of relevant age group)",SE.PRM.CMPT.ZS,Sint Maarten (Dutch part),SXM,..
"Primary completion rate, total (% of relevant age group)",SE.PRM.CMPT.ZS,Slovak Republic,SVK,93.7168502807617
"Primary completion rate, total (% of relevant age group)",SE.PRM.CMPT.ZS,Slovenia,SVN,96.5641937255859
"Primary completion rate, total (% of relevant age group)",SE.PRM.CMPT.ZS,Solomon Islands,SLB,83.1120743943867
"Primary completion rate, total (% of relevant age group)",SE.PRM.CMPT.ZS,"Somalia, Fed. Rep.",SOM,..
"Primary completion rate, total (% of relevant age group)",SE.PRM.CMPT.ZS,South Africa,ZAF,90.274209979999
"Primary completion rate, total (% of relevant age group)",SE.PRM.CMPT.ZS,South Sudan,SSD,..
"Primary completion rate, total (% of relevant age group)",SE.PRM.CMPT.ZS,Spain,ESP,94.7013168334961
"Primary completion rate, total (% of relevant age group)",SE.PRM.CMPT.ZS,Sri Lanka,LKA,96.3326649097638
"Primary completion rate, total (% of relevant age group)",SE.PRM.CMPT.ZS,St. Kitts and Nevis,KNA,112.558868408203
"Primary completion rate, total (% of relevant age group)",SE.PRM.CMPT.ZS,St. Lucia,LCA,93.1327209472656
"Primary completion rate, total (% of relevant age group)",SE.PRM.CMPT.ZS,St. Martin (French part),MAF,..
"Primary completion rate, total (% of relevant age group)",SE.PRM.CMPT.ZS,St. Vincent and the Grenadines,VCT,111.867576599121
"Primary completion rate, total (% of relevant age group)",SE.PRM.CMPT.ZS,Sudan,SDN,55.3826217651367
"Primary completion rate, total (% of relevant age group)",SE.PRM.CMPT.ZS,Suriname,SUR,83.3164901733398
"Primary completion rate, total (% of relevant age group)",SE.PRM.CMPT.ZS,Eswatini,SWZ,98.4798562228546
"Primary completion rate, total (% of relevant age group)",SE.PRM.CMPT.ZS,Sweden,SWE,99.6898574829102
"Primary completion rate, total (% of relevant age group)",SE.PRM.CMPT.ZS,Switzerland,CHE,94.9024276733398
"Primary completion rate, total (% of relevant age group)",SE.PRM.CMPT.ZS,Syrian Arab Republic,SYR,..
"Primary completion rate, total (% of relevant age group)",SE.PRM.CMPT.ZS,Tajikistan,TJK,90.9021911621094
"Primary completion rate, total (% of relevant age group)",SE.PRM.CMPT.ZS,Tanzania,TZA,61.0601160776836
"Primary completion rate, total (% of relevant age group)",SE.PRM.CMPT.ZS,Thailand,THA,..
"Primary completion rate, total (% of relevant age group)",SE.PRM.CMPT.ZS,Timor-Leste,TLS,97.3353459429487
"Primary completion rate, total (% of relevant age group)",SE.PRM.CMPT.ZS,Togo,TGO,92.9958056836299
"Primary completion rate, total (% of relevant age group)",SE.PRM.CMPT.ZS,Tonga,TON,..
"Primary completion rate, total (% of relevant age group)",SE.PRM.CMPT.ZS,Trinidad and Tobago,TTO,..
"Primary completion rate, total (% of relevant age group)",SE.PRM.CMPT.ZS,Tunisia,TUN,93.2920303344727
"Primary completion rate, total (% of relevant age group)",SE.PRM.CMPT.ZS,Turkiye,TUR,134.545608520508
"Primary completion rate, total (% of relevant age group)",SE.PRM.CMPT.ZS,Turkmenistan,TKM,..
"Primary completion rate, total (% of relevant age group)",SE.PRM.CMPT.ZS,Turks and Caicos Islands,TCA,..
"Primary completion rate, total (% of relevant age group)",SE.PRM.CMPT.ZS,Tuvalu,TUV,99.5169067382812
"Primary completion rate, total (% of relevant age group)",SE.PRM.CMPT.ZS,Uganda,UGA,55.0362396240234
"Primary completion rate, total (% of relevant age group)",SE.PRM.CMPT.ZS,Ukraine,UKR,86.1604460210992
"Primary completion rate, total (% of relevant age group)",SE.PRM.CMPT.ZS,United Arab Emirates,ARE,..
"Primary completion rate, total (% of relevant age group)",SE.PRM.CMPT.ZS,United Kingdom,GBR,98.5750732421875
"Primary completion rate, total (% of relevant age group)",SE.PRM.CMPT.ZS,United States,USA,..
"Primary completion rate, total (% of relevant age group)",SE.PRM.CMPT.ZS,Uruguay,URY,102.392839746712
"Primary completion rate, total (% of relevant age group)",SE.PRM.CMPT.ZS,Uzbekistan,UZB,97.4060809237078
"Primary completion rate, total (% of relevant age group)",SE.PRM.CMPT.ZS,Vanuatu,VUT,..
"Primary completion rate, total (% of relevant age group)",SE.PRM.CMPT.ZS,"Venezuela, RB",VEN,92.3337783813477
"Primary completion rate, total (% of relevant age group)",SE.PRM.CMPT.ZS,Viet Nam,VNM,99.9538673376531
"Primary completion rate, total (% of relevant age group)",SE.PRM.CMPT.ZS,Virgin Islands (U.S.),VIR,..
"Primary completion rate, total (% of relevant age group)",SE.PRM.CMPT.ZS,West Bank and Gaza,PSE,96.0882674240769
"Primary completion rate, total (% of relevant age group)",SE.PRM.CMPT.ZS,"Yemen, Rep.",YEM,60.1439094543457
"Primary completion rate, total (% of relevant age group)",SE.PRM.CMPT.ZS,Zambia,ZMB,..
"Primary completion rate, total (% of relevant age group)",SE.PRM.CMPT.ZS,Zimbabwe,ZWE,88.9178597430998
"School enrollment, secondary (% gross)",SE.SEC.ENRR,Afghanistan,AFG,53.4350395202637
"School enrollment, secondary (% gross)",SE.SEC.ENRR,Albania,ALB,99.170755047578
"School enrollment, secondary (% gross)",SE.SEC.ENRR,Algeria,DZA,..
"School enrollment, secondary (% gross)",SE.SEC.ENRR,American Samoa,ASM,..
"School enrollment, secondary (% gross)",SE.SEC.ENRR,Andorra,AND,94.6524124145508
"School enrollment, secondary (% gross)",SE.SEC.ENRR,Angola,AGO,54.4167987304753
"School enrollment, secondary (% gross)",SE.SEC.ENRR,Antigua and Barbuda,ATG,..
"School enrollment, secondary (% gross)",SE.SEC.ENRR,Argentina,ARG,109.598327636719
"School enrollment, secondary (% gross)",SE.SEC.ENRR,Armenia,ARM,..
"School enrollment, secondary (% gross)",SE.SEC.ENRR,Aruba,ABW,..
"School enrollment, secondary (% gross)",SE.SEC.ENRR,Australia,AUS,155.594390869141
"School enrollment, secondary (% gross)",SE.SEC.ENRR,Austria,AUT,100.227989196777
"School enrollment, secondary (% gross)",SE.SEC.ENRR,Azerbaijan,AZE,86.5856935803605
"School enrollment, secondary (% gross)",SE.SEC.ENRR,"Bahamas, The",BHS,85.0686327399149
"School enrollment, secondary (% gross)",SE.SEC.ENRR,Bahrain,BHR,100.583649344321
"School enrollment, secondary (% gross)",SE.SEC.ENRR,Bangladesh,BGD,64.1664546117285
"School enrollment, secondary (% gross)",SE.SEC.ENRR,Barbados,BRB,108.310737609863
"School enrollment, secondary (% gross)",SE.SEC.ENRR,Belarus,BLR,102.969005936733
"School enrollment, secondary (% gross)",SE.SEC.ENRR,Belgium,BEL,160.689270019531
"School enrollment, secondary (% gross)",SE.SEC.ENRR,Belize,BLZ,87.7313726328389
"School enrollment, secondary (% gross)",SE.SEC.ENRR,Benin,BEN,55.2945899963379
"School enrollment, secondary (% gross)",SE.SEC.ENRR,Bermuda,BMU,..
"School enrollment, secondary (% gross)",SE.SEC.ENRR,Bhutan,BTN,85.6766128540039
"School enrollment, secondary (% gross)",SE.SEC.ENRR,Bolivia,BOL,90.6152852803158
"School enrollment, secondary (% gross)",SE.SEC.ENRR,Bosnia and Herzegovina,BIH,83.1699523925781
"School enrollment, secondary (% gross)",SE.SEC.ENRR,Botswana,BWA,..
"School enrollment, secondary (% gross)",SE.SEC.ENRR,Brazil,BRA,102.56950378418
"School enrollment, secondary (% gross)",SE.SEC.ENRR,British Virgin Islands,VGB,98.6420950533463
"School enrollment, secondary (% gross)",SE.SEC.ENRR,Brunei Darussalam,BRN,90.0986175537109
"School enrollment, secondary (% gross)",SE.SEC.ENRR,Bulgaria,BGR,103.003921508789
"School enrollment, secondary (% gross)",SE.SEC.ENRR,Burkina Faso,BFA,34.9336280775566
"School enrollment, secondary (% gross)",SE.SEC.ENRR,Burundi,BDI,47.4715342848197
"School enrollment, secondary (% gross)",SE.SEC.ENRR,Cabo Verde,CPV,98.2528458088996
"School enrollment, secondary (% gross)",SE.SEC.ENRR,Cambodia,KHM,..
"School enrollment, secondary (% gross)",SE.SEC.ENRR,Cameroon,CMR,61.4037045147156
"School enrollment, secondary (% gross)",SE.SEC.ENRR,Canada,CAN,111.607330322266
"School enrollment, secondary (% gross)",SE.SEC.ENRR,Cayman Islands,CYM,..
"School enrollment, secondary (% gross)",SE.SEC.ENRR,Central African Republic,CAF,13.9465503692627
"School enrollment, secondary (% gross)",SE.SEC.ENRR,Chad,TCD,22.530490847167
"School enrollment, secondary (% gross)",SE.SEC.ENRR,Channel Islands,CHI,..
"School enrollment, secondary (% gross)",SE.SEC.ENRR,Chile,CHL,101.488136291504
"School enrollment, secondary (% gross)",SE.SEC.ENRR,China,CHN,..
"School enrollment, secondary (% gross)",SE.SEC.ENRR,Colombia,COL,98.4156265258789
"School enrollment, secondary (% gross)",SE.SEC.ENRR,Comoros,COM,..
"School enrollment, secondary (% gross)",SE.SEC.ENRR,"Congo, Dem. Rep.",COD,..
"School enrollment, secondary (% gross)",SE.SEC.ENRR,"Congo, Rep.",COG,..
"School enrollment, secondary (% gross)",SE.SEC.ENRR,Costa Rica,CRI,118.203712463379
"School enrollment, secondary (% gross)",SE.SEC.ENRR,Cote d'Ivoire,CIV,46.2425069943643
"School enrollment, secondary (% gross)",SE.SEC.ENRR,Croatia,HRV,103.719436645508
"School enrollment, secondary (% gross)",SE.SEC.ENRR,Cuba,CUB,97.8005641142909
"School enrollment, secondary (% gross)",SE.SEC.ENRR,Curacao,CUW,..
"School enrollment, secondary (% gross)",SE.SEC.ENRR,Cyprus,CYP,99.1193084716797
"School enrollment, secondary (% gross)",SE.SEC.ENRR,Czechia,CZE,103.015083312988
"School enrollment, secondary (% gross)",SE.SEC.ENRR,Denmark,DNK,131.441299438477
"School enrollment, secondary (% gross)",SE.SEC.ENRR,Djibouti,DJI,..
"School enrollment, secondary (% gross)",SE.SEC.ENRR,Dominica,DMA,..
"School enrollment, secondary (% gross)",SE.SEC.ENRR,Dominican Republic,DOM,80.0944728713855
"School enrollment, secondary (% gross)",SE.SEC.ENRR,Ecuador,ECU,98.0803764939006
"School enrollment, secondary (% gross)",SE.SEC.ENRR,"Egypt, Arab Rep.",EGY,75.7524086692863
"School enrollment, secondary (% gross)",SE.SEC.ENRR,El Salvador,SLV,68.2966095615156
"School enrollment, secondary (% gross)",SE.SEC.ENRR,Equatorial Guinea,GNQ,..
"School enrollment, secondary (% gross)",SE.SEC.ENRR,Eritrea,ERI,..
"School enrollment, secondary (% gross)",SE.SEC.ENRR,Estonia,EST,111.596199035645
"School enrollment, secondary (% gross)",SE.SEC.ENRR,Ethiopia,ETH,..
"School enrollment, secondary (% gross)",SE.SEC.ENRR,Faroe Islands,FRO,..
"School enrollment, secondary (% gross)",SE.SEC.ENRR,Fiji,FJI,89.18202295018
"School enrollment, secondary (% gross)",SE.SEC.ENRR,Finland,FIN,152.471435546875
"School enrollment, secondary (% gross)",SE.SEC.ENRR,France,FRA,103.308097839355
"School enrollment, secondary (% gross)",SE.SEC.ENRR,French Polynesia,PYF,..
"School enrollment, secondary (% gross)",SE.SEC.ENRR,Gabon,GAB,..
"School enrollment, secondary (% gross)",SE.SEC.ENRR,"Gambia, The",GMB,..
"School enrollment, secondary (% gross)",SE.SEC.ENRR,Georgia,GEO,107.779901789534
"School enrollment, secondary (% gross)",SE.SEC.ENRR,Germany,DEU,100.852310180664
"School enrollment, secondary (% gross)",SE.SEC.ENRR,Ghana,GHA,67.2644101341977
"School enrollment, secondary (% gross)",SE.SEC.ENRR,Gibraltar,GIB,132.325141776938
"School enrollment, secondary (% gross)",SE.SEC.ENRR,Greece,GRC,103.952072143555
"School enrollment, secondary (% gross)",SE.SEC.ENRR,Greenland,GRL,..
"School enrollment, secondary (% gross)",SE.SEC.ENRR,Grenada,GRD,105.224225612575
"School enrollment, secondary (% gross)",SE.SEC.ENRR,Guam,GUM,..
"School enrollment, secondary (% gross)",SE.SEC.ENRR,Guatemala,GTM,54.4252556188872
"School enrollment, secondary (% gross)",SE.SEC.ENRR,Guinea,GIN,..
"School enrollment, secondary (% gross)",SE.SEC.ENRR,Guinea-Bissau,GNB,..
"School enrollment, secondary (% gross)",SE.SEC.ENRR,Guyana,GUY,..
"School enrollment, secondary (% gross)",SE.SEC.ENRR,Haiti,HTI,..
"School enrollment, secondary (% gross)",SE.SEC.ENRR,Honduras,HND,51.0466486801865
"School enrollment, secondary (% gross)",SE.SEC.ENRR,"Hong Kong SAR, China",HKG,107.750724637681
"School enrollment, secondary (% gross)",SE.SEC.ENRR,Hungary,HUN,104.046890258789
"School enrollment, secondary (% gross)",SE.SEC.ENRR,Iceland,ISL,117.122772216797
"School enrollment, secondary (% gross)",SE.SEC.ENRR,India,IND,75.9372863769531
"School enrollment, secondary (% gross)",SE.SEC.ENRR,Indonesia,IDN,87.8191791728036
"School enrollment, secondary (% gross)",SE.SEC.ENRR,"Iran, Islamic Rep.",IRN,83.3275680541992
"School enrollment, secondary (% gross)",SE.SEC.ENRR,Iraq,IRQ,..
"School enrollment, secondary (% gross)",SE.SEC.ENRR,Ireland,IRL,117.028717041016
"School enrollment, secondary (% gross)",SE.SEC.ENRR,Isle of Man,IMN,..
"School enrollment, secondary (% gross)",SE.SEC.ENRR,Israel,ISR,96.7928085327148
"School enrollment, secondary (% gross)",SE.SEC.ENRR,Italy,ITA,100.742958068848
"School enrollment, secondary (% gross)",SE.SEC.ENRR,Jamaica,JAM,87.9398248609799
"School enrollment, secondary (% gross)",SE.SEC.ENRR,Japan,JPN,101.167999267578
"School enrollment, secondary (% gross)",SE.SEC.ENRR,Jordan,JOR,..
"School enrollment, secondary (% gross)",SE.SEC.ENRR,Kazakhstan,KAZ,97.0463003338151
"School enrollment, secondary (% gross)",SE.SEC.ENRR,Kenya,KEN,74.4698594945796
"School enrollment, secondary (% gross)",SE.SEC.ENRR,Kiribati,KIR,..
"School enrollment, secondary (% gross)",SE.SEC.ENRR,"Korea, Dem. People's Rep.",PRK,..
"School enrollment, secondary (% gross)",SE.SEC.ENRR,"Korea, Rep.",KOR,98.7179565429688
"School enrollment, secondary (% gross)",SE.SEC.ENRR,Kosovo,XKX,..
"School enrollment, secondary (% gross)",SE.SEC.ENRR,Kuwait,KWT,..
"School enrollment, secondary (% gross)",SE.SEC.ENRR,Kyrgyz Republic,KGZ,90.4864998184447
"School enrollment, secondary (% gross)",SE.SEC.ENRR,Lao PDR,LAO,64.7630026961054
"School enrollment, secondary (% gross)",SE.SEC.ENRR,Latvia,LVA,111.296806335449
"School enrollment, secondary (% gross)",SE.SEC.ENRR,Lebanon,LBN,59.4640916311345
"School enrollment, secondary (% gross)",SE.SEC.ENRR,Lesotho,LSO,56.8386993408203
"School enrollment, secondary (% gross)",SE.SEC.ENRR,Liberia,LBR,..
"School enrollment, secondary (% gross)",SE.SEC.ENRR,Libya,LBY,..
"School enrollment, secondary (% gross)",SE.SEC.ENRR,Liechtenstein,LIE,116.028373718262
"School enrollment, secondary (% gross)",SE.SEC.ENRR,Lithuania,LTU,101.81990814209
"School enrollment, secondary (% gross)",SE.SEC.ENRR,Luxembourg,LUX,106.08519744873
"School enrollment, secondary (% gross)",SE.SEC.ENRR,"Macao SAR, China",MAC,99.4636678200692
"School enrollment, secondary (% gross)",SE.SEC.ENRR,North Macedonia,MKD,..
"School enrollment, secondary (% gross)",SE.SEC.ENRR,Madagascar,MDG,36.0765113830566
"School enrollment, secondary (% gross)",SE.SEC.ENRR,Malawi,MWI,38.1843681335449
"School enrollment, secondary (% gross)",SE.SEC.ENRR,Malaysia,MYS,79.8283920288086
"School enrollment, secondary (% gross)",SE.SEC.ENRR,Maldives,MDV,70.014084045724
"School enrollment, secondary (% gross)",SE.SEC.ENRR,Mali,MLI,40.0999948578594
"School enrollment, secondary (% gross)",SE.SEC.ENRR,Malta,MLT,94.9765701293945
"School enrollment, secondary (% gross)",SE.SEC.ENRR,Marshall Islands,MHL,84.9683293351352
"School enrollment, secondary (% gross)",SE.SEC.ENRR,Mauritania,MRT,32.187587041888
"School enrollment, secondary (% gross)",SE.SEC.ENRR,Mauritius,MUS,94.4362545563892
"School enrollment, secondary (% gross)",SE.SEC.ENRR,Mexico,MEX,102.871368408203
"School enrollment, secondary (% gross)",SE.SEC.ENRR,"Micronesia, Fed. Sts.",FSM,..
"School enrollment, secondary (% gross)",SE.SEC.ENRR,Moldova,MDA,106.047154912204
"School enrollment, secondary (% gross)",SE.SEC.ENRR,Monaco,MCO,153.586303710938
"School enrollment, secondary (% gross)",SE.SEC.ENRR,Mongolia,MNG,..
"School enrollment, secondary (% gross)",SE.SEC.ENRR,Montenegro,MNE,90.5575180053711
"School enrollment, secondary (% gross)",SE.SEC.ENRR,Morocco,MAR,..
"School enrollment, secondary (% gross)",SE.SEC.ENRR,Mozambique,MOZ,..
"School enrollment, secondary (% gross)",SE.SEC.ENRR,Myanmar,MMR,67.7588500976562
"School enrollment, secondary (% gross)",SE.SEC.ENRR,Namibia,NAM,79.2606097203135
"School enrollment, secondary (% gross)",SE.SEC.ENRR,Nauru,NRU,78.6677169799805
"School enrollment, secondary (% gross)",SE.SEC.ENRR,Nepal,NPL,71.7744979858398
"School enrollment, secondary (% gross)",SE.SEC.ENRR,Netherlands,NLD,112.994277954102
"School enrollment, secondary (% gross)",SE.SEC.ENRR,New Caledonia,NCL,..
"School enrollment, secondary (% gross)",SE.SEC.ENRR,New Zealand,NZL,113.687911987305
"School enrollment, secondary (% gross)",SE.SEC.ENRR,Nicaragua,NIC,..
"School enrollment, secondary (% gross)",SE.SEC.ENRR,Niger,NER,22.6700395113082
"School enrollment, secondary (% gross)",SE.SEC.ENRR,Nigeria,NGA,39.3068084716797
"School enrollment, secondary (% gross)",SE.SEC.ENRR,Northern Mariana Islands,MNP,..
"School enrollment, secondary (% gross)",SE.SEC.ENRR,Norway,NOR,116.6455078125
"School enrollment, secondary (% gross)",SE.SEC.ENRR,Oman,OMN,102.304902141834
"School enrollment, secondary (% gross)",SE.SEC.ENRR,Pakistan,PAK,35.8643246680809
"School enrollment, secondary (% gross)",SE.SEC.ENRR,Palau,PLW,..
"School enrollment, secondary (% gross)",SE.SEC.ENRR,Panama,PAN,82.601448059082
"School enrollment, secondary (% gross)",SE.SEC.ENRR,Papua New Guinea,PNG,..
"School enrollment, secondary (% gross)",SE.SEC.ENRR,Paraguay,PRY,81.8651046483746
"School enrollment, secondary (% gross)",SE.SEC.ENRR,Peru,PER,102.150123596191
"School enrollment, secondary (% gross)",SE.SEC.ENRR,Philippines,PHL,82.7837574272484
"School enrollment, secondary (% gross)",SE.SEC.ENRR,Poland,POL,109.117248535156
"School enrollment, secondary (% gross)",SE.SEC.ENRR,Portugal,PRT,115.488418579102
"School enrollment, secondary (% gross)",SE.SEC.ENRR,Puerto Rico (US),PRI,86.821891784668
"School enrollment, secondary (% gross)",SE.SEC.ENRR,Qatar,QAT,97.44147524298
"School enrollment, secondary (% gross)",SE.SEC.ENRR,Romania,ROU,88.7795104980469
"School enrollment, secondary (% gross)",SE.SEC.ENRR,Russian Federation,RUS,95.8434944997854
"School enrollment, secondary (% gross)",SE.SEC.ENRR,Rwanda,RWA,38.506238583342
"School enrollment, secondary (% gross)",SE.SEC.ENRR,Samoa,WSM,87.3532286947715
"School enrollment, secondary (% gross)",SE.SEC.ENRR,San Marino,SMR,..
"School enrollment, secondary (% gross)",SE.SEC.ENRR,Sao Tome and Principe,STP,83.8791198730469
"School enrollment, secondary (% gross)",SE.SEC.ENRR,Saudi Arabia,SAU,105.491550199825
"School enrollment, secondary (% gross)",SE.SEC.ENRR,Senegal,SEN,..
"School enrollment, secondary (% gross)",SE.SEC.ENRR,Serbia,SRB,96.234733581543
"School enrollment, secondary (% gross)",SE.SEC.ENRR,Seychelles,SYC,101.712798026857
"School enrollment, secondary (% gross)",SE.SEC.ENRR,Sierra Leone,SLE,42.1386795043945
"School enrollment, secondary (% gross)",SE.SEC.ENRR,Singapore,SGP,107.745868589242
"School enrollment, secondary (% gross)",SE.SEC.ENRR,Sint Maarten (Dutch part),SXM,..
"School enrollment, secondary (% gross)",SE.SEC.ENRR,Slovak Republic,SVK,91.4534378051758
"School enrollment, secondary (% gross)",SE.SEC.ENRR,Slovenia,SVN,115.216941833496
"School enrollment, secondary (% gross)",SE.SEC.ENRR,Solomon Islands,SLB,..
"School enrollment, secondary (% gross)",SE.SEC.ENRR,"Somalia, Fed. Rep.",SOM,..
"School enrollment, secondary (% gross)",SE.SEC.ENRR,South Africa,ZAF,103.855987548828
"School enrollment, secondary (% gross)",SE.SEC.ENRR,South Sudan,SSD,..
"School enrollment, secondary (% gross)",SE.SEC.ENRR,Spain,ESP,123.269889831543
"School enrollment, secondary (% gross)",SE.SEC.ENRR,Sri Lanka,LKA,93.9037221276375
"School enrollment, secondary (% gross)",SE.SEC.ENRR,St. Kitts and Nevis,KNA,116.914031982422
"School enrollment, secondary (% gross)",SE.SEC.ENRR,St. Lucia,LCA,89.6722183227539
"School enrollment, secondary (% gross)",SE.SEC.ENRR,St. Martin (French part),MAF,..
"School enrollment, secondary (% gross)",SE.SEC.ENRR,St. Vincent and the Grenadines,VCT,..
"School enrollment, secondary (% gross)",SE.SEC.ENRR,Sudan,SDN,40.9556007385254
"School enrollment, secondary (% gross)",SE.SEC.ENRR,Suriname,SUR,..
"School enrollment, secondary (% gross)",SE.SEC.ENRR,Eswatini,SWZ,82.023935767308
"School enrollment, secondary (% gross)",SE.SEC.ENRR,Sweden,SWE,137.561157226562
"School enrollment, secondary (% gross)",SE.SEC.ENRR,Switzerland,CHE,104.09513092041
"School enrollment, secondary (% gross)",SE.SEC.ENRR,Syrian Arab Republic,SYR,..
"School enrollment, secondary (% gross)",SE.SEC.ENRR,Tajikistan,TJK,..
"School enrollment, secondary (% gross)",SE.SEC.ENRR,Tanzania,TZA,25.6429992626308
"School enrollment, secondary (% gross)",SE.SEC.ENRR,Thailand,THA,122.563217163086
"School enrollment, secondary (% gross)",SE.SEC.ENRR,Timor-Leste,TLS,77.3856943732818
"School enrollment, secondary (% gross)",SE.SEC.ENRR,Togo,TGO,..
"School enrollment, secondary (% gross)",SE.SEC.ENRR,Tonga,TON,..
"School enrollment, secondary (% gross)",SE.SEC.ENRR,Trinidad and Tobago,TTO,..
"School enrollment, secondary (% gross)",SE.SEC.ENRR,Tunisia,TUN,90.3264236450195
"School enrollment, secondary (% gross)",SE.SEC.ENRR,Turkiye,TUR,108.547561645508
"School enrollment, secondary (% gross)",SE.SEC.ENRR,Turkmenistan,TKM,..
"School enrollment, secondary (% gross)",SE.SEC.ENRR,Turks and Caicos Islands,TCA,73.9748274462038
"School enrollment, secondary (% gross)",SE.SEC.ENRR,Tuvalu,TUV,77.9319915771484
"School enrollment, secondary (% gross)",SE.SEC.ENRR,Uganda,UGA,..
"School enrollment, secondary (% gross)",SE.SEC.ENRR,Ukraine,UKR,88.5457508688536
"School enrollment, secondary (% gross)",SE.SEC.ENRR,United Arab Emirates,ARE,..
"School enrollment, secondary (% gross)",SE.SEC.ENRR,United Kingdom,GBR,..
"School enrollment, secondary (% gross)",SE.SEC.ENRR,United States,USA,98.7699279785156
"School enrollment, secondary (% gross)",SE.SEC.ENRR,Uruguay,URY,112.032577514648
"School enrollment, secondary (% gross)",SE.SEC.ENRR,Uzbekistan,UZB,92.8148657883702
"School enrollment, secondary (% gross)",SE.SEC.ENRR,Vanuatu,VUT,..
"School enrollment, secondary (% gross)",SE.SEC.ENRR,"Venezuela, RB",VEN,85.1329498291016
"School enrollment, secondary (% gross)",SE.SEC.ENRR,Viet Nam,VNM,90.1583347107672
"School enrollment, secondary (% gross)",SE.SEC.ENRR,Virgin Islands (U.S.),VIR,..
"School enrollment, secondary (% gross)",SE.SEC.ENRR,West Bank and Gaza,PSE,88.6612882360835
"School enrollment, secondary (% gross)",SE.SEC.ENRR,"Yemen, Rep.",YEM,43.6906890869141
"School enrollment, secondary (% gross)",SE.SEC.ENRR,Zambia,ZMB,..
"School enrollment, secondary (% gross)",SE.SEC.ENRR,Zimbabwe,ZWE,..
"School enrollment, primary and secondary (gross), gender parity index (GPI)",SE.ENR.PRSC.FM.ZS,Afghanistan,AFG,0.645669996738434
"School enrollment, primary and secondary (gross), gender parity index (GPI)",SE.ENR.PRSC.FM.ZS,Albania,ALB,0.993550002574921
"School enrollment, primary and secondary (gross), gender parity index (GPI)",SE.ENR.PRSC.FM.ZS,Algeria,DZA,..
"School enrollment, primary and secondary (gross), gender parity index (GPI)",SE.ENR.PRSC.FM.ZS,American Samoa,ASM,..
"School enrollment, primary and secondary (gross), gender parity index (GPI)",SE.ENR.PRSC.FM.ZS,Andorra,AND,..
"School enrollment, primary and secondary (gross), gender parity index (GPI)",SE.ENR.PRSC.FM.ZS,Angola,AGO,..
"School enrollment, primary and secondary (gross), gender parity index (GPI)",SE.ENR.PRSC.FM.ZS,Antigua and Barbuda,ATG,..
"School enrollment, primary and secondary (gross), gender parity index (GPI)",SE.ENR.PRSC.FM.ZS,Argentina,ARG,1.02081000804901
"School enrollment, primary and secondary (gross), gender parity index (GPI)",SE.ENR.PRSC.FM.ZS,Armenia,ARM,..
"School enrollment, primary and secondary (gross), gender parity index (GPI)",SE.ENR.PRSC.FM.ZS,Aruba,ABW,..
"School enrollment, primary and secondary (gross), gender parity index (GPI)",SE.ENR.PRSC.FM.ZS,Australia,AUS,0.925170004367828
"School enrollment, primary and secondary (gross), gender parity index (GPI)",SE.ENR.PRSC.FM.ZS,Austria,AUT,0.971989989280701
"School enrollment, primary and secondary (gross), gender parity index (GPI)",SE.ENR.PRSC.FM.ZS,Azerbaijan,AZE,..
"School enrollment, primary and secondary (gross), gender parity index (GPI)",SE.ENR.PRSC.FM.ZS,"Bahamas, The",BHS,..
"School enrollment, primary and secondary (gross), gender parity index (GPI)",SE.ENR.PRSC.FM.ZS,Bahrain,BHR,1.01494002342224
"School enrollment, primary and secondary (gross), gender parity index (GPI)",SE.ENR.PRSC.FM.ZS,Bangladesh,BGD,..
"School enrollment, primary and secondary (gross), gender parity index (GPI)",SE.ENR.PRSC.FM.ZS,Barbados,BRB,1.0222100019455
"School enrollment, primary and secondary (gross), gender parity index (GPI)",SE.ENR.PRSC.FM.ZS,Belarus,BLR,0.991010010242462
"School enrollment, primary and secondary (gross), gender parity index (GPI)",SE.ENR.PRSC.FM.ZS,Belgium,BEL,1.069659948349
"School enrollment, primary and secondary (gross), gender parity index (GPI)",SE.ENR.PRSC.FM.ZS,Belize,BLZ,0.977970004081726
"School enrollment, primary and secondary (gross), gender parity index (GPI)",SE.ENR.PRSC.FM.ZS,Benin,BEN,0.877080023288727
"School enrollment, primary and secondary (gross), gender parity index (GPI)",SE.ENR.PRSC.FM.ZS,Bermuda,BMU,..
"School enrollment, primary and secondary (gross), gender parity index (GPI)",SE.ENR.PRSC.FM.ZS,Bhutan,BTN,1.0480899810791
"School enrollment, primary and secondary (gross), gender parity index (GPI)",SE.ENR.PRSC.FM.ZS,Bolivia,BOL,0.982200026512146
"School enrollment, primary and secondary (gross), gender parity index (GPI)",SE.ENR.PRSC.FM.ZS,Bosnia and Herzegovina,BIH,..
"School enrollment, primary and secondary (gross), gender parity index (GPI)",SE.ENR.PRSC.FM.ZS,Botswana,BWA,..
"School enrollment, primary and secondary (gross), gender parity index (GPI)",SE.ENR.PRSC.FM.ZS,Brazil,BRA,1.00854003429413
"School enrollment, primary and secondary (gross), gender parity index (GPI)",SE.ENR.PRSC.FM.ZS,British Virgin Islands,VGB,1.00268995761871
"School enrollment, primary and secondary (gross), gender parity index (GPI)",SE.ENR.PRSC.FM.ZS,Brunei Darussalam,BRN,1.01419997215271
"School enrollment, primary and secondary (gross), gender parity index (GPI)",SE.ENR.PRSC.FM.ZS,Bulgaria,BGR,0.976230025291443
"School enrollment, primary and secondary (gross), gender parity index (GPI)",SE.ENR.PRSC.FM.ZS,Burkina Faso,BFA,0.971310019493103
"School enrollment, primary and secondary (gross), gender parity index (GPI)",SE.ENR.PRSC.FM.ZS,Burundi,BDI,1.01382005214691
"School enrollment, primary and secondary (gross), gender parity index (GPI)",SE.ENR.PRSC.FM.ZS,Cabo Verde,CPV,1.01013994216919
"School enrollment, primary and secondary (gross), gender parity index (GPI)",SE.ENR.PRSC.FM.ZS,Cambodia,KHM,..
"School enrollment, primary and secondary (gross), gender parity index (GPI)",SE.ENR.PRSC.FM.ZS,Cameroon,CMR,0.885640025138855
"School enrollment, primary and secondary (gross), gender parity index (GPI)",SE.ENR.PRSC.FM.ZS,Canada,CAN,1.00818002223969
"School enrollment, primary and secondary (gross), gender parity index (GPI)",SE.ENR.PRSC.FM.ZS,Cayman Islands,CYM,..
"School enrollment, primary and secondary (gross), gender parity index (GPI)",SE.ENR.PRSC.FM.ZS,Central African Republic,CAF,0.760950028896332
"School enrollment, primary and secondary (gross), gender parity index (GPI)",SE.ENR.PRSC.FM.ZS,Chad,TCD,0.699079990386963
"School enrollment, primary and secondary (gross), gender parity index (GPI)",SE.ENR.PRSC.FM.ZS,Channel Islands,CHI,..
"School enrollment, primary and secondary (gross), gender parity index (GPI)",SE.ENR.PRSC.FM.ZS,Chile,CHL,0.988529980182648
"School enrollment, primary and secondary (gross), gender parity index (GPI)",SE.ENR.PRSC.FM.ZS,China,CHN,1.01013994216919
"School enrollment, primary and secondary (gross), gender parity index (GPI)",SE.ENR.PRSC.FM.ZS,Colombia,COL,1.01984000205994
"School enrollment, primary and secondary (gross), gender parity index (GPI)",SE.ENR.PRSC.FM.ZS,Comoros,COM,..
"School enrollment, primary and secondary (gross), gender parity index (GPI)",SE.ENR.PRSC.FM.ZS,"Congo, Dem. Rep.",COD,..
"School enrollment, primary and secondary (gross), gender parity index (GPI)",SE.ENR.PRSC.FM.ZS,"Congo, Rep.",COG,..
"School enrollment, primary and secondary (gross), gender parity index (GPI)",SE.ENR.PRSC.FM.ZS,Costa Rica,CRI,1.02941000461578
"School enrollment, primary and secondary (gross), gender parity index (GPI)",SE.ENR.PRSC.FM.ZS,Cote d'Ivoire,CIV,0.833500027656555
"School enrollment, primary and secondary (gross), gender parity index (GPI)",SE.ENR.PRSC.FM.ZS,Croatia,HRV,1.03201997280121
"School enrollment, primary and secondary (gross), gender parity index (GPI)",SE.ENR.PRSC.FM.ZS,Cuba,CUB,0.991129994392395
"School enrollment, primary and secondary (gross), gender parity index (GPI)",SE.ENR.PRSC.FM.ZS,Curacao,CUW,..
"School enrollment, primary and secondary (gross), gender parity index (GPI)",SE.ENR.PRSC.FM.ZS,Cyprus,CYP,0.994809985160828
"School enrollment, primary and secondary (gross), gender parity index (GPI)",SE.ENR.PRSC.FM.ZS,Czechia,CZE,1.00721001625061
"School enrollment, primary and secondary (gross), gender parity index (GPI)",SE.ENR.PRSC.FM.ZS,Denmark,DNK,1.00967001914978
"School enrollment, primary and secondary (gross), gender parity index (GPI)",SE.ENR.PRSC.FM.ZS,Djibouti,DJI,1.01397001743317
"School enrollment, primary and secondary (gross), gender parity index (GPI)",SE.ENR.PRSC.FM.ZS,Dominica,DMA,..
"School enrollment, primary and secondary (gross), gender parity index (GPI)",SE.ENR.PRSC.FM.ZS,Dominican Republic,DOM,0.990230023860931
"School enrollment, primary and secondary (gross), gender parity index (GPI)",SE.ENR.PRSC.FM.ZS,Ecuador,ECU,1.02094995975494
"School enrollment, primary and secondary (gross), gender parity index (GPI)",SE.ENR.PRSC.FM.ZS,"Egypt, Arab Rep.",EGY,0.993189990520477
"School enrollment, primary and secondary (gross), gender parity index (GPI)",SE.ENR.PRSC.FM.ZS,El Salvador,SLV,..
"School enrollment, primary and secondary (gross), gender parity index (GPI)",SE.ENR.PRSC.FM.ZS,Equatorial Guinea,GNQ,..
"School enrollment, primary and secondary (gross), gender parity index (GPI)",SE.ENR.PRSC.FM.ZS,Eritrea,ERI,..
"School enrollment, primary and secondary (gross), gender parity index (GPI)",SE.ENR.PRSC.FM.ZS,Estonia,EST,1.00454998016357
"School enrollment, primary and secondary (gross), gender parity index (GPI)",SE.ENR.PRSC.FM.ZS,Ethiopia,ETH,..
"School enrollment, primary and secondary (gross), gender parity index (GPI)",SE.ENR.PRSC.FM.ZS,Faroe Islands,FRO,..
"School enrollment, primary and secondary (gross), gender parity index (GPI)",SE.ENR.PRSC.FM.ZS,Fiji,FJI,1.02326023578644
"School enrollment, primary and secondary (gross), gender parity index (GPI)",SE.ENR.PRSC.FM.ZS,Finland,FIN,1.05761003494263
"School enrollment, primary and secondary (gross), gender parity index (GPI)",SE.ENR.PRSC.FM.ZS,France,FRA,1.00250005722046
"School enrollment, primary and secondary (gross), gender parity index (GPI)",SE.ENR.PRSC.FM.ZS,French Polynesia,PYF,..
"School enrollment, primary and secondary (gross), gender parity index (GPI)",SE.ENR.PRSC.FM.ZS,Gabon,GAB,..
"School enrollment, primary and secondary (gross), gender parity index (GPI)",SE.ENR.PRSC.FM.ZS,"Gambia, The",GMB,..
"School enrollment, primary and secondary (gross), gender parity index (GPI)",SE.ENR.PRSC.FM.ZS,Georgia,GEO,1.01025998592377
"School enrollment, primary and secondary (gross), gender parity index (GPI)",SE.ENR.PRSC.FM.ZS,Germany,DEU,0.963729977607727
"School enrollment, primary and secondary (gross), gender parity index (GPI)",SE.ENR.PRSC.FM.ZS,Ghana,GHA,0.996119976043701
"School enrollment, primary and secondary (gross), gender parity index (GPI)",SE.ENR.PRSC.FM.ZS,Gibraltar,GIB,0.986190021038055
"School enrollment, primary and secondary (gross), gender parity index (GPI)",SE.ENR.PRSC.FM.ZS,Greece,GRC,0.9653599858284
"School enrollment, primary and secondary (gross), gender parity index (GPI)",SE.ENR.PRSC.FM.ZS,Greenland,GRL,..
"School enrollment, primary and secondary (gross), gender parity index (GPI)",SE.ENR.PRSC.FM.ZS,Grenada,GRD,0.991129994392395
"School enrollment, primary and secondary (gross), gender parity index (GPI)",SE.ENR.PRSC.FM.ZS,Guam,GUM,..
"School enrollment, primary and secondary (gross), gender parity index (GPI)",SE.ENR.PRSC.FM.ZS,Guatemala,GTM,0.959710001945496
"School enrollment, primary and secondary (gross), gender parity index (GPI)",SE.ENR.PRSC.FM.ZS,Guinea,GIN,0.768221795558929
"School enrollment, primary and secondary (gross), gender parity index (GPI)",SE.ENR.PRSC.FM.ZS,Guinea-Bissau,GNB,..
"School enrollment, primary and secondary (gross), gender parity index (GPI)",SE.ENR.PRSC.FM.ZS,Guyana,GUY,..
"School enrollment, primary and secondary (gross), gender parity index (GPI)",SE.ENR.PRSC.FM.ZS,Haiti,HTI,..
"School enrollment, primary and secondary (gross), gender parity index (GPI)",SE.ENR.PRSC.FM.ZS,Honduras,HND,..
"School enrollment, primary and secondary (gross), gender parity index (GPI)",SE.ENR.PRSC.FM.ZS,"Hong Kong SAR, China",HKG,1.00293004512787
"School enrollment, primary and secondary (gross), gender parity index (GPI)",SE.ENR.PRSC.FM.ZS,Hungary,HUN,0.993550002574921
"School enrollment, primary and secondary (gross), gender parity index (GPI)",SE.ENR.PRSC.FM.ZS,Iceland,ISL,1.0010199546814
"School enrollment, primary and secondary (gross), gender parity index (GPI)",SE.ENR.PRSC.FM.ZS,India,IND,1.03045177459717
"School enrollment, primary and secondary (gross), gender parity index (GPI)",SE.ENR.PRSC.FM.ZS,Indonesia,IDN,0.995899975299835
"School enrollment, primary and secondary (gross), gender parity index (GPI)",SE.ENR.PRSC.FM.ZS,"Iran, Islamic Rep.",IRN,1.01882994174957
"School enrollment, primary and secondary (gross), gender parity index (GPI)",SE.ENR.PRSC.FM.ZS,Iraq,IRQ,..
"School enrollment, primary and secondary (gross), gender parity index (GPI)",SE.ENR.PRSC.FM.ZS,Ireland,IRL,1.00690996646881
"School enrollment, primary and secondary (gross), gender parity index (GPI)",SE.ENR.PRSC.FM.ZS,Isle of Man,IMN,..
"School enrollment, primary and secondary (gross), gender parity index (GPI)",SE.ENR.PRSC.FM.ZS,Israel,ISR,1.0129599571228
"School enrollment, primary and secondary (gross), gender parity index (GPI)",SE.ENR.PRSC.FM.ZS,Italy,ITA,1.00269997119904
"School enrollment, primary and secondary (gross), gender parity index (GPI)",SE.ENR.PRSC.FM.ZS,Jamaica,JAM,..
"School enrollment, primary and secondary (gross), gender parity index (GPI)",SE.ENR.PRSC.FM.ZS,Japan,JPN,1.00527000427246
"School enrollment, primary and secondary (gross), gender parity index (GPI)",SE.ENR.PRSC.FM.ZS,Jordan,JOR,..
"School enrollment, primary and secondary (gross), gender parity index (GPI)",SE.ENR.PRSC.FM.ZS,Kazakhstan,KAZ,1.01620995998383
"School enrollment, primary and secondary (gross), gender parity index (GPI)",SE.ENR.PRSC.FM.ZS,Kenya,KEN,..
"School enrollment, primary and secondary (gross), gender parity index (GPI)",SE.ENR.PRSC.FM.ZS,Kiribati,KIR,..
"School enrollment, primary and secondary (gross), gender parity index (GPI)",SE.ENR.PRSC.FM.ZS,"Korea, Dem. People's Rep.",PRK,..
"School enrollment, primary and secondary (gross), gender parity index (GPI)",SE.ENR.PRSC.FM.ZS,"Korea, Rep.",KOR,0.99481999874115
"School enrollment, primary and secondary (gross), gender parity index (GPI)",SE.ENR.PRSC.FM.ZS,Kosovo,XKX,..
"School enrollment, primary and secondary (gross), gender parity index (GPI)",SE.ENR.PRSC.FM.ZS,Kuwait,KWT,..
"School enrollment, primary and secondary (gross), gender parity index (GPI)",SE.ENR.PRSC.FM.ZS,Kyrgyz Republic,KGZ,0.994889974594116
"School enrollment, primary and secondary (gross), gender parity index (GPI)",SE.ENR.PRSC.FM.ZS,Lao PDR,LAO,0.938601553440094
"School enrollment, primary and secondary (gross), gender parity index (GPI)",SE.ENR.PRSC.FM.ZS,Latvia,LVA,0.993120014667511
"School enrollment, primary and secondary (gross), gender parity index (GPI)",SE.ENR.PRSC.FM.ZS,Lebanon,LBN,..
"School enrollment, primary and secondary (gross), gender parity index (GPI)",SE.ENR.PRSC.FM.ZS,Lesotho,LSO,1.04343998432159
"School enrollment, primary and secondary (gross), gender parity index (GPI)",SE.ENR.PRSC.FM.ZS,Liberia,LBR,..
"School enrollment, primary and secondary (gross), gender parity index (GPI)",SE.ENR.PRSC.FM.ZS,Libya,LBY,..
"School enrollment, primary and secondary (gross), gender parity index (GPI)",SE.ENR.PRSC.FM.ZS,Liechtenstein,LIE,0.847509980201721
"School enrollment, primary and secondary (gross), gender parity index (GPI)",SE.ENR.PRSC.FM.ZS,Lithuania,LTU,0.968819975852966
"School enrollment, primary and secondary (gross), gender parity index (GPI)",SE.ENR.PRSC.FM.ZS,Luxembourg,LUX,1.01610004901886
"School enrollment, primary and secondary (gross), gender parity index (GPI)",SE.ENR.PRSC.FM.ZS,"Macao SAR, China",MAC,0.991119980812073
"School enrollment, primary and secondary (gross), gender parity index (GPI)",SE.ENR.PRSC.FM.ZS,North Macedonia,MKD,..
"School enrollment, primary and secondary (gross), gender parity index (GPI)",SE.ENR.PRSC.FM.ZS,Madagascar,MDG,0.996739983558655
"School enrollment, primary and secondary (gross), gender parity index (GPI)",SE.ENR.PRSC.FM.ZS,Malawi,MWI,0.997420012950897
"School enrollment, primary and secondary (gross), gender parity index (GPI)",SE.ENR.PRSC.FM.ZS,Malaysia,MYS,1.03882002830505
"School enrollment, primary and secondary (gross), gender parity index (GPI)",SE.ENR.PRSC.FM.ZS,Maldives,MDV,..
"School enrollment, primary and secondary (gross), gender parity index (GPI)",SE.ENR.PRSC.FM.ZS,Mali,MLI,0.838020026683807
"School enrollment, primary and secondary (gross), gender parity index (GPI)",SE.ENR.PRSC.FM.ZS,Malta,MLT,1.03103995323181
"School enrollment, primary and secondary (gross), gender parity index (GPI)",SE.ENR.PRSC.FM.ZS,Marshall Islands,MHL,1.02567005157471
"School enrollment, primary and secondary (gross), gender parity index (GPI)",SE.ENR.PRSC.FM.ZS,Mauritania,MRT,1.03876996040344
"School enrollment, primary and secondary (gross), gender parity index (GPI)",SE.ENR.PRSC.FM.ZS,Mauritius,MUS,1.03422999382019
"School enrollment, primary and secondary (gross), gender parity index (GPI)",SE.ENR.PRSC.FM.ZS,Mexico,MEX,1.03638005256653
"School enrollment, primary and secondary (gross), gender parity index (GPI)",SE.ENR.PRSC.FM.ZS,"Micronesia, Fed. Sts.",FSM,..
"School enrollment, primary and secondary (gross), gender parity index (GPI)",SE.ENR.PRSC.FM.ZS,Moldova,MDA,0.998650014400482
"School enrollment, primary and secondary (gross), gender parity index (GPI)",SE.ENR.PRSC.FM.ZS,Monaco,MCO,..
"School enrollment, primary and secondary (gross), gender parity index (GPI)",SE.ENR.PRSC.FM.ZS,Mongolia,MNG,..
"School enrollment, primary and secondary (gross), gender parity index (GPI)",SE.ENR.PRSC.FM.ZS,Montenegro,MNE,1.00464999675751
"School enrollment, primary and secondary (gross), gender parity index (GPI)",SE.ENR.PRSC.FM.ZS,Morocco,MAR,..
"School enrollment, primary and secondary (gross), gender parity index (GPI)",SE.ENR.PRSC.FM.ZS,Mozambique,MOZ,0.917620539665222
"School enrollment, primary and secondary (gross), gender parity index (GPI)",SE.ENR.PRSC.FM.ZS,Myanmar,MMR,1.01693999767303
"School enrollment, primary and secondary (gross), gender parity index (GPI)",SE.ENR.PRSC.FM.ZS,Namibia,NAM,..
"School enrollment, primary and secondary (gross), gender parity index (GPI)",SE.ENR.PRSC.FM.ZS,Nauru,NRU,0.974319994449615
"School enrollment, primary and secondary (gross), gender parity index (GPI)",SE.ENR.PRSC.FM.ZS,Nepal,NPL,1.05691003799438
"School enrollment, primary and secondary (gross), gender parity index (GPI)",SE.ENR.PRSC.FM.ZS,Netherlands,NLD,1.00922000408173
"School enrollment, primary and secondary (gross), gender parity index (GPI)",SE.ENR.PRSC.FM.ZS,New Caledonia,NCL,..
"School enrollment, primary and secondary (gross), gender parity index (GPI)",SE.ENR.PRSC.FM.ZS,New Zealand,NZL,1.03779995441437
"School enrollment, primary and secondary (gross), gender parity index (GPI)",SE.ENR.PRSC.FM.ZS,Nicaragua,NIC,..
"School enrollment, primary and secondary (gross), gender parity index (GPI)",SE.ENR.PRSC.FM.ZS,Niger,NER,0.831380009651184
"School enrollment, primary and secondary (gross), gender parity index (GPI)",SE.ENR.PRSC.FM.ZS,Nigeria,NGA,0.930320024490356
"School enrollment, primary and secondary (gross), gender parity index (GPI)",SE.ENR.PRSC.FM.ZS,Northern Mariana Islands,MNP,..
"School enrollment, primary and secondary (gross), gender parity index (GPI)",SE.ENR.PRSC.FM.ZS,Norway,NOR,0.985369980335236
"School enrollment, primary and secondary (gross), gender parity index (GPI)",SE.ENR.PRSC.FM.ZS,Oman,OMN,0.985549986362457
"School enrollment, primary and secondary (gross), gender parity index (GPI)",SE.ENR.PRSC.FM.ZS,Pakistan,PAK,0.839510023593903
"School enrollment, primary and secondary (gross), gender parity index (GPI)",SE.ENR.PRSC.FM.ZS,Palau,PLW,..
"School enrollment, primary and secondary (gross), gender parity index (GPI)",SE.ENR.PRSC.FM.ZS,Panama,PAN,1.00378000736237
"School enrollment, primary and secondary (gross), gender parity index (GPI)",SE.ENR.PRSC.FM.ZS,Papua New Guinea,PNG,..
"School enrollment, primary and secondary (gross), gender parity index (GPI)",SE.ENR.PRSC.FM.ZS,Paraguay,PRY,..
"School enrollment, primary and secondary (gross), gender parity index (GPI)",SE.ENR.PRSC.FM.ZS,Peru,PER,0.982050001621246
"School enrollment, primary and secondary (gross), gender parity index (GPI)",SE.ENR.PRSC.FM.ZS,Philippines,PHL,1.00882005691528
"School enrollment, primary and secondary (gross), gender parity index (GPI)",SE.ENR.PRSC.FM.ZS,Poland,POL,..
"School enrollment, primary and secondary (gross), gender parity index (GPI)",SE.ENR.PRSC.FM.ZS,Portugal,PRT,0.969929993152618
"School enrollment, primary and secondary (gross), gender parity index (GPI)",SE.ENR.PRSC.FM.ZS,Puerto Rico (US),PRI,..
"School enrollment, primary and secondary (gross), gender parity index (GPI)",SE.ENR.PRSC.FM.ZS,Qatar,QAT,..
"School enrollment, primary and secondary (gross), gender parity index (GPI)",SE.ENR.PRSC.FM.ZS,Romania,ROU,0.993669986724854
"School enrollment, primary and secondary (gross), gender parity index (GPI)",SE.ENR.PRSC.FM.ZS,Russian Federation,RUS,0.991859972476959
"School enrollment, primary and secondary (gross), gender parity index (GPI)",SE.ENR.PRSC.FM.ZS,Rwanda,RWA,1.01540005207062
"School enrollment, primary and secondary (gross), gender parity index (GPI)",SE.ENR.PRSC.FM.ZS,Samoa,WSM,1.05147004127502
"School enrollment, primary and secondary (gross), gender parity index (GPI)",SE.ENR.PRSC.FM.ZS,San Marino,SMR,..
"School enrollment, primary and secondary (gross), gender parity index (GPI)",SE.ENR.PRSC.FM.ZS,Sao Tome and Principe,STP,1.02455997467041
"School enrollment, primary and secondary (gross), gender parity index (GPI)",SE.ENR.PRSC.FM.ZS,Saudi Arabia,SAU,0.956160008907318
"School enrollment, primary and secondary (gross), gender parity index (GPI)",SE.ENR.PRSC.FM.ZS,Senegal,SEN,..
"School enrollment, primary and secondary (gross), gender parity index (GPI)",SE.ENR.PRSC.FM.ZS,Serbia,SRB,1.0081000328064
"School enrollment, primary and secondary (gross), gender parity index (GPI)",SE.ENR.PRSC.FM.ZS,Seychelles,SYC,1.06588995456696
"School enrollment, primary and secondary (gross), gender parity index (GPI)",SE.ENR.PRSC.FM.ZS,Sierra Leone,SLE,0.988659977912903
"School enrollment, primary and secondary (gross), gender parity index (GPI)",SE.ENR.PRSC.FM.ZS,Singapore,SGP,0.995970010757446
"School enrollment, primary and secondary (gross), gender parity index (GPI)",SE.ENR.PRSC.FM.ZS,Sint Maarten (Dutch part),SXM,..
"School enrollment, primary and secondary (gross), gender parity index (GPI)",SE.ENR.PRSC.FM.ZS,Slovak Republic,SVK,1.00346004962921
"School enrollment, primary and secondary (gross), gender parity index (GPI)",SE.ENR.PRSC.FM.ZS,Slovenia,SVN,1.01759004592896
"School enrollment, primary and secondary (gross), gender parity index (GPI)",SE.ENR.PRSC.FM.ZS,Solomon Islands,SLB,..
"School enrollment, primary and secondary (gross), gender parity index (GPI)",SE.ENR.PRSC.FM.ZS,"Somalia, Fed. Rep.",SOM,..
"School enrollment, primary and secondary (gross), gender parity index (GPI)",SE.ENR.PRSC.FM.ZS,South Africa,ZAF,1.01780998706818
"School enrollment, primary and secondary (gross), gender parity index (GPI)",SE.ENR.PRSC.FM.ZS,South Sudan,SSD,..
"School enrollment, primary and secondary (gross), gender parity index (GPI)",SE.ENR.PRSC.FM.ZS,Spain,ESP,1.0102299451828
"School enrollment, primary and secondary (gross), gender parity index (GPI)",SE.ENR.PRSC.FM.ZS,Sri Lanka,LKA,1.01145994663239
"School enrollment, primary and secondary (gross), gender parity index (GPI)",SE.ENR.PRSC.FM.ZS,St. Kitts and Nevis,KNA,0.997089982032776
"School enrollment, primary and secondary (gross), gender parity index (GPI)",SE.ENR.PRSC.FM.ZS,St. Lucia,LCA,0.985069990158081
"School enrollment, primary and secondary (gross), gender parity index (GPI)",SE.ENR.PRSC.FM.ZS,St. Martin (French part),MAF,..
"School enrollment, primary and secondary (gross), gender parity index (GPI)",SE.ENR.PRSC.FM.ZS,St. Vincent and the Grenadines,VCT,1.00497996807098
"School enrollment, primary and secondary (gross), gender parity index (GPI)",SE.ENR.PRSC.FM.ZS,Sudan,SDN,0.946269989013672
"School enrollment, primary and secondary (gross), gender parity index (GPI)",SE.ENR.PRSC.FM.ZS,Suriname,SUR,..
"School enrollment, primary and secondary (gross), gender parity index (GPI)",SE.ENR.PRSC.FM.ZS,Eswatini,SWZ,0.941690027713776
"School enrollment, primary and secondary (gross), gender parity index (GPI)",SE.ENR.PRSC.FM.ZS,Sweden,SWE,1.07133996486664
"School enrollment, primary and secondary (gross), gender parity index (GPI)",SE.ENR.PRSC.FM.ZS,Switzerland,CHE,0.97613000869751
"School enrollment, primary and secondary (gross), gender parity index (GPI)",SE.ENR.PRSC.FM.ZS,Syrian Arab Republic,SYR,..
"School enrollment, primary and secondary (gross), gender parity index (GPI)",SE.ENR.PRSC.FM.ZS,Tajikistan,TJK,..
"School enrollment, primary and secondary (gross), gender parity index (GPI)",SE.ENR.PRSC.FM.ZS,Tanzania,TZA,1.03751003742218
"School enrollment, primary and secondary (gross), gender parity index (GPI)",SE.ENR.PRSC.FM.ZS,Thailand,THA,0.999880015850067
"School enrollment, primary and secondary (gross), gender parity index (GPI)",SE.ENR.PRSC.FM.ZS,Timor-Leste,TLS,1.00263714790344
"School enrollment, primary and secondary (gross), gender parity index (GPI)",SE.ENR.PRSC.FM.ZS,Togo,TGO,..
"School enrollment, primary and secondary (gross), gender parity index (GPI)",SE.ENR.PRSC.FM.ZS,Tonga,TON,..
"School enrollment, primary and secondary (gross), gender parity index (GPI)",SE.ENR.PRSC.FM.ZS,Trinidad and Tobago,TTO,..
"School enrollment, primary and secondary (gross), gender parity index (GPI)",SE.ENR.PRSC.FM.ZS,Tunisia,TUN,1.06780004501343
"School enrollment, primary and secondary (gross), gender parity index (GPI)",SE.ENR.PRSC.FM.ZS,Turkiye,TUR,0.981840014457703
"School enrollment, primary and secondary (gross), gender parity index (GPI)",SE.ENR.PRSC.FM.ZS,Turkmenistan,TKM,..
"School enrollment, primary and secondary (gross), gender parity index (GPI)",SE.ENR.PRSC.FM.ZS,Turks and Caicos Islands,TCA,..
"School enrollment, primary and secondary (gross), gender parity index (GPI)",SE.ENR.PRSC.FM.ZS,Tuvalu,TUV,1.03702998161316
"School enrollment, primary and secondary (gross), gender parity index (GPI)",SE.ENR.PRSC.FM.ZS,Uganda,UGA,1.0017706155777
"School enrollment, primary and secondary (gross), gender parity index (GPI)",SE.ENR.PRSC.FM.ZS,Ukraine,UKR,..
"School enrollment, primary and secondary (gross), gender parity index (GPI)",SE.ENR.PRSC.FM.ZS,United Arab Emirates,ARE,0.960950016975403
"School enrollment, primary and secondary (gross), gender parity index (GPI)",SE.ENR.PRSC.FM.ZS,United Kingdom,GBR,..
"School enrollment, primary and secondary (gross), gender parity index (GPI)",SE.ENR.PRSC.FM.ZS,United States,USA,0.996259987354279
"School enrollment, primary and secondary (gross), gender parity index (GPI)",SE.ENR.PRSC.FM.ZS,Uruguay,URY,..
"School enrollment, primary and secondary (gross), gender parity index (GPI)",SE.ENR.PRSC.FM.ZS,Uzbekistan,UZB,0.98676997423172
"School enrollment, primary and secondary (gross), gender parity index (GPI)",SE.ENR.PRSC.FM.ZS,Vanuatu,VUT,..
"School enrollment, primary and secondary (gross), gender parity index (GPI)",SE.ENR.PRSC.FM.ZS,"Venezuela, RB",VEN,1.01838004589081
"School enrollment, primary and secondary (gross), gender parity index (GPI)",SE.ENR.PRSC.FM.ZS,Viet Nam,VNM,..
"School enrollment, primary and secondary (gross), gender parity index (GPI)",SE.ENR.PRSC.FM.ZS,Virgin Islands (U.S.),VIR,..
"School enrollment, primary and secondary (gross), gender parity index (GPI)",SE.ENR.PRSC.FM.ZS,West Bank and Gaza,PSE,1.060879945755
"School enrollment, primary and secondary (gross), gender parity index (GPI)",SE.ENR.PRSC.FM.ZS,"Yemen, Rep.",YEM,0.820739984512329
"School enrollment, primary and secondary (gross), gender parity index (GPI)",SE.ENR.PRSC.FM.ZS,Zambia,ZMB,..
"School enrollment, primary and secondary (gross), gender parity index (GPI)",SE.ENR.PRSC.FM.ZS,Zimbabwe,ZWE,..
"Prevalence of HIV, total (% of population ages 15-49)",SH.DYN.AIDS.ZS,Afghanistan,AFG,0.1
"Prevalence of HIV, total (% of population ages 15-49)",SH.DYN.AIDS.ZS,Albania,ALB,0.1
"Prevalence of HIV, total (% of population ages 15-49)",SH.DYN.AIDS.ZS,Algeria,DZA,0.1
"Prevalence of HIV, total (% of population ages 15-49)",SH.DYN.AIDS.ZS,American Samoa,ASM,..
"Prevalence of HIV, total (% of population ages 15-49)",SH.DYN.AIDS.ZS,Andorra,AND,..
"Prevalence of HIV, total (% of population ages 15-49)",SH.DYN.AIDS.ZS,Angola,AGO,1.8
"Prevalence of HIV, total (% of population ages 15-49)",SH.DYN.AIDS.ZS,Antigua and Barbuda,ATG,0.9
"Prevalence of HIV, total (% of population ages 15-49)",SH.DYN.AIDS.ZS,Argentina,ARG,0.4
"Prevalence of HIV, total (% of population ages 15-49)",SH.DYN.AIDS.ZS,Armenia,ARM,0.2
"Prevalence of HIV, total (% of population ages 15-49)",SH.DYN.AIDS.ZS,Aruba,ABW,..
"Prevalence of HIV, total (% of population ages 15-49)",SH.DYN.AIDS.ZS,Australia,AUS,0.1
"Prevalence of HIV, total (% of population ages 15-49)",SH.DYN.AIDS.ZS,Austria,AUT,..
"Prevalence of HIV, total (% of population ages 15-49)",SH.DYN.AIDS.ZS,Azerbaijan,AZE,0.1
"Prevalence of HIV, total (% of population ages 15-49)",SH.DYN.AIDS.ZS,"Bahamas, The",BHS,1.5
"Prevalence of HIV, total (% of population ages 15-49)",SH.DYN.AIDS.ZS,Bahrain,BHR,0.1
"Prevalence of HIV, total (% of population ages 15-49)",SH.DYN.AIDS.ZS,Bangladesh,BGD,0.1
"Prevalence of HIV, total (% of population ages 15-49)",SH.DYN.AIDS.ZS,Barbados,BRB,1.2
"Prevalence of HIV, total (% of population ages 15-49)",SH.DYN.AIDS.ZS,Belarus,BLR,..
"Prevalence of HIV, total (% of population ages 15-49)",SH.DYN.AIDS.ZS,Belgium,BEL,0.2
"Prevalence of HIV, total (% of population ages 15-49)",SH.DYN.AIDS.ZS,Belize,BLZ,1.3
"Prevalence of HIV, total (% of population ages 15-49)",SH.DYN.AIDS.ZS,Benin,BEN,1
"Prevalence of HIV, total (% of population ages 15-49)",SH.DYN.AIDS.ZS,Bermuda,BMU,..
"Prevalence of HIV, total (% of population ages 15-49)",SH.DYN.AIDS.ZS,Bhutan,BTN,0.1
"Prevalence of HIV, total (% of population ages 15-49)",SH.DYN.AIDS.ZS,Bolivia,BOL,0.3
"Prevalence of HIV, total (% of population ages 15-49)",SH.DYN.AIDS.ZS,Bosnia and Herzegovina,BIH,..
"Prevalence of HIV, total (% of population ages 15-49)",SH.DYN.AIDS.ZS,Botswana,BWA,21.4
"Prevalence of HIV, total (% of population ages 15-49)",SH.DYN.AIDS.ZS,Brazil,BRA,0.6
"Prevalence of HIV, total (% of population ages 15-49)",SH.DYN.AIDS.ZS,British Virgin Islands,VGB,..
"Prevalence of HIV, total (% of population ages 15-49)",SH.DYN.AIDS.ZS,Brunei Darussalam,BRN,..
"Prevalence of HIV, total (% of population ages 15-49)",SH.DYN.AIDS.ZS,Bulgaria,BGR,0.1
"Prevalence of HIV, total (% of population ages 15-49)",SH.DYN.AIDS.ZS,Burkina Faso,BFA,0.8
"Prevalence of HIV, total (% of population ages 15-49)",SH.DYN.AIDS.ZS,Burundi,BDI,1.2
"Prevalence of HIV, total (% of population ages 15-49)",SH.DYN.AIDS.ZS,Cabo Verde,CPV,0.8
"Prevalence of HIV, total (% of population ages 15-49)",SH.DYN.AIDS.ZS,Cambodia,KHM,0.7
"Prevalence of HIV, total (% of population ages 15-49)",SH.DYN.AIDS.ZS,Cameroon,CMR,3.7
"Prevalence of HIV, total (% of population ages 15-49)",SH.DYN.AIDS.ZS,Canada,CAN,0.2
"Prevalence of HIV, total (% of population ages 15-49)",SH.DYN.AIDS.ZS,Cayman Islands,CYM,..
"Prevalence of HIV, total (% of population ages 15-49)",SH.DYN.AIDS.ZS,Central African Republic,CAF,3.6
"Prevalence of HIV, total (% of population ages 15-49)",SH.DYN.AIDS.ZS,Chad,TCD,1.4
"Prevalence of HIV, total (% of population ages 15-49)",SH.DYN.AIDS.ZS,Channel Islands,CHI,..
"Prevalence of HIV, total (% of population ages 15-49)",SH.DYN.AIDS.ZS,Chile,CHL,0.4
"Prevalence of HIV, total (% of population ages 15-49)",SH.DYN.AIDS.ZS,China,CHN,..
"Prevalence of HIV, total (% of population ages 15-49)",SH.DYN.AIDS.ZS,Colombia,COL,0.5
"Prevalence of HIV, total (% of population ages 15-49)",SH.DYN.AIDS.ZS,Comoros,COM,0.1
"Prevalence of HIV, total (% of population ages 15-49)",SH.DYN.AIDS.ZS,"Congo, Dem. Rep.",COD,1
"Prevalence of HIV, total (% of population ages 15-49)",SH.DYN.AIDS.ZS,"Congo, Rep.",COG,3.2
"Prevalence of HIV, total (% of population ages 15-49)",SH.DYN.AIDS.ZS,Costa Rica,CRI,0.5
"Prevalence of HIV, total (% of population ages 15-49)",SH.DYN.AIDS.ZS,Cote d'Ivoire,CIV,2.6
"Prevalence of HIV, total (% of population ages 15-49)",SH.DYN.AIDS.ZS,Croatia,HRV,0.1
"Prevalence of HIV, total (% of population ages 15-49)",SH.DYN.AIDS.ZS,Cuba,CUB,0.5
"Prevalence of HIV, total (% of population ages 15-49)",SH.DYN.AIDS.ZS,Curacao,CUW,..
"Prevalence of HIV, total (% of population ages 15-49)",SH.DYN.AIDS.ZS,Cyprus,CYP,..
"Prevalence of HIV, total (% of population ages 15-49)",SH.DYN.AIDS.ZS,Czechia,CZE,..
"Prevalence of HIV, total (% of population ages 15-49)",SH.DYN.AIDS.ZS,Denmark,DNK,0.1
"Prevalence of HIV, total (% of population ages 15-49)",SH.DYN.AIDS.ZS,Djibouti,DJI,1.6
"Prevalence of HIV, total (% of population ages 15-49)",SH.DYN.AIDS.ZS,Dominica,DMA,0.4
"Prevalence of HIV, total (% of population ages 15-49)",SH.DYN.AIDS.ZS,Dominican Republic,DOM,1.1
"Prevalence of HIV, total (% of population ages 15-49)",SH.DYN.AIDS.ZS,Ecuador,ECU,0.4
"Prevalence of HIV, total (% of population ages 15-49)",SH.DYN.AIDS.ZS,"Egypt, Arab Rep.",EGY,0.1
"Prevalence of HIV, total (% of population ages 15-49)",SH.DYN.AIDS.ZS,El Salvador,SLV,0.5
"Prevalence of HIV, total (% of population ages 15-49)",SH.DYN.AIDS.ZS,Equatorial Guinea,GNQ,..
"Prevalence of HIV, total (% of population ages 15-49)",SH.DYN.AIDS.ZS,Eritrea,ERI,0.7
"Prevalence of HIV, total (% of population ages 15-49)",SH.DYN.AIDS.ZS,Estonia,EST,0.8
"Prevalence of HIV, total (% of population ages 15-49)",SH.DYN.AIDS.ZS,Ethiopia,ETH,1.1
"Prevalence of HIV, total (% of population ages 15-49)",SH.DYN.AIDS.ZS,Faroe Islands,FRO,..
"Prevalence of HIV, total (% of population ages 15-49)",SH.DYN.AIDS.ZS,Fiji,FJI,0.2
"Prevalence of HIV, total (% of population ages 15-49)",SH.DYN.AIDS.ZS,Finland,FIN,..
"Prevalence of HIV, total (% of population ages 15-49)",SH.DYN.AIDS.ZS,France,FRA,0.3
"Prevalence of HIV, total (% of population ages 15-49)",SH.DYN.AIDS.ZS,French Polynesia,PYF,..
"Prevalence of HIV, total (% of population ages 15-49)",SH.DYN.AIDS.ZS,Gabon,GAB,3.8
"Prevalence of HIV, total (% of population ages 15-49)",SH.DYN.AIDS.ZS,"Gambia, The",GMB,1.8
"Prevalence of HIV, total (% of population ages 15-49)",SH.DYN.AIDS.ZS,Georgia,GEO,0.2
"Prevalence of HIV, total (% of population ages 15-49)",SH.DYN.AIDS.ZS,Germany,DEU,0.1
"Prevalence of HIV, total (% of population ages 15-49)",SH.DYN.AIDS.ZS,Ghana,GHA,1.8
"Prevalence of HIV, total (% of population ages 15-49)",SH.DYN.AIDS.ZS,Gibraltar,GIB,..
"Prevalence of HIV, total (% of population ages 15-49)",SH.DYN.AIDS.ZS,Greece,GRC,0.2
"Prevalence of HIV, total (% of population ages 15-49)",SH.DYN.AIDS.ZS,Greenland,GRL,..
"Prevalence of HIV, total (% of population ages 15-49)",SH.DYN.AIDS.ZS,Grenada,GRD,..
"Prevalence of HIV, total (% of population ages 15-49)",SH.DYN.AIDS.ZS,Guam,GUM,..
"Prevalence of HIV, total (% of population ages 15-49)",SH.DYN.AIDS.ZS,Guatemala,GTM,0.3
"Prevalence of HIV, total (% of population ages 15-49)",SH.DYN.AIDS.ZS,Guinea,GIN,1.6
"Prevalence of HIV, total (% of population ages 15-49)",SH.DYN.AIDS.ZS,Guinea-Bissau,GNB,3.2
"Prevalence of HIV, total (% of population ages 15-49)",SH.DYN.AIDS.ZS,Guyana,GUY,1.5
"Prevalence of HIV, total (% of population ages 15-49)",SH.DYN.AIDS.ZS,Haiti,HTI,1.7
"Prevalence of HIV, total (% of population ages 15-49)",SH.DYN.AIDS.ZS,Honduras,HND,0.3
"Prevalence of HIV, total (% of population ages 15-49)",SH.DYN.AIDS.ZS,"Hong Kong SAR, China",HKG,..
"Prevalence of HIV, total (% of population ages 15-49)",SH.DYN.AIDS.ZS,Hungary,HUN,..
"Prevalence of HIV, total (% of population ages 15-49)",SH.DYN.AIDS.ZS,Iceland,ISL,0.1
"Prevalence of HIV, total (% of population ages 15-49)",SH.DYN.AIDS.ZS,India,IND,..
"Prevalence of HIV, total (% of population ages 15-49)",SH.DYN.AIDS.ZS,Indonesia,IDN,0.4
"Prevalence of HIV, total (% of population ages 15-49)",SH.DYN.AIDS.ZS,"Iran, Islamic Rep.",IRN,..
"Prevalence of HIV, total (% of population ages 15-49)",SH.DYN.AIDS.ZS,Iraq,IRQ,0.1
"Prevalence of HIV, total (% of population ages 15-49)",SH.DYN.AIDS.ZS,Ireland,IRL,0.2
"Prevalence of HIV, total (% of population ages 15-49)",SH.DYN.AIDS.ZS,Isle of Man,IMN,..
"Prevalence of HIV, total (% of population ages 15-49)",SH.DYN.AIDS.ZS,Israel,ISR,..
"Prevalence of HIV, total (% of population ages 15-49)",SH.DYN.AIDS.ZS,Italy,ITA,0.3
"Prevalence of HIV, total (% of population ages 15-49)",SH.DYN.AIDS.ZS,Jamaica,JAM,1.3
"Prevalence of HIV, total (% of population ages 15-49)",SH.DYN.AIDS.ZS,Japan,JPN,..
"Prevalence of HIV, total (% of population ages 15-49)",SH.DYN.AIDS.ZS,Jordan,JOR,0.1
"Prevalence of HIV, total (% of population ages 15-49)",SH.DYN.AIDS.ZS,Kazakhstan,KAZ,0.3
"Prevalence of HIV, total (% of population ages 15-49)",SH.DYN.AIDS.ZS,Kenya,KEN,4.5
"Prevalence of HIV, total (% of population ages 15-49)",SH.DYN.AIDS.ZS,Kiribati,KIR,..
"Prevalence of HIV, total (% of population ages 15-49)",SH.DYN.AIDS.ZS,"Korea, Dem. People's Rep.",PRK,..
"Prevalence of HIV, total (% of population ages 15-49)",SH.DYN.AIDS.ZS,"Korea, Rep.",KOR,..
"Prevalence of HIV, total (% of population ages 15-49)",SH.DYN.AIDS.ZS,Kosovo,XKX,..
"Prevalence of HIV, total (% of population ages 15-49)",SH.DYN.AIDS.ZS,Kuwait,KWT,0.1
"Prevalence of HIV, total (% of population ages 15-49)",SH.DYN.AIDS.ZS,Kyrgyz Republic,KGZ,0.2
"Prevalence of HIV, total (% of population ages 15-49)",SH.DYN.AIDS.ZS,Lao PDR,LAO,0.3
"Prevalence of HIV, total (% of population ages 15-49)",SH.DYN.AIDS.ZS,Latvia,LVA,0.6
"Prevalence of HIV, total (% of population ages 15-49)",SH.DYN.AIDS.ZS,Lebanon,LBN,0.1
"Prevalence of HIV, total (% of population ages 15-49)",SH.DYN.AIDS.ZS,Lesotho,LSO,23.8
"Prevalence of HIV, total (% of population ages 15-49)",SH.DYN.AIDS.ZS,Liberia,LBR,1.3
"Prevalence of HIV, total (% of population ages 15-49)",SH.DYN.AIDS.ZS,Libya,LBY,0.1
"Prevalence of HIV, total (% of population ages 15-49)",SH.DYN.AIDS.ZS,Liechtenstein,LIE,..
"Prevalence of HIV, total (% of population ages 15-49)",SH.DYN.AIDS.ZS,Lithuania,LTU,0.2
"Prevalence of HIV, total (% of population ages 15-49)",SH.DYN.AIDS.ZS,Luxembourg,LUX,0.2
"Prevalence of HIV, total (% of population ages 15-49)",SH.DYN.AIDS.ZS,"Macao SAR, China",MAC,..
"Prevalence of HIV, total (% of population ages 15-49)",SH.DYN.AIDS.ZS,North Macedonia,MKD,0.1
"Prevalence of HIV, total (% of population ages 15-49)",SH.DYN.AIDS.ZS,Madagascar,MDG,0.3
"Prevalence of HIV, total (% of population ages 15-49)",SH.DYN.AIDS.ZS,Malawi,MWI,9.4
"Prevalence of HIV, total (% of population ages 15-49)",SH.DYN.AIDS.ZS,Malaysia,MYS,0.4
"Prevalence of HIV, total (% of population ages 15-49)",SH.DYN.AIDS.ZS,Maldives,MDV,0.1
"Prevalence of HIV, total (% of population ages 15-49)",SH.DYN.AIDS.ZS,Mali,MLI,1.1
"Prevalence of HIV, total (% of population ages 15-49)",SH.DYN.AIDS.ZS,Malta,MLT,0.2
"Prevalence of HIV, total (% of population ages 15-49)",SH.DYN.AIDS.ZS,Marshall Islands,MHL,..
"Prevalence of HIV, total (% of population ages 15-49)",SH.DYN.AIDS.ZS,Mauritania,MRT,0.3
"Prevalence of HIV, total (% of population ages 15-49)",SH.DYN.AIDS.ZS,Mauritius,MUS,..
"Prevalence of HIV, total (% of population ages 15-49)",SH.DYN.AIDS.ZS,Mexico,MEX,0.4
"Prevalence of HIV, total (% of population ages 15-49)",SH.DYN.AIDS.ZS,"Micronesia, Fed. Sts.",FSM,..
"Prevalence of HIV, total (% of population ages 15-49)",SH.DYN.AIDS.ZS,Moldova,MDA,0.9
"Prevalence of HIV, total (% of population ages 15-49)",SH.DYN.AIDS.ZS,Monaco,MCO,..
"Prevalence of HIV, total (% of population ages 15-49)",SH.DYN.AIDS.ZS,Mongolia,MNG,0.1
"Prevalence of HIV, total (% of population ages 15-49)",SH.DYN.AIDS.ZS,Montenegro,MNE,0.1
"Prevalence of HIV, total (% of population ages 15-49)",SH.DYN.AIDS.ZS,Morocco,MAR,0.1
"Prevalence of HIV, total (% of population ages 15-49)",SH.DYN.AIDS.ZS,Mozambique,MOZ,12.9
"Prevalence of HIV, total (% of population ages 15-49)",SH.DYN.AIDS.ZS,Myanmar,MMR,0.9
"Prevalence of HIV, total (% of population ages 15-49)",SH.DYN.AIDS.ZS,Namibia,NAM,12.1
"Prevalence of HIV, total (% of population ages 15-49)",SH.DYN.AIDS.ZS,Nauru,NRU,..
"Prevalence of HIV, total (% of population ages 15-49)",SH.DYN.AIDS.ZS,Nepal,NPL,0.2
"Prevalence of HIV, total (% of population ages 15-49)",SH.DYN.AIDS.ZS,Netherlands,NLD,0.2
"Prevalence of HIV, total (% of population ages 15-49)",SH.DYN.AIDS.ZS,New Caledonia,NCL,..
"Prevalence of HIV, total (% of population ages 15-49)",SH.DYN.AIDS.ZS,New Zealand,NZL,0.1
"Prevalence of HIV, total (% of population ages 15-49)",SH.DYN.AIDS.ZS,Nicaragua,NIC,..
"Prevalence of HIV, total (% of population ages 15-49)",SH.DYN.AIDS.ZS,Niger,NER,0.2
"Prevalence of HIV, total (% of population ages 15-49)",SH.DYN.AIDS.ZS,Nigeria,NGA,1.7
"Prevalence of HIV, total (% of population ages 15-49)",SH.DYN.AIDS.ZS,Northern Mariana Islands,MNP,..
"Prevalence of HIV, total (% of population ages 15-49)",SH.DYN.AIDS.ZS,Norway,NOR,0.1
"Prevalence of HIV, total (% of population ages 15-49)",SH.DYN.AIDS.ZS,Oman,OMN,0.1
"Prevalence of HIV, total (% of population ages 15-49)",SH.DYN.AIDS.ZS,Pakistan,PAK,0.1
"Prevalence of HIV, total (% of population ages 15-49)",SH.DYN.AIDS.ZS,Palau,PLW,..
"Prevalence of HIV, total (% of population ages 15-49)",SH.DYN.AIDS.ZS,Panama,PAN,1
"Prevalence of HIV, total (% of population ages 15-49)",SH.DYN.AIDS.ZS,Papua New Guinea,PNG,1.2
"Prevalence of HIV, total (% of population ages 15-49)",SH.DYN.AIDS.ZS,Paraguay,PRY,0.4
"Prevalence of HIV, total (% of population ages 15-49)",SH.DYN.AIDS.ZS,Peru,PER,0.4
"Prevalence of HIV, total (% of population ages 15-49)",SH.DYN.AIDS.ZS,Philippines,PHL,0.1
"Prevalence of HIV, total (% of population ages 15-49)",SH.DYN.AIDS.ZS,Poland,POL,..
"Prevalence of HIV, total (% of population ages 15-49)",SH.DYN.AIDS.ZS,Portugal,PRT,0.6
"Prevalence of HIV, total (% of population ages 15-49)",SH.DYN.AIDS.ZS,Puerto Rico (US),PRI,..
"Prevalence of HIV, total (% of population ages 15-49)",SH.DYN.AIDS.ZS,Qatar,QAT,0.1
"Prevalence of HIV, total (% of population ages 15-49)",SH.DYN.AIDS.ZS,Romania,ROU,0.1
"Prevalence of HIV, total (% of population ages 15-49)",SH.DYN.AIDS.ZS,Russian Federation,RUS,..
"Prevalence of HIV, total (% of population ages 15-49)",SH.DYN.AIDS.ZS,Rwanda,RWA,3.1
"Prevalence of HIV, total (% of population ages 15-49)",SH.DYN.AIDS.ZS,Samoa,WSM,..
"Prevalence of HIV, total (% of population ages 15-49)",SH.DYN.AIDS.ZS,San Marino,SMR,..
"Prevalence of HIV, total (% of population ages 15-49)",SH.DYN.AIDS.ZS,Sao Tome and Principe,STP,..
"Prevalence of HIV, total (% of population ages 15-49)",SH.DYN.AIDS.ZS,Saudi Arabia,SAU,0.1
"Prevalence of HIV, total (% of population ages 15-49)",SH.DYN.AIDS.ZS,Senegal,SEN,0.4
"Prevalence of HIV, total (% of population ages 15-49)",SH.DYN.AIDS.ZS,Serbia,SRB,0.1
"Prevalence of HIV, total (% of population ages 15-49)",SH.DYN.AIDS.ZS,Seychelles,SYC,..
"Prevalence of HIV, total (% of population ages 15-49)",SH.DYN.AIDS.ZS,Sierra Leone,SLE,1.6
"Prevalence of HIV, total (% of population ages 15-49)",SH.DYN.AIDS.ZS,Singapore,SGP,0.1
"Prevalence of HIV, total (% of population ages 15-49)",SH.DYN.AIDS.ZS,Sint Maarten (Dutch part),SXM,..
"Prevalence of HIV, total (% of population ages 15-49)",SH.DYN.AIDS.ZS,Slovak Republic,SVK,0.1
"Prevalence of HIV, total (% of population ages 15-49)",SH.DYN.AIDS.ZS,Slovenia,SVN,0.1
"Prevalence of HIV, total (% of population ages 15-49)",SH.DYN.AIDS.ZS,Solomon Islands,SLB,0.1
"Prevalence of HIV, total (% of population ages 15-49)",SH.DYN.AIDS.ZS,"Somalia, Fed. Rep.",SOM,0.1
"Prevalence of HIV, total (% of population ages 15-49)",SH.DYN.AIDS.ZS,South Africa,ZAF,18.6
"Prevalence of HIV, total (% of population ages 15-49)",SH.DYN.AIDS.ZS,South Sudan,SSD,1.9
"Prevalence of HIV, total (% of population ages 15-49)",SH.DYN.AIDS.ZS,Spain,ESP,0.4
"Prevalence of HIV, total (% of population ages 15-49)",SH.DYN.AIDS.ZS,Sri Lanka,LKA,0.1
"Prevalence of HIV, total (% of population ages 15-49)",SH.DYN.AIDS.ZS,St. Kitts and Nevis,KNA,0.6
"Prevalence of HIV, total (% of population ages 15-49)",SH.DYN.AIDS.ZS,St. Lucia,LCA,0.4
"Prevalence of HIV, total (% of population ages 15-49)",SH.DYN.AIDS.ZS,St. Martin (French part),MAF,..
"Prevalence of HIV, total (% of population ages 15-49)",SH.DYN.AIDS.ZS,St. Vincent and the Grenadines,VCT,1
"Prevalence of HIV, total (% of population ages 15-49)",SH.DYN.AIDS.ZS,Sudan,SDN,0.1
"Prevalence of HIV, total (% of population ages 15-49)",SH.DYN.AIDS.ZS,Suriname,SUR,1.6
"Prevalence of HIV, total (% of population ages 15-49)",SH.DYN.AIDS.ZS,Eswatini,SWZ,29
"Prevalence of HIV, total (% of population ages 15-49)",SH.DYN.AIDS.ZS,Sweden,SWE,0.1
"Prevalence of HIV, total (% of population ages 15-49)",SH.DYN.AIDS.ZS,Switzerland,CHE,0.2
"Prevalence of HIV, total (% of population ages 15-49)",SH.DYN.AIDS.ZS,Syrian Arab Republic,SYR,0.1
"Prevalence of HIV, total (% of population ages 15-49)",SH.DYN.AIDS.ZS,Tajikistan,TJK,0.2
"Prevalence of HIV, total (% of population ages 15-49)",SH.DYN.AIDS.ZS,Tanzania,TZA,4.4
"Prevalence of HIV, total (% of population ages 15-49)",SH.DYN.AIDS.ZS,Thailand,THA,1.4
"Prevalence of HIV, total (% of population ages 15-49)",SH.DYN.AIDS.ZS,Timor-Leste,TLS,0.2
"Prevalence of HIV, total (% of population ages 15-49)",SH.DYN.AIDS.ZS,Togo,TGO,2.2
"Prevalence of HIV, total (% of population ages 15-49)",SH.DYN.AIDS.ZS,Tonga,TON,..
"Prevalence of HIV, total (% of population ages 15-49)",SH.DYN.AIDS.ZS,Trinidad and Tobago,TTO,..
"Prevalence of HIV, total (% of population ages 15-49)",SH.DYN.AIDS.ZS,Tunisia,TUN,0.1
"Prevalence of HIV, total (% of population ages 15-49)",SH.DYN.AIDS.ZS,Turkiye,TUR,..
"Prevalence of HIV, total (% of population ages 15-49)",SH.DYN.AIDS.ZS,Turkmenistan,TKM,..
"Prevalence of HIV, total (% of population ages 15-49)",SH.DYN.AIDS.ZS,Turks and Caicos Islands,TCA,..
"Prevalence of HIV, total (% of population ages 15-49)",SH.DYN.AIDS.ZS,Tuvalu,TUV,0.3
"Prevalence of HIV, total (% of population ages 15-49)",SH.DYN.AIDS.ZS,Uganda,UGA,6.6
"Prevalence of HIV, total (% of population ages 15-49)",SH.DYN.AIDS.ZS,Ukraine,UKR,..
"Prevalence of HIV, total (% of population ages 15-49)",SH.DYN.AIDS.ZS,United Arab Emirates,ARE,0.1
"Prevalence of HIV, total (% of population ages 15-49)",SH.DYN.AIDS.ZS,United Kingdom,GBR,0.2
"Prevalence of HIV, total (% of population ages 15-49)",SH.DYN.AIDS.ZS,United States,USA,..
"Prevalence of HIV, total (% of population ages 15-49)",SH.DYN.AIDS.ZS,Uruguay,URY,..
"Prevalence of HIV, total (% of population ages 15-49)",SH.DYN.AIDS.ZS,Uzbekistan,UZB,..
"Prevalence of HIV, total (% of population ages 15-49)",SH.DYN.AIDS.ZS,Vanuatu,VUT,0.1
"Prevalence of HIV, total (% of population ages 15-49)",SH.DYN.AIDS.ZS,"Venezuela, RB",VEN,0.5
"Prevalence of HIV, total (% of population ages 15-49)",SH.DYN.AIDS.ZS,Viet Nam,VNM,0.4
"Prevalence of HIV, total (% of population ages 15-49)",SH.DYN.AIDS.ZS,Virgin Islands (U.S.),VIR,..
"Prevalence of HIV, total (% of population ages 15-49)",SH.DYN.AIDS.ZS,West Bank and Gaza,PSE,..
"Prevalence of HIV, total (% of population ages 15-49)",SH.DYN.AIDS.ZS,"Yemen, Rep.",YEM,0.1
"Prevalence of HIV, total (% of population ages 15-49)",SH.DYN.AIDS.ZS,Zambia,ZMB,11.8
"Prevalence of HIV, total (% of population ages 15-49)",SH.DYN.AIDS.ZS,Zimbabwe,ZWE,14.1
Forest area (sq. km),AG.LND.FRST.K2,Afghanistan,AFG,12084.4
Forest area (sq. km),AG.LND.FRST.K2,Albania,ALB,7891.8
Forest area (sq. km),AG.LND.FRST.K2,Algeria,DZA,19560
Forest area (sq. km),AG.LND.FRST.K2,American Samoa,ASM,172.5
Forest area (sq. km),AG.LND.FRST.K2,Andorra,AND,160
Forest area (sq. km),AG.LND.FRST.K2,Angola,AGO,688276.2
Forest area (sq. km),AG.LND.FRST.K2,Antigua and Barbuda,ATG,83.8
Forest area (sq. km),AG.LND.FRST.K2,Argentina,ARG,290100
Forest area (sq. km),AG.LND.FRST.K2,Armenia,ARM,3293.1
Forest area (sq. km),AG.LND.FRST.K2,Aruba,ABW,4.2
Forest area (sq. km),AG.LND.FRST.K2,Australia,AUS,1340372
Forest area (sq. km),AG.LND.FRST.K2,Austria,AUT,38847.9
Forest area (sq. km),AG.LND.FRST.K2,Azerbaijan,AZE,10874.752
Forest area (sq. km),AG.LND.FRST.K2,"Bahamas, The",BHS,5098.6
Forest area (sq. km),AG.LND.FRST.K2,Bahrain,BHR,6.2
Forest area (sq. km),AG.LND.FRST.K2,Bangladesh,BGD,18834
Forest area (sq. km),AG.LND.FRST.K2,Barbados,BRB,63
Forest area (sq. km),AG.LND.FRST.K2,Belarus,BLR,87096
Forest area (sq. km),AG.LND.FRST.K2,Belgium,BEL,6893
Forest area (sq. km),AG.LND.FRST.K2,Belize,BLZ,13216.8
Forest area (sq. km),AG.LND.FRST.K2,Benin,BEN,33351.5
Forest area (sq. km),AG.LND.FRST.K2,Bermuda,BMU,10
Forest area (sq. km),AG.LND.FRST.K2,Bhutan,BTN,27171.6
Forest area (sq. km),AG.LND.FRST.K2,Bolivia,BOL,517506.8
Forest area (sq. km),AG.LND.FRST.K2,Bosnia and Herzegovina,BIH,21765.1
Forest area (sq. km),AG.LND.FRST.K2,Botswana,BWA,157279
Forest area (sq. km),AG.LND.FRST.K2,Brazil,BRA,5020820
Forest area (sq. km),AG.LND.FRST.K2,British Virgin Islands,VGB,36.2
Forest area (sq. km),AG.LND.FRST.K2,Brunei Darussalam,BRN,3800
Forest area (sq. km),AG.LND.FRST.K2,Bulgaria,BGR,38410
Forest area (sq. km),AG.LND.FRST.K2,Burkina Faso,BFA,64164
Forest area (sq. km),AG.LND.FRST.K2,Burundi,BDI,2796.4
Forest area (sq. km),AG.LND.FRST.K2,Cabo Verde,CPV,445.2
Forest area (sq. km),AG.LND.FRST.K2,Cambodia,KHM,86911.3
Forest area (sq. km),AG.LND.FRST.K2,Cameroon,CMR,205644.8
Forest area (sq. km),AG.LND.FRST.K2,Canada,CAN,3470760.4
Forest area (sq. km),AG.LND.FRST.K2,Cayman Islands,CYM,127.2
Forest area (sq. km),AG.LND.FRST.K2,Central African Republic,CAF,224230
Forest area (sq. km),AG.LND.FRST.K2,Chad,TCD,47690
Forest area (sq. km),AG.LND.FRST.K2,Channel Islands,CHI,10.2
Forest area (sq. km),AG.LND.FRST.K2,Chile,CHL,177190.1
Forest area (sq. km),AG.LND.FRST.K2,China,CHN,2124600
Forest area (sq. km),AG.LND.FRST.K2,Colombia,COL,599594.9
Forest area (sq. km),AG.LND.FRST.K2,Comoros,COM,346.7
Forest area (sq. km),AG.LND.FRST.K2,"Congo, Dem. Rep.",COD,1305607.4
Forest area (sq. km),AG.LND.FRST.K2,"Congo, Rep.",COG,220030
Forest area (sq. km),AG.LND.FRST.K2,Costa Rica,CRI,29694
Forest area (sq. km),AG.LND.FRST.K2,Cote d'Ivoire,CIV,32882.6
Forest area (sq. km),AG.LND.FRST.K2,Croatia,HRV,19241.202
Forest area (sq. km),AG.LND.FRST.K2,Cuba,CUB,32410
Forest area (sq. km),AG.LND.FRST.K2,Curacao,CUW,0.7
Forest area (sq. km),AG.LND.FRST.K2,Cyprus,CYP,1726.1
Forest area (sq. km),AG.LND.FRST.K2,Czechia,CZE,26698.5
Forest area (sq. km),AG.LND.FRST.K2,Denmark,DNK,6246.6
Forest area (sq. km),AG.LND.FRST.K2,Djibouti,DJI,56
Forest area (sq. km),AG.LND.FRST.K2,Dominica,DMA,478.7
Forest area (sq. km),AG.LND.FRST.K2,Dominican Republic,DOM,21117.4
Forest area (sq. km),AG.LND.FRST.K2,Ecuador,ECU,127549.1
Forest area (sq. km),AG.LND.FRST.K2,"Egypt, Arab Rep.",EGY,449.8
Forest area (sq. km),AG.LND.FRST.K2,El Salvador,SLV,6018.8
Forest area (sq. km),AG.LND.FRST.K2,Equatorial Guinea,GNQ,24818.6
Forest area (sq. km),AG.LND.FRST.K2,Eritrea,ERI,10679
Forest area (sq. km),AG.LND.FRST.K2,Estonia,EST,24212.5
Forest area (sq. km),AG.LND.FRST.K2,Ethiopia,ETH,173605
Forest area (sq. km),AG.LND.FRST.K2,Faroe Islands,FRO,0.8
Forest area (sq. km),AG.LND.FRST.K2,Fiji,FJI,11133
Forest area (sq. km),AG.LND.FRST.K2,Finland,FIN,224090
Forest area (sq. km),AG.LND.FRST.K2,France,FRA,169194
Forest area (sq. km),AG.LND.FRST.K2,French Polynesia,PYF,1494.6
Forest area (sq. km),AG.LND.FRST.K2,Gabon,GAB,235781.2
Forest area (sq. km),AG.LND.FRST.K2,"Gambia, The",GMB,2656
Forest area (sq. km),AG.LND.FRST.K2,Georgia,GEO,28224
Forest area (sq. km),AG.LND.FRST.K2,Germany,DEU,114190
Forest area (sq. km),AG.LND.FRST.K2,Ghana,GHA,79222.4
Forest area (sq. km),AG.LND.FRST.K2,Gibraltar,GIB,0
Forest area (sq. km),AG.LND.FRST.K2,Greece,GRC,39018
Forest area (sq. km),AG.LND.FRST.K2,Greenland,GRL,2.2
Forest area (sq. km),AG.LND.FRST.K2,Grenada,GRD,177
Forest area (sq. km),AG.LND.FRST.K2,Guam,GUM,280
Forest area (sq. km),AG.LND.FRST.K2,Guatemala,GTM,35742
Forest area (sq. km),AG.LND.FRST.K2,Guinea,GIN,63490
Forest area (sq. km),AG.LND.FRST.K2,Guinea-Bissau,GNB,20137.7
Forest area (sq. km),AG.LND.FRST.K2,Guyana,GUY,184521.6
Forest area (sq. km),AG.LND.FRST.K2,Haiti,HTI,3597.4
Forest area (sq. km),AG.LND.FRST.K2,Honduras,HND,64430.5
Forest area (sq. km),AG.LND.FRST.K2,"Hong Kong SAR, China",HKG,..
Forest area (sq. km),AG.LND.FRST.K2,Hungary,HUN,20587.3
Forest area (sq. km),AG.LND.FRST.K2,Iceland,ISL,486.6
Forest area (sq. km),AG.LND.FRST.K2,India,IND,710940
Forest area (sq. km),AG.LND.FRST.K2,Indonesia,IDN,952718
Forest area (sq. km),AG.LND.FRST.K2,"Iran, Islamic Rep.",IRN,107020
Forest area (sq. km),AG.LND.FRST.K2,Iraq,IRQ,8250
Forest area (sq. km),AG.LND.FRST.K2,Ireland,IRL,7623.5
Forest area (sq. km),AG.LND.FRST.K2,Isle of Man,IMN,34.6
Forest area (sq. km),AG.LND.FRST.K2,Israel,ISR,1400
Forest area (sq. km),AG.LND.FRST.K2,Italy,ITA,93508.9
Forest area (sq. km),AG.LND.FRST.K2,Jamaica,JAM,5813.4
Forest area (sq. km),AG.LND.FRST.K2,Japan,JPN,249400
Forest area (sq. km),AG.LND.FRST.K2,Jordan,JOR,975
Forest area (sq. km),AG.LND.FRST.K2,Kazakhstan,KAZ,33377.1
Forest area (sq. km),AG.LND.FRST.K2,Kenya,KEN,35519.7
Forest area (sq. km),AG.LND.FRST.K2,Kiribati,KIR,11.8
Forest area (sq. km),AG.LND.FRST.K2,"Korea, Dem. People's Rep.",PRK,61150
Forest area (sq. km),AG.LND.FRST.K2,"Korea, Rep.",KOR,63250
Forest area (sq. km),AG.LND.FRST.K2,Kosovo,XKX,..
Forest area (sq. km),AG.LND.FRST.K2,Kuwait,KWT,62.5
Forest area (sq. km),AG.LND.FRST.K2,Kyrgyz Republic,KGZ,12562.4
Forest area (sq. km),AG.LND.FRST.K2,Lao PDR,LAO,167335
Forest area (sq. km),AG.LND.FRST.K2,Latvia,LVA,33953.1
Forest area (sq. km),AG.LND.FRST.K2,Lebanon,LBN,1409.3
Forest area (sq. km),AG.LND.FRST.K2,Lesotho,LSO,345.2
Forest area (sq. km),AG.LND.FRST.K2,Liberia,LBR,77384.8
Forest area (sq. km),AG.LND.FRST.K2,Libya,LBY,2170
Forest area (sq. km),AG.LND.FRST.K2,Liechtenstein,LIE,67
Forest area (sq. km),AG.LND.FRST.K2,Lithuania,LTU,21900
Forest area (sq. km),AG.LND.FRST.K2,Luxembourg,LUX,887
Forest area (sq. km),AG.LND.FRST.K2,"Macao SAR, China",MAC,..
Forest area (sq. km),AG.LND.FRST.K2,North Macedonia,MKD,10016.7
Forest area (sq. km),AG.LND.FRST.K2,Madagascar,MDG,124826.8
Forest area (sq. km),AG.LND.FRST.K2,Malawi,MWI,24097
Forest area (sq. km),AG.LND.FRST.K2,Malaysia,MYS,193146.4
Forest area (sq. km),AG.LND.FRST.K2,Maldives,MDV,8.2
Forest area (sq. km),AG.LND.FRST.K2,Mali,MLI,132960
Forest area (sq. km),AG.LND.FRST.K2,Malta,MLT,3.8
Forest area (sq. km),AG.LND.FRST.K2,Marshall Islands,MHL,94
Forest area (sq. km),AG.LND.FRST.K2,Mauritania,MRT,3346
Forest area (sq. km),AG.LND.FRST.K2,Mauritius,MUS,382.9
Forest area (sq. km),AG.LND.FRST.K2,Mexico,MEX,662031.5
Forest area (sq. km),AG.LND.FRST.K2,"Micronesia, Fed. Sts.",FSM,643
Forest area (sq. km),AG.LND.FRST.K2,Moldova,MDA,3865
Forest area (sq. km),AG.LND.FRST.K2,Monaco,MCO,0
Forest area (sq. km),AG.LND.FRST.K2,Mongolia,MNG,141772.2
Forest area (sq. km),AG.LND.FRST.K2,Montenegro,MNE,8270
Forest area (sq. km),AG.LND.FRST.K2,Morocco,MAR,56997.9
Forest area (sq. km),AG.LND.FRST.K2,Mozambique,MOZ,376282.9
Forest area (sq. km),AG.LND.FRST.K2,Myanmar,MMR,297027.3
Forest area (sq. km),AG.LND.FRST.K2,Namibia,NAM,69229.4
Forest area (sq. km),AG.LND.FRST.K2,Nauru,NRU,0
Forest area (sq. km),AG.LND.FRST.K2,Nepal,NPL,59620.3
Forest area (sq. km),AG.LND.FRST.K2,Netherlands,NLD,3657.6
Forest area (sq. km),AG.LND.FRST.K2,New Caledonia,NCL,8384.2
Forest area (sq. km),AG.LND.FRST.K2,New Zealand,NZL,98467.5
Forest area (sq. km),AG.LND.FRST.K2,Nicaragua,NIC,38075.3
Forest area (sq. km),AG.LND.FRST.K2,Niger,NER,11293.8
Forest area (sq. km),AG.LND.FRST.K2,Nigeria,NGA,222801.479
Forest area (sq. km),AG.LND.FRST.K2,Northern Mariana Islands,MNP,243.6
Forest area (sq. km),AG.LND.FRST.K2,Norway,NOR,121488
Forest area (sq. km),AG.LND.FRST.K2,Oman,OMN,28
Forest area (sq. km),AG.LND.FRST.K2,Pakistan,PAK,38682.4
Forest area (sq. km),AG.LND.FRST.K2,Palau,PLW,410.8
Forest area (sq. km),AG.LND.FRST.K2,Panama,PAN,42595
Forest area (sq. km),AG.LND.FRST.K2,Papua New Guinea,PNG,359898.8
Forest area (sq. km),AG.LND.FRST.K2,Paraguay,PRY,173331.3
Forest area (sq. km),AG.LND.FRST.K2,Peru,PER,730102.8
Forest area (sq. km),AG.LND.FRST.K2,Philippines,PHL,70490.4
Forest area (sq. km),AG.LND.FRST.K2,Poland,POL,94350
Forest area (sq. km),AG.LND.FRST.K2,Portugal,PRT,33120
Forest area (sq. km),AG.LND.FRST.K2,Puerto Rico (US),PRI,4943.7
Forest area (sq. km),AG.LND.FRST.K2,Qatar,QAT,0
Forest area (sq. km),AG.LND.FRST.K2,Romania,ROU,69290.5
Forest area (sq. km),AG.LND.FRST.K2,Russian Federation,RUS,8151210
Forest area (sq. km),AG.LND.FRST.K2,Rwanda,RWA,2720
Forest area (sq. km),AG.LND.FRST.K2,Samoa,WSM,1635.9
Forest area (sq. km),AG.LND.FRST.K2,San Marino,SMR,10
Forest area (sq. km),AG.LND.FRST.K2,Sao Tome and Principe,STP,543.8
Forest area (sq. km),AG.LND.FRST.K2,Saudi Arabia,SAU,9770
Forest area (sq. km),AG.LND.FRST.K2,Senegal,SEN,82281.6
Forest area (sq. km),AG.LND.FRST.K2,Serbia,SRB,27201.8
Forest area (sq. km),AG.LND.FRST.K2,Seychelles,SYC,337
Forest area (sq. km),AG.LND.FRST.K2,Sierra Leone,SLE,26138
Forest area (sq. km),AG.LND.FRST.K2,Singapore,SGP,162.855
Forest area (sq. km),AG.LND.FRST.K2,Sint Maarten (Dutch part),SXM,3.7
Forest area (sq. km),AG.LND.FRST.K2,Slovak Republic,SVK,19233.7
Forest area (sq. km),AG.LND.FRST.K2,Slovenia,SVN,12459.7
Forest area (sq. km),AG.LND.FRST.K2,Solomon Islands,SLB,25258.9
Forest area (sq. km),AG.LND.FRST.K2,"Somalia, Fed. Rep.",SOM,62870
Forest area (sq. km),AG.LND.FRST.K2,South Africa,ZAF,171956.9
Forest area (sq. km),AG.LND.FRST.K2,South Sudan,SSD,71570
Forest area (sq. km),AG.LND.FRST.K2,Spain,ESP,185552.4
Forest area (sq. km),AG.LND.FRST.K2,Sri Lanka,LKA,21256.6
Forest area (sq. km),AG.LND.FRST.K2,St. Kitts and Nevis,KNA,110
Forest area (sq. km),AG.LND.FRST.K2,St. Lucia,LCA,207.7
Forest area (sq. km),AG.LND.FRST.K2,St. Martin (French part),MAF,12.4
Forest area (sq. km),AG.LND.FRST.K2,St. Vincent and the Grenadines,VCT,285.4
Forest area (sq. km),AG.LND.FRST.K2,Sudan,SDN,190481.9
Forest area (sq. km),AG.LND.FRST.K2,Suriname,SUR,152403.2
Forest area (sq. km),AG.LND.FRST.K2,Eswatini,SWZ,4927.2
Forest area (sq. km),AG.LND.FRST.K2,Sweden,SWE,279800
Forest area (sq. km),AG.LND.FRST.K2,Switzerland,CHE,12553.5
Forest area (sq. km),AG.LND.FRST.K2,Syrian Arab Republic,SYR,5220.8
Forest area (sq. km),AG.LND.FRST.K2,Tajikistan,TJK,4218
Forest area (sq. km),AG.LND.FRST.K2,Tanzania,TZA,476210
Forest area (sq. km),AG.LND.FRST.K2,Thailand,THA,200170
Forest area (sq. km),AG.LND.FRST.K2,Timor-Leste,TLS,9267
Forest area (sq. km),AG.LND.FRST.K2,Togo,TGO,12211.1
Forest area (sq. km),AG.LND.FRST.K2,Tonga,TON,89.5
Forest area (sq. km),AG.LND.FRST.K2,Trinidad and Tobago,TTO,2298.7
Forest area (sq. km),AG.LND.FRST.K2,Tunisia,TUN,6966.1
Forest area (sq. km),AG.LND.FRST.K2,Turkiye,TUR,216303
Forest area (sq. km),AG.LND.FRST.K2,Turkmenistan,TKM,41270
Forest area (sq. km),AG.LND.FRST.K2,Turks and Caicos Islands,TCA,105.2
Forest area (sq. km),AG.LND.FRST.K2,Tuvalu,TUV,10
Forest area (sq. km),AG.LND.FRST.K2,Uganda,UGA,25029.1
Forest area (sq. km),AG.LND.FRST.K2,Ukraine,UKR,96640
Forest area (sq. km),AG.LND.FRST.K2,United Arab Emirates,ARE,3173
Forest area (sq. km),AG.LND.FRST.K2,United Kingdom,GBR,31590
Forest area (sq. km),AG.LND.FRST.K2,United States,USA,3100950
Forest area (sq. km),AG.LND.FRST.K2,Uruguay,URY,19470
Forest area (sq. km),AG.LND.FRST.K2,Uzbekistan,UZB,35863
Forest area (sq. km),AG.LND.FRST.K2,Vanuatu,VUT,4423
Forest area (sq. km),AG.LND.FRST.K2,"Venezuela, RB",VEN,465432.6
Forest area (sq. km),AG.LND.FRST.K2,Viet Nam,VNM,143776.8
Forest area (sq. km),AG.LND.FRST.K2,Virgin Islands (U.S.),VIR,193.1
Forest area (sq. km),AG.LND.FRST.K2,West Bank and Gaza,PSE,101.4
Forest area (sq. km),AG.LND.FRST.K2,"Yemen, Rep.",YEM,5490
Forest area (sq. km),AG.LND.FRST.K2,Zambia,ZMB,455668
Forest area (sq. km),AG.LND.FRST.K2,Zimbabwe,ZWE,176288.6
"Water productivity, total (constant 2015 US$ GDP per cubic meter of total freshwater withdrawal)",ER.GDP.FWTL.M3.KD,Afghanistan,AFG,0.964733023082698
"Water productivity, total (constant 2015 US$ GDP per cubic meter of total freshwater withdrawal)",ER.GDP.FWTL.M3.KD,Albania,ALB,10.9144079184752
"Water productivity, total (constant 2015 US$ GDP per cubic meter of total freshwater withdrawal)",ER.GDP.FWTL.M3.KD,Algeria,DZA,21.1057547105568
"Water productivity, total (constant 2015 US$ GDP per cubic meter of total freshwater withdrawal)",ER.GDP.FWTL.M3.KD,American Samoa,ASM,..
"Water productivity, total (constant 2015 US$ GDP per cubic meter of total freshwater withdrawal)",ER.GDP.FWTL.M3.KD,Andorra,AND,..
"Water productivity, total (constant 2015 US$ GDP per cubic meter of total freshwater withdrawal)",ER.GDP.FWTL.M3.KD,Angola,AGO,142.835896042283
"Water productivity, total (constant 2015 US$ GDP per cubic meter of total freshwater withdrawal)",ER.GDP.FWTL.M3.KD,Antigua and Barbuda,ATG,340.162467773313
"Water productivity, total (constant 2015 US$ GDP per cubic meter of total freshwater withdrawal)",ER.GDP.FWTL.M3.KD,Argentina,ARG,15.4517524655901
"Water productivity, total (constant 2015 US$ GDP per cubic meter of total freshwater withdrawal)",ER.GDP.FWTL.M3.KD,Armenia,ARM,3.32425155404982
"Water productivity, total (constant 2015 US$ GDP per cubic meter of total freshwater withdrawal)",ER.GDP.FWTL.M3.KD,Aruba,ABW,..
"Water productivity, total (constant 2015 US$ GDP per cubic meter of total freshwater withdrawal)",ER.GDP.FWTL.M3.KD,Australia,AUS,131.243013581346
"Water productivity, total (constant 2015 US$ GDP per cubic meter of total freshwater withdrawal)",ER.GDP.FWTL.M3.KD,Austria,AUT,119.011849066927
"Water productivity, total (constant 2015 US$ GDP per cubic meter of total freshwater withdrawal)",ER.GDP.FWTL.M3.KD,Azerbaijan,AZE,4.33155351453835
"Water productivity, total (constant 2015 US$ GDP per cubic meter of total freshwater withdrawal)",ER.GDP.FWTL.M3.KD,"Bahamas, The",BHS,..
"Water productivity, total (constant 2015 US$ GDP per cubic meter of total freshwater withdrawal)",ER.GDP.FWTL.M3.KD,Bahrain,BHR,217.69219534962
"Water productivity, total (constant 2015 US$ GDP per cubic meter of total freshwater withdrawal)",ER.GDP.FWTL.M3.KD,Bangladesh,BGD,5.82738557264051
"Water productivity, total (constant 2015 US$ GDP per cubic meter of total freshwater withdrawal)",ER.GDP.FWTL.M3.KD,Barbados,BRB,82.6203309924509
"Water productivity, total (constant 2015 US$ GDP per cubic meter of total freshwater withdrawal)",ER.GDP.FWTL.M3.KD,Belarus,BLR,37.9245143476214
"Water productivity, total (constant 2015 US$ GDP per cubic meter of total freshwater withdrawal)",ER.GDP.FWTL.M3.KD,Belgium,BEL,111.267079081109
"Water productivity, total (constant 2015 US$ GDP per cubic meter of total freshwater withdrawal)",ER.GDP.FWTL.M3.KD,Belize,BLZ,21.7097438729137
"Water productivity, total (constant 2015 US$ GDP per cubic meter of total freshwater withdrawal)",ER.GDP.FWTL.M3.KD,Benin,BEN,90.5268337178996
"Water productivity, total (constant 2015 US$ GDP per cubic meter of total freshwater withdrawal)",ER.GDP.FWTL.M3.KD,Bermuda,BMU,..
"Water productivity, total (constant 2015 US$ GDP per cubic meter of total freshwater withdrawal)",ER.GDP.FWTL.M3.KD,Bhutan,BTN,7.02353901269686
"Water productivity, total (constant 2015 US$ GDP per cubic meter of total freshwater withdrawal)",ER.GDP.FWTL.M3.KD,Bolivia,BOL,15.8603932996314
"Water productivity, total (constant 2015 US$ GDP per cubic meter of total freshwater withdrawal)",ER.GDP.FWTL.M3.KD,Bosnia and Herzegovina,BIH,40.3627733428205
"Water productivity, total (constant 2015 US$ GDP per cubic meter of total freshwater withdrawal)",ER.GDP.FWTL.M3.KD,Botswana,BWA,72.0594210847287
"Water productivity, total (constant 2015 US$ GDP per cubic meter of total freshwater withdrawal)",ER.GDP.FWTL.M3.KD,Brazil,BRA,26.2882375490646
"Water productivity, total (constant 2015 US$ GDP per cubic meter of total freshwater withdrawal)",ER.GDP.FWTL.M3.KD,British Virgin Islands,VGB,..
"Water productivity, total (constant 2015 US$ GDP per cubic meter of total freshwater withdrawal)",ER.GDP.FWTL.M3.KD,Brunei Darussalam,BRN,137.064073401597
"Water productivity, total (constant 2015 US$ GDP per cubic meter of total freshwater withdrawal)",ER.GDP.FWTL.M3.KD,Bulgaria,BGR,9.19360412408417
"Water productivity, total (constant 2015 US$ GDP per cubic meter of total freshwater withdrawal)",ER.GDP.FWTL.M3.KD,Burkina Faso,BFA,15.326548425005
"Water productivity, total (constant 2015 US$ GDP per cubic meter of total freshwater withdrawal)",ER.GDP.FWTL.M3.KD,Burundi,BDI,10.3551405779028
"Water productivity, total (constant 2015 US$ GDP per cubic meter of total freshwater withdrawal)",ER.GDP.FWTL.M3.KD,Cabo Verde,CPV,15.3394912440155
"Water productivity, total (constant 2015 US$ GDP per cubic meter of total freshwater withdrawal)",ER.GDP.FWTL.M3.KD,Cambodia,KHM,11.9438002235977
"Water productivity, total (constant 2015 US$ GDP per cubic meter of total freshwater withdrawal)",ER.GDP.FWTL.M3.KD,Cameroon,CMR,30.9364414860849
"Water productivity, total (constant 2015 US$ GDP per cubic meter of total freshwater withdrawal)",ER.GDP.FWTL.M3.KD,Canada,CAN,43.6957046225983
"Water productivity, total (constant 2015 US$ GDP per cubic meter of total freshwater withdrawal)",ER.GDP.FWTL.M3.KD,Cayman Islands,CYM,..
"Water productivity, total (constant 2015 US$ GDP per cubic meter of total freshwater withdrawal)",ER.GDP.FWTL.M3.KD,Central African Republic,CAF,24.5018318440265
"Water productivity, total (constant 2015 US$ GDP per cubic meter of total freshwater withdrawal)",ER.GDP.FWTL.M3.KD,Chad,TCD,15.8701449815592
"Water productivity, total (constant 2015 US$ GDP per cubic meter of total freshwater withdrawal)",ER.GDP.FWTL.M3.KD,Channel Islands,CHI,..
"Water productivity, total (constant 2015 US$ GDP per cubic meter of total freshwater withdrawal)",ER.GDP.FWTL.M3.KD,Chile,CHL,6.97524894016794
"Water productivity, total (constant 2015 US$ GDP per cubic meter of total freshwater withdrawal)",ER.GDP.FWTL.M3.KD,China,CHN,19.9416454235411
"Water productivity, total (constant 2015 US$ GDP per cubic meter of total freshwater withdrawal)",ER.GDP.FWTL.M3.KD,Colombia,COL,14.9367137874418
"Water productivity, total (constant 2015 US$ GDP per cubic meter of total freshwater withdrawal)",ER.GDP.FWTL.M3.KD,Comoros,COM,99.8105646566284
"Water productivity, total (constant 2015 US$ GDP per cubic meter of total freshwater withdrawal)",ER.GDP.FWTL.M3.KD,"Congo, Dem. Rep.",COD,59.007921054425
"Water productivity, total (constant 2015 US$ GDP per cubic meter of total freshwater withdrawal)",ER.GDP.FWTL.M3.KD,"Congo, Rep.",COG,246.843516278736
"Water productivity, total (constant 2015 US$ GDP per cubic meter of total freshwater withdrawal)",ER.GDP.FWTL.M3.KD,Costa Rica,CRI,20.1234202576773
"Water productivity, total (constant 2015 US$ GDP per cubic meter of total freshwater withdrawal)",ER.GDP.FWTL.M3.KD,Cote d'Ivoire,CIV,42.2557705412306
"Water productivity, total (constant 2015 US$ GDP per cubic meter of total freshwater withdrawal)",ER.GDP.FWTL.M3.KD,Croatia,HRV,82.88695955193
"Water productivity, total (constant 2015 US$ GDP per cubic meter of total freshwater withdrawal)",ER.GDP.FWTL.M3.KD,Cuba,CUB,12.5869006250202
"Water productivity, total (constant 2015 US$ GDP per cubic meter of total freshwater withdrawal)",ER.GDP.FWTL.M3.KD,Curacao,CUW,..
"Water productivity, total (constant 2015 US$ GDP per cubic meter of total freshwater withdrawal)",ER.GDP.FWTL.M3.KD,Cyprus,CYP,97.3304262066761
"Water productivity, total (constant 2015 US$ GDP per cubic meter of total freshwater withdrawal)",ER.GDP.FWTL.M3.KD,Czechia,CZE,118.661807367909
"Water productivity, total (constant 2015 US$ GDP per cubic meter of total freshwater withdrawal)",ER.GDP.FWTL.M3.KD,Denmark,DNK,350.658246436019
"Water productivity, total (constant 2015 US$ GDP per cubic meter of total freshwater withdrawal)",ER.GDP.FWTL.M3.KD,Djibouti,DJI,136.689036519235
"Water productivity, total (constant 2015 US$ GDP per cubic meter of total freshwater withdrawal)",ER.GDP.FWTL.M3.KD,Dominica,DMA,29.5808896151053
"Water productivity, total (constant 2015 US$ GDP per cubic meter of total freshwater withdrawal)",ER.GDP.FWTL.M3.KD,Dominican Republic,DOM,10.6116808751643
"Water productivity, total (constant 2015 US$ GDP per cubic meter of total freshwater withdrawal)",ER.GDP.FWTL.M3.KD,Ecuador,ECU,9.73605767747835
"Water productivity, total (constant 2015 US$ GDP per cubic meter of total freshwater withdrawal)",ER.GDP.FWTL.M3.KD,"Egypt, Arab Rep.",EGY,5.66666063603481
"Water productivity, total (constant 2015 US$ GDP per cubic meter of total freshwater withdrawal)",ER.GDP.FWTL.M3.KD,El Salvador,SLV,12.0054650855733
"Water productivity, total (constant 2015 US$ GDP per cubic meter of total freshwater withdrawal)",ER.GDP.FWTL.M3.KD,Equatorial Guinea,GNQ,607.222649588308
"Water productivity, total (constant 2015 US$ GDP per cubic meter of total freshwater withdrawal)",ER.GDP.FWTL.M3.KD,Eritrea,ERI,..
"Water productivity, total (constant 2015 US$ GDP per cubic meter of total freshwater withdrawal)",ER.GDP.FWTL.M3.KD,Estonia,EST,13.7221009932076
"Water productivity, total (constant 2015 US$ GDP per cubic meter of total freshwater withdrawal)",ER.GDP.FWTL.M3.KD,Ethiopia,ETH,6.44188941868767
"Water productivity, total (constant 2015 US$ GDP per cubic meter of total freshwater withdrawal)",ER.GDP.FWTL.M3.KD,Faroe Islands,FRO,..
"Water productivity, total (constant 2015 US$ GDP per cubic meter of total freshwater withdrawal)",ER.GDP.FWTL.M3.KD,Fiji,FJI,56.5017320097764
"Water productivity, total (constant 2015 US$ GDP per cubic meter of total freshwater withdrawal)",ER.GDP.FWTL.M3.KD,Finland,FIN,104.003808695827
"Water productivity, total (constant 2015 US$ GDP per cubic meter of total freshwater withdrawal)",ER.GDP.FWTL.M3.KD,France,FRA,93.1869257583339
"Water productivity, total (constant 2015 US$ GDP per cubic meter of total freshwater withdrawal)",ER.GDP.FWTL.M3.KD,French Polynesia,PYF,..
"Water productivity, total (constant 2015 US$ GDP per cubic meter of total freshwater withdrawal)",ER.GDP.FWTL.M3.KD,Gabon,GAB,105.563782525585
"Water productivity, total (constant 2015 US$ GDP per cubic meter of total freshwater withdrawal)",ER.GDP.FWTL.M3.KD,"Gambia, The",GMB,13.8283419008046
"Water productivity, total (constant 2015 US$ GDP per cubic meter of total freshwater withdrawal)",ER.GDP.FWTL.M3.KD,Georgia,GEO,9.91660099772337
"Water productivity, total (constant 2015 US$ GDP per cubic meter of total freshwater withdrawal)",ER.GDP.FWTL.M3.KD,Germany,DEU,143.239901021801
"Water productivity, total (constant 2015 US$ GDP per cubic meter of total freshwater withdrawal)",ER.GDP.FWTL.M3.KD,Ghana,GHA,35.2785723846471
"Water productivity, total (constant 2015 US$ GDP per cubic meter of total freshwater withdrawal)",ER.GDP.FWTL.M3.KD,Gibraltar,GIB,..
"Water productivity, total (constant 2015 US$ GDP per cubic meter of total freshwater withdrawal)",ER.GDP.FWTL.M3.KD,Greece,GRC,19.1895729511981
"Water productivity, total (constant 2015 US$ GDP per cubic meter of total freshwater withdrawal)",ER.GDP.FWTL.M3.KD,Greenland,GRL,..
"Water productivity, total (constant 2015 US$ GDP per cubic meter of total freshwater withdrawal)",ER.GDP.FWTL.M3.KD,Grenada,GRD,73.3540096351151
"Water productivity, total (constant 2015 US$ GDP per cubic meter of total freshwater withdrawal)",ER.GDP.FWTL.M3.KD,Guam,GUM,..
"Water productivity, total (constant 2015 US$ GDP per cubic meter of total freshwater withdrawal)",ER.GDP.FWTL.M3.KD,Guatemala,GTM,19.2085938341506
"Water productivity, total (constant 2015 US$ GDP per cubic meter of total freshwater withdrawal)",ER.GDP.FWTL.M3.KD,Guinea,GIN,11.5830374772844
"Water productivity, total (constant 2015 US$ GDP per cubic meter of total freshwater withdrawal)",ER.GDP.FWTL.M3.KD,Guinea-Bissau,GNB,6.94279709117471
"Water productivity, total (constant 2015 US$ GDP per cubic meter of total freshwater withdrawal)",ER.GDP.FWTL.M3.KD,Guyana,GUY,3.07523585328437
"Water productivity, total (constant 2015 US$ GDP per cubic meter of total freshwater withdrawal)",ER.GDP.FWTL.M3.KD,Haiti,HTI,10.4267407583399
"Water productivity, total (constant 2015 US$ GDP per cubic meter of total freshwater withdrawal)",ER.GDP.FWTL.M3.KD,Honduras,HND,13.5634904435428
"Water productivity, total (constant 2015 US$ GDP per cubic meter of total freshwater withdrawal)",ER.GDP.FWTL.M3.KD,"Hong Kong SAR, China",HKG,..
"Water productivity, total (constant 2015 US$ GDP per cubic meter of total freshwater withdrawal)",ER.GDP.FWTL.M3.KD,Hungary,HUN,32.4067647796393
"Water productivity, total (constant 2015 US$ GDP per cubic meter of total freshwater withdrawal)",ER.GDP.FWTL.M3.KD,Iceland,ISL,72.3119951895413
"Water productivity, total (constant 2015 US$ GDP per cubic meter of total freshwater withdrawal)",ER.GDP.FWTL.M3.KD,India,IND,3.51701473598511
"Water productivity, total (constant 2015 US$ GDP per cubic meter of total freshwater withdrawal)",ER.GDP.FWTL.M3.KD,Indonesia,IDN,4.06127348251797
"Water productivity, total (constant 2015 US$ GDP per cubic meter of total freshwater withdrawal)",ER.GDP.FWTL.M3.KD,"Iran, Islamic Rep.",IRN,4.79034199241894
"Water productivity, total (constant 2015 US$ GDP per cubic meter of total freshwater withdrawal)",ER.GDP.FWTL.M3.KD,Iraq,IRQ,4.92775572340759
"Water productivity, total (constant 2015 US$ GDP per cubic meter of total freshwater withdrawal)",ER.GDP.FWTL.M3.KD,Ireland,IRL,239.255593496788
"Water productivity, total (constant 2015 US$ GDP per cubic meter of total freshwater withdrawal)",ER.GDP.FWTL.M3.KD,Isle of Man,IMN,..
"Water productivity, total (constant 2015 US$ GDP per cubic meter of total freshwater withdrawal)",ER.GDP.FWTL.M3.KD,Israel,ISR,264.38991780593
"Water productivity, total (constant 2015 US$ GDP per cubic meter of total freshwater withdrawal)",ER.GDP.FWTL.M3.KD,Italy,ITA,55.1617734124495
"Water productivity, total (constant 2015 US$ GDP per cubic meter of total freshwater withdrawal)",ER.GDP.FWTL.M3.KD,Jamaica,JAM,11.3901114666521
"Water productivity, total (constant 2015 US$ GDP per cubic meter of total freshwater withdrawal)",ER.GDP.FWTL.M3.KD,Japan,JPN,56.1911885577223
"Water productivity, total (constant 2015 US$ GDP per cubic meter of total freshwater withdrawal)",ER.GDP.FWTL.M3.KD,Jordan,JOR,43.5552377250436
"Water productivity, total (constant 2015 US$ GDP per cubic meter of total freshwater withdrawal)",ER.GDP.FWTL.M3.KD,Kazakhstan,KAZ,8.61803324655134
"Water productivity, total (constant 2015 US$ GDP per cubic meter of total freshwater withdrawal)",ER.GDP.FWTL.M3.KD,Kenya,KEN,18.1237559263629
"Water productivity, total (constant 2015 US$ GDP per cubic meter of total freshwater withdrawal)",ER.GDP.FWTL.M3.KD,Kiribati,KIR,..
"Water productivity, total (constant 2015 US$ GDP per cubic meter of total freshwater withdrawal)",ER.GDP.FWTL.M3.KD,"Korea, Dem. People's Rep.",PRK,..
"Water productivity, total (constant 2015 US$ GDP per cubic meter of total freshwater withdrawal)",ER.GDP.FWTL.M3.KD,"Korea, Rep.",KOR,54.3901374248399
"Water productivity, total (constant 2015 US$ GDP per cubic meter of total freshwater withdrawal)",ER.GDP.FWTL.M3.KD,Kosovo,XKX,..
"Water productivity, total (constant 2015 US$ GDP per cubic meter of total freshwater withdrawal)",ER.GDP.FWTL.M3.KD,Kuwait,KWT,164.948833500112
"Water productivity, total (constant 2015 US$ GDP per cubic meter of total freshwater withdrawal)",ER.GDP.FWTL.M3.KD,Kyrgyz Republic,KGZ,0.904078586580725
"Water productivity, total (constant 2015 US$ GDP per cubic meter of total freshwater withdrawal)",ER.GDP.FWTL.M3.KD,Lao PDR,LAO,2.01560328712776
"Water productivity, total (constant 2015 US$ GDP per cubic meter of total freshwater withdrawal)",ER.GDP.FWTL.M3.KD,Latvia,LVA,145.362673732461
"Water productivity, total (constant 2015 US$ GDP per cubic meter of total freshwater withdrawal)",ER.GDP.FWTL.M3.KD,Lebanon,LBN,27.9831755313801
"Water productivity, total (constant 2015 US$ GDP per cubic meter of total freshwater withdrawal)",ER.GDP.FWTL.M3.KD,Lesotho,LSO,55.8183934108568
"Water productivity, total (constant 2015 US$ GDP per cubic meter of total freshwater withdrawal)",ER.GDP.FWTL.M3.KD,Liberia,LBR,21.7744757252227
"Water productivity, total (constant 2015 US$ GDP per cubic meter of total freshwater withdrawal)",ER.GDP.FWTL.M3.KD,Libya,LBY,8.39006154944111
"Water productivity, total (constant 2015 US$ GDP per cubic meter of total freshwater withdrawal)",ER.GDP.FWTL.M3.KD,Liechtenstein,LIE,..
"Water productivity, total (constant 2015 US$ GDP per cubic meter of total freshwater withdrawal)",ER.GDP.FWTL.M3.KD,Lithuania,LTU,138.521912278362
"Water productivity, total (constant 2015 US$ GDP per cubic meter of total freshwater withdrawal)",ER.GDP.FWTL.M3.KD,Luxembourg,LUX,1420.31670909076
"Water productivity, total (constant 2015 US$ GDP per cubic meter of total freshwater withdrawal)",ER.GDP.FWTL.M3.KD,"Macao SAR, China",MAC,..
"Water productivity, total (constant 2015 US$ GDP per cubic meter of total freshwater withdrawal)",ER.GDP.FWTL.M3.KD,North Macedonia,MKD,9.91659335563618
"Water productivity, total (constant 2015 US$ GDP per cubic meter of total freshwater withdrawal)",ER.GDP.FWTL.M3.KD,Madagascar,MDG,0.874989073493189
"Water productivity, total (constant 2015 US$ GDP per cubic meter of total freshwater withdrawal)",ER.GDP.FWTL.M3.KD,Malawi,MWI,6.96488888466924
"Water productivity, total (constant 2015 US$ GDP per cubic meter of total freshwater withdrawal)",ER.GDP.FWTL.M3.KD,Malaysia,MYS,48.0410435859414
"Water productivity, total (constant 2015 US$ GDP per cubic meter of total freshwater withdrawal)",ER.GDP.FWTL.M3.KD,Maldives,MDV,934.632547339889
"Water productivity, total (constant 2015 US$ GDP per cubic meter of total freshwater withdrawal)",ER.GDP.FWTL.M3.KD,Mali,MLI,3.18529908030007
"Water productivity, total (constant 2015 US$ GDP per cubic meter of total freshwater withdrawal)",ER.GDP.FWTL.M3.KD,Malta,MLT,281.701027865389
"Water productivity, total (constant 2015 US$ GDP per cubic meter of total freshwater withdrawal)",ER.GDP.FWTL.M3.KD,Marshall Islands,MHL,..
"Water productivity, total (constant 2015 US$ GDP per cubic meter of total freshwater withdrawal)",ER.GDP.FWTL.M3.KD,Mauritania,MRT,4.63182202403433
"Water productivity, total (constant 2015 US$ GDP per cubic meter of total freshwater withdrawal)",ER.GDP.FWTL.M3.KD,Mauritius,MUS,20.3741501008279
"Water productivity, total (constant 2015 US$ GDP per cubic meter of total freshwater withdrawal)",ER.GDP.FWTL.M3.KD,Mexico,MEX,14.2624488041824
"Water productivity, total (constant 2015 US$ GDP per cubic meter of total freshwater withdrawal)",ER.GDP.FWTL.M3.KD,"Micronesia, Fed. Sts.",FSM,..
"Water productivity, total (constant 2015 US$ GDP per cubic meter of total freshwater withdrawal)",ER.GDP.FWTL.M3.KD,Moldova,MDA,9.69114956607871
"Water productivity, total (constant 2015 US$ GDP per cubic meter of total freshwater withdrawal)",ER.GDP.FWTL.M3.KD,Monaco,MCO,1290.64563888582
"Water productivity, total (constant 2015 US$ GDP per cubic meter of total freshwater withdrawal)",ER.GDP.FWTL.M3.KD,Mongolia,MNG,25.5039012713941
"Water productivity, total (constant 2015 US$ GDP per cubic meter of total freshwater withdrawal)",ER.GDP.FWTL.M3.KD,Montenegro,MNE,2.56276903303369
"Water productivity, total (constant 2015 US$ GDP per cubic meter of total freshwater withdrawal)",ER.GDP.FWTL.M3.KD,Morocco,MAR,10.4974259612384
"Water productivity, total (constant 2015 US$ GDP per cubic meter of total freshwater withdrawal)",ER.GDP.FWTL.M3.KD,Mozambique,MOZ,11.5209234552497
"Water productivity, total (constant 2015 US$ GDP per cubic meter of total freshwater withdrawal)",ER.GDP.FWTL.M3.KD,Myanmar,MMR,1.89888211802553
"Water productivity, total (constant 2015 US$ GDP per cubic meter of total freshwater withdrawal)",ER.GDP.FWTL.M3.KD,Namibia,NAM,73.2767297091555
"Water productivity, total (constant 2015 US$ GDP per cubic meter of total freshwater withdrawal)",ER.GDP.FWTL.M3.KD,Nauru,NRU,..
"Water productivity, total (constant 2015 US$ GDP per cubic meter of total freshwater withdrawal)",ER.GDP.FWTL.M3.KD,Nepal,NPL,2.57618760035043
"Water productivity, total (constant 2015 US$ GDP per cubic meter of total freshwater withdrawal)",ER.GDP.FWTL.M3.KD,Netherlands,NLD,99.029079756839
"Water productivity, total (constant 2015 US$ GDP per cubic meter of total freshwater withdrawal)",ER.GDP.FWTL.M3.KD,New Caledonia,NCL,..
"Water productivity, total (constant 2015 US$ GDP per cubic meter of total freshwater withdrawal)",ER.GDP.FWTL.M3.KD,New Zealand,NZL,18.7300714559056
"Water productivity, total (constant 2015 US$ GDP per cubic meter of total freshwater withdrawal)",ER.GDP.FWTL.M3.KD,Nicaragua,NIC,9.8291754030837
"Water productivity, total (constant 2015 US$ GDP per cubic meter of total freshwater withdrawal)",ER.GDP.FWTL.M3.KD,Niger,NER,5.86069622077801
"Water productivity, total (constant 2015 US$ GDP per cubic meter of total freshwater withdrawal)",ER.GDP.FWTL.M3.KD,Nigeria,NGA,38.8915240102486
"Water productivity, total (constant 2015 US$ GDP per cubic meter of total freshwater withdrawal)",ER.GDP.FWTL.M3.KD,Northern Mariana Islands,MNP,..
"Water productivity, total (constant 2015 US$ GDP per cubic meter of total freshwater withdrawal)",ER.GDP.FWTL.M3.KD,Norway,NOR,148.299400719727
"Water productivity, total (constant 2015 US$ GDP per cubic meter of total freshwater withdrawal)",ER.GDP.FWTL.M3.KD,Oman,OMN,50.6015138040368
"Water productivity, total (constant 2015 US$ GDP per cubic meter of total freshwater withdrawal)",ER.GDP.FWTL.M3.KD,Pakistan,PAK,1.60025385138279
"Water productivity, total (constant 2015 US$ GDP per cubic meter of total freshwater withdrawal)",ER.GDP.FWTL.M3.KD,Palau,PLW,..
"Water productivity, total (constant 2015 US$ GDP per cubic meter of total freshwater withdrawal)",ER.GDP.FWTL.M3.KD,Panama,PAN,48.1405743296006
"Water productivity, total (constant 2015 US$ GDP per cubic meter of total freshwater withdrawal)",ER.GDP.FWTL.M3.KD,Papua New Guinea,PNG,58.4441748943281
"Water productivity, total (constant 2015 US$ GDP per cubic meter of total freshwater withdrawal)",ER.GDP.FWTL.M3.KD,Paraguay,PRY,15.6473111431718
"Water productivity, total (constant 2015 US$ GDP per cubic meter of total freshwater withdrawal)",ER.GDP.FWTL.M3.KD,Peru,PER,6.05780958499811
"Water productivity, total (constant 2015 US$ GDP per cubic meter of total freshwater withdrawal)",ER.GDP.FWTL.M3.KD,Philippines,PHL,3.76921409939707
"Water productivity, total (constant 2015 US$ GDP per cubic meter of total freshwater withdrawal)",ER.GDP.FWTL.M3.KD,Poland,POL,48.071281160301
"Water productivity, total (constant 2015 US$ GDP per cubic meter of total freshwater withdrawal)",ER.GDP.FWTL.M3.KD,Portugal,PRT,23.7581370948504
"Water productivity, total (constant 2015 US$ GDP per cubic meter of total freshwater withdrawal)",ER.GDP.FWTL.M3.KD,Puerto Rico (US),PRI,116.650456742261
"Water productivity, total (constant 2015 US$ GDP per cubic meter of total freshwater withdrawal)",ER.GDP.FWTL.M3.KD,Qatar,QAT,664.655955315431
"Water productivity, total (constant 2015 US$ GDP per cubic meter of total freshwater withdrawal)",ER.GDP.FWTL.M3.KD,Romania,ROU,28.7060756137865
"Water productivity, total (constant 2015 US$ GDP per cubic meter of total freshwater withdrawal)",ER.GDP.FWTL.M3.KD,Russian Federation,RUS,21.0854007070231
"Water productivity, total (constant 2015 US$ GDP per cubic meter of total freshwater withdrawal)",ER.GDP.FWTL.M3.KD,Rwanda,RWA,17.2328739374904
"Water productivity, total (constant 2015 US$ GDP per cubic meter of total freshwater withdrawal)",ER.GDP.FWTL.M3.KD,Samoa,WSM,..
"Water productivity, total (constant 2015 US$ GDP per cubic meter of total freshwater withdrawal)",ER.GDP.FWTL.M3.KD,San Marino,SMR,..
"Water productivity, total (constant 2015 US$ GDP per cubic meter of total freshwater withdrawal)",ER.GDP.FWTL.M3.KD,Sao Tome and Principe,STP,6.68604813580352
"Water productivity, total (constant 2015 US$ GDP per cubic meter of total freshwater withdrawal)",ER.GDP.FWTL.M3.KD,Saudi Arabia,SAU,31.6105114298141
"Water productivity, total (constant 2015 US$ GDP per cubic meter of total freshwater withdrawal)",ER.GDP.FWTL.M3.KD,Senegal,SEN,7.68604397178878
"Water productivity, total (constant 2015 US$ GDP per cubic meter of total freshwater withdrawal)",ER.GDP.FWTL.M3.KD,Serbia,SRB,9.03580027192632
"Water productivity, total (constant 2015 US$ GDP per cubic meter of total freshwater withdrawal)",ER.GDP.FWTL.M3.KD,Seychelles,SYC,142.197203699985
"Water productivity, total (constant 2015 US$ GDP per cubic meter of total freshwater withdrawal)",ER.GDP.FWTL.M3.KD,Sierra Leone,SLE,34.0497120113445
"Water productivity, total (constant 2015 US$ GDP per cubic meter of total freshwater withdrawal)",ER.GDP.FWTL.M3.KD,Singapore,SGP,626.796846792948
"Water productivity, total (constant 2015 US$ GDP per cubic meter of total freshwater withdrawal)",ER.GDP.FWTL.M3.KD,Sint Maarten (Dutch part),SXM,..
"Water productivity, total (constant 2015 US$ GDP per cubic meter of total freshwater withdrawal)",ER.GDP.FWTL.M3.KD,Slovak Republic,SVK,163.723365589226
"Water productivity, total (constant 2015 US$ GDP per cubic meter of total freshwater withdrawal)",ER.GDP.FWTL.M3.KD,Slovenia,SVN,49.5947827449634
"Water productivity, total (constant 2015 US$ GDP per cubic meter of total freshwater withdrawal)",ER.GDP.FWTL.M3.KD,Solomon Islands,SLB,..
"Water productivity, total (constant 2015 US$ GDP per cubic meter of total freshwater withdrawal)",ER.GDP.FWTL.M3.KD,"Somalia, Fed. Rep.",SOM,1.99664795372113
"Water productivity, total (constant 2015 US$ GDP per cubic meter of total freshwater withdrawal)",ER.GDP.FWTL.M3.KD,South Africa,ZAF,18.3305597884782
"Water productivity, total (constant 2015 US$ GDP per cubic meter of total freshwater withdrawal)",ER.GDP.FWTL.M3.KD,South Sudan,SSD,..
"Water productivity, total (constant 2015 US$ GDP per cubic meter of total freshwater withdrawal)",ER.GDP.FWTL.M3.KD,Spain,ESP,39.7593402602889
"Water productivity, total (constant 2015 US$ GDP per cubic meter of total freshwater withdrawal)",ER.GDP.FWTL.M3.KD,Sri Lanka,LKA,6.90486989687481
"Water productivity, total (constant 2015 US$ GDP per cubic meter of total freshwater withdrawal)",ER.GDP.FWTL.M3.KD,St. Kitts and Nevis,KNA,81.546469763697
"Water productivity, total (constant 2015 US$ GDP per cubic meter of total freshwater withdrawal)",ER.GDP.FWTL.M3.KD,St. Lucia,LCA,43.5805210764294
"Water productivity, total (constant 2015 US$ GDP per cubic meter of total freshwater withdrawal)",ER.GDP.FWTL.M3.KD,St. Martin (French part),MAF,..
"Water productivity, total (constant 2015 US$ GDP per cubic meter of total freshwater withdrawal)",ER.GDP.FWTL.M3.KD,St. Vincent and the Grenadines,VCT,103.695582536183
"Water productivity, total (constant 2015 US$ GDP per cubic meter of total freshwater withdrawal)",ER.GDP.FWTL.M3.KD,Sudan,SDN,1.98702274294068
"Water productivity, total (constant 2015 US$ GDP per cubic meter of total freshwater withdrawal)",ER.GDP.FWTL.M3.KD,Suriname,SUR,7.91435988983732
"Water productivity, total (constant 2015 US$ GDP per cubic meter of total freshwater withdrawal)",ER.GDP.FWTL.M3.KD,Eswatini,SWZ,3.76730134320722
"Water productivity, total (constant 2015 US$ GDP per cubic meter of total freshwater withdrawal)",ER.GDP.FWTL.M3.KD,Sweden,SWE,213.757989083687
"Water productivity, total (constant 2015 US$ GDP per cubic meter of total freshwater withdrawal)",ER.GDP.FWTL.M3.KD,Switzerland,CHE,415.773085528418
"Water productivity, total (constant 2015 US$ GDP per cubic meter of total freshwater withdrawal)",ER.GDP.FWTL.M3.KD,Syrian Arab Republic,SYR,1.10366813168592
"Water productivity, total (constant 2015 US$ GDP per cubic meter of total freshwater withdrawal)",ER.GDP.FWTL.M3.KD,Tajikistan,TJK,1.01064810350269
"Water productivity, total (constant 2015 US$ GDP per cubic meter of total freshwater withdrawal)",ER.GDP.FWTL.M3.KD,Tanzania,TZA,9.77428410190113
"Water productivity, total (constant 2015 US$ GDP per cubic meter of total freshwater withdrawal)",ER.GDP.FWTL.M3.KD,Thailand,THA,7.24311858801356
"Water productivity, total (constant 2015 US$ GDP per cubic meter of total freshwater withdrawal)",ER.GDP.FWTL.M3.KD,Timor-Leste,TLS,1.39773789641196
"Water productivity, total (constant 2015 US$ GDP per cubic meter of total freshwater withdrawal)",ER.GDP.FWTL.M3.KD,Togo,TGO,26.8970621135597
"Water productivity, total (constant 2015 US$ GDP per cubic meter of total freshwater withdrawal)",ER.GDP.FWTL.M3.KD,Tonga,TON,..
"Water productivity, total (constant 2015 US$ GDP per cubic meter of total freshwater withdrawal)",ER.GDP.FWTL.M3.KD,Trinidad and Tobago,TTO,73.8200353952828
"Water productivity, total (constant 2015 US$ GDP per cubic meter of total freshwater withdrawal)",ER.GDP.FWTL.M3.KD,Tunisia,TUN,12.4237673597208
"Water productivity, total (constant 2015 US$ GDP per cubic meter of total freshwater withdrawal)",ER.GDP.FWTL.M3.KD,Turkiye,TUR,15.001258919425
"Water productivity, total (constant 2015 US$ GDP per cubic meter of total freshwater withdrawal)",ER.GDP.FWTL.M3.KD,Turkmenistan,TKM,1.35214816857035
"Water productivity, total (constant 2015 US$ GDP per cubic meter of total freshwater withdrawal)",ER.GDP.FWTL.M3.KD,Turks and Caicos Islands,TCA,..
"Water productivity, total (constant 2015 US$ GDP per cubic meter of total freshwater withdrawal)",ER.GDP.FWTL.M3.KD,Tuvalu,TUV,..
"Water productivity, total (constant 2015 US$ GDP per cubic meter of total freshwater withdrawal)",ER.GDP.FWTL.M3.KD,Uganda,UGA,53.2741210031135
"Water productivity, total (constant 2015 US$ GDP per cubic meter of total freshwater withdrawal)",ER.GDP.FWTL.M3.KD,Ukraine,UKR,10.0003235685887
"Water productivity, total (constant 2015 US$ GDP per cubic meter of total freshwater withdrawal)",ER.GDP.FWTL.M3.KD,United Arab Emirates,ARE,160.216285370058
"Water productivity, total (constant 2015 US$ GDP per cubic meter of total freshwater withdrawal)",ER.GDP.FWTL.M3.KD,United Kingdom,GBR,357.592909577301
"Water productivity, total (constant 2015 US$ GDP per cubic meter of total freshwater withdrawal)",ER.GDP.FWTL.M3.KD,United States,USA,41.7233573891728
"Water productivity, total (constant 2015 US$ GDP per cubic meter of total freshwater withdrawal)",ER.GDP.FWTL.M3.KD,Uruguay,URY,13.9247471499228
"Water productivity, total (constant 2015 US$ GDP per cubic meter of total freshwater withdrawal)",ER.GDP.FWTL.M3.KD,Uzbekistan,UZB,1.67377700886303
"Water productivity, total (constant 2015 US$ GDP per cubic meter of total freshwater withdrawal)",ER.GDP.FWTL.M3.KD,Vanuatu,VUT,..
"Water productivity, total (constant 2015 US$ GDP per cubic meter of total freshwater withdrawal)",ER.GDP.FWTL.M3.KD,"Venezuela, RB",VEN,4.60067242772884
"Water productivity, total (constant 2015 US$ GDP per cubic meter of total freshwater withdrawal)",ER.GDP.FWTL.M3.KD,Viet Nam,VNM,3.11823229224944
"Water productivity, total (constant 2015 US$ GDP per cubic meter of total freshwater withdrawal)",ER.GDP.FWTL.M3.KD,Virgin Islands (U.S.),VIR,..
"Water productivity, total (constant 2015 US$ GDP per cubic meter of total freshwater withdrawal)",ER.GDP.FWTL.M3.KD,West Bank and Gaza,PSE,54.2088382038489
"Water productivity, total (constant 2015 US$ GDP per cubic meter of total freshwater withdrawal)",ER.GDP.FWTL.M3.KD,"Yemen, Rep.",YEM,10.7896960965695
"Water productivity, total (constant 2015 US$ GDP per cubic meter of total freshwater withdrawal)",ER.GDP.FWTL.M3.KD,Zambia,ZMB,14.0262222061761
"Water productivity, total (constant 2015 US$ GDP per cubic meter of total freshwater withdrawal)",ER.GDP.FWTL.M3.KD,Zimbabwe,ZWE,5.91540465514397
Energy use (kg of oil equivalent per capita),EG.USE.PCAP.KG.OE,Afghanistan,AFG,..
Energy use (kg of oil equivalent per capita),EG.USE.PCAP.KG.OE,Albania,ALB,840.619363568519
Energy use (kg of oil equivalent per capita),EG.USE.PCAP.KG.OE,Algeria,DZA,1371.20207705232
Energy use (kg of oil equivalent per capita),EG.USE.PCAP.KG.OE,American Samoa,ASM,..
Energy use (kg of oil equivalent per capita),EG.USE.PCAP.KG.OE,Andorra,AND,..
Energy use (kg of oil equivalent per capita),EG.USE.PCAP.KG.OE,Angola,AGO,462.934994006148
Energy use (kg of oil equivalent per capita),EG.USE.PCAP.KG.OE,Antigua and Barbuda,ATG,..
Energy use (kg of oil equivalent per capita),EG.USE.PCAP.KG.OE,Argentina,ARG,1889.87018853289
Energy use (kg of oil equivalent per capita),EG.USE.PCAP.KG.OE,Armenia,ARM,1043.09797203416
Energy use (kg of oil equivalent per capita),EG.USE.PCAP.KG.OE,Aruba,ABW,..
Energy use (kg of oil equivalent per capita),EG.USE.PCAP.KG.OE,Australia,AUS,5216.98867184459
Energy use (kg of oil equivalent per capita),EG.USE.PCAP.KG.OE,Austria,AUT,3797.16802222945
Energy use (kg of oil equivalent per capita),EG.USE.PCAP.KG.OE,Azerbaijan,AZE,1480.9342834589
Energy use (kg of oil equivalent per capita),EG.USE.PCAP.KG.OE,"Bahamas, The",BHS,..
Energy use (kg of oil equivalent per capita),EG.USE.PCAP.KG.OE,Bahrain,BHR,9878.66504979139
Energy use (kg of oil equivalent per capita),EG.USE.PCAP.KG.OE,Bangladesh,BGD,255.923548835134
Energy use (kg of oil equivalent per capita),EG.USE.PCAP.KG.OE,Barbados,BRB,..
Energy use (kg of oil equivalent per capita),EG.USE.PCAP.KG.OE,Belarus,BLR,2639.09486268036
Energy use (kg of oil equivalent per capita),EG.USE.PCAP.KG.OE,Belgium,BEL,4904.15770755315
Energy use (kg of oil equivalent per capita),EG.USE.PCAP.KG.OE,Belize,BLZ,..
Energy use (kg of oil equivalent per capita),EG.USE.PCAP.KG.OE,Benin,BEN,409.038821084068
Energy use (kg of oil equivalent per capita),EG.USE.PCAP.KG.OE,Bermuda,BMU,..
Energy use (kg of oil equivalent per capita),EG.USE.PCAP.KG.OE,Bhutan,BTN,..
Energy use (kg of oil equivalent per capita),EG.USE.PCAP.KG.OE,Bolivia,BOL,778.965230116872
Energy use (kg of oil equivalent per capita),EG.USE.PCAP.KG.OE,Bosnia and Herzegovina,BIH,1945.25475764264
Energy use (kg of oil equivalent per capita),EG.USE.PCAP.KG.OE,Botswana,BWA,1245.11570542658
Energy use (kg of oil equivalent per capita),EG.USE.PCAP.KG.OE,Brazil,BRA,1414.8979311951
Energy use (kg of oil equivalent per capita),EG.USE.PCAP.KG.OE,British Virgin Islands,VGB,..
Energy use (kg of oil equivalent per capita),EG.USE.PCAP.KG.OE,Brunei Darussalam,BRN,7008.28171997556
Energy use (kg of oil equivalent per capita),EG.USE.PCAP.KG.OE,Bulgaria,BGR,2606.61053390992
Energy use (kg of oil equivalent per capita),EG.USE.PCAP.KG.OE,Burkina Faso,BFA,271.615575346763
Energy use (kg of oil equivalent per capita),EG.USE.PCAP.KG.OE,Burundi,BDI,..
Energy use (kg of oil equivalent per capita),EG.USE.PCAP.KG.OE,Cabo Verde,CPV,..
Energy use (kg of oil equivalent per capita),EG.USE.PCAP.KG.OE,Cambodia,KHM,412.747652430932
Energy use (kg of oil equivalent per capita),EG.USE.PCAP.KG.OE,Cameroon,CMR,400.082970120892
Energy use (kg of oil equivalent per capita),EG.USE.PCAP.KG.OE,Canada,CAN,7944.50789345873
Energy use (kg of oil equivalent per capita),EG.USE.PCAP.KG.OE,Cayman Islands,CYM,..
Energy use (kg of oil equivalent per capita),EG.USE.PCAP.KG.OE,Central African Republic,CAF,..
Energy use (kg of oil equivalent per capita),EG.USE.PCAP.KG.OE,Chad,TCD,212.843968377387
Energy use (kg of oil equivalent per capita),EG.USE.PCAP.KG.OE,Channel Islands,CHI,..
Energy use (kg of oil equivalent per capita),EG.USE.PCAP.KG.OE,Chile,CHL,2070.46958170364
Energy use (kg of oil equivalent per capita),EG.USE.PCAP.KG.OE,China,CHN,2149.2047500244
Energy use (kg of oil equivalent per capita),EG.USE.PCAP.KG.OE,Colombia,COL,910.977529760876
Energy use (kg of oil equivalent per capita),EG.USE.PCAP.KG.OE,Comoros,COM,..
Energy use (kg of oil equivalent per capita),EG.USE.PCAP.KG.OE,"Congo, Dem. Rep.",COD,355.065446444122
Energy use (kg of oil equivalent per capita),EG.USE.PCAP.KG.OE,"Congo, Rep.",COG,561.321718306384
Energy use (kg of oil equivalent per capita),EG.USE.PCAP.KG.OE,Costa Rica,CRI,1001.15093508133
Energy use (kg of oil equivalent per capita),EG.USE.PCAP.KG.OE,Cote d'Ivoire,CIV,391.655583364613
Energy use (kg of oil equivalent per capita),EG.USE.PCAP.KG.OE,Croatia,HRV,2057.18869470229
Energy use (kg of oil equivalent per capita),EG.USE.PCAP.KG.OE,Cuba,CUB,960.436964626777
Energy use (kg of oil equivalent per capita),EG.USE.PCAP.KG.OE,Curacao,CUW,12894.4531964629
Energy use (kg of oil equivalent per capita),EG.USE.PCAP.KG.OE,Cyprus,CYP,1761.87442919766
Energy use (kg of oil equivalent per capita),EG.USE.PCAP.KG.OE,Czechia,CZE,3927.72515918366
Energy use (kg of oil equivalent per capita),EG.USE.PCAP.KG.OE,Denmark,DNK,2891.02688317679
Energy use (kg of oil equivalent per capita),EG.USE.PCAP.KG.OE,Djibouti,DJI,..
Energy use (kg of oil equivalent per capita),EG.USE.PCAP.KG.OE,Dominica,DMA,..
Energy use (kg of oil equivalent per capita),EG.USE.PCAP.KG.OE,Dominican Republic,DOM,842.638249219176
Energy use (kg of oil equivalent per capita),EG.USE.PCAP.KG.OE,Ecuador,ECU,885.602158222866
Energy use (kg of oil equivalent per capita),EG.USE.PCAP.KG.OE,"Egypt, Arab Rep.",EGY,872.581407763809
Energy use (kg of oil equivalent per capita),EG.USE.PCAP.KG.OE,El Salvador,SLV,686.997805008996
Energy use (kg of oil equivalent per capita),EG.USE.PCAP.KG.OE,Equatorial Guinea,GNQ,1510.32394648061
Energy use (kg of oil equivalent per capita),EG.USE.PCAP.KG.OE,Eritrea,ERI,277.263825443909
Energy use (kg of oil equivalent per capita),EG.USE.PCAP.KG.OE,Estonia,EST,4579.42111654538
Energy use (kg of oil equivalent per capita),EG.USE.PCAP.KG.OE,Ethiopia,ETH,383.623509864643
Energy use (kg of oil equivalent per capita),EG.USE.PCAP.KG.OE,Faroe Islands,FRO,..
Energy use (kg of oil equivalent per capita),EG.USE.PCAP.KG.OE,Fiji,FJI,..
Energy use (kg of oil equivalent per capita),EG.USE.PCAP.KG.OE,Finland,FIN,6120.63301519281
Energy use (kg of oil equivalent per capita),EG.USE.PCAP.KG.OE,France,FRA,3718.17053401513
Energy use (kg of oil equivalent per capita),EG.USE.PCAP.KG.OE,French Polynesia,PYF,..
Energy use (kg of oil equivalent per capita),EG.USE.PCAP.KG.OE,Gabon,GAB,2489.24179859903
Energy use (kg of oil equivalent per capita),EG.USE.PCAP.KG.OE,"Gambia, The",GMB,..
Energy use (kg of oil equivalent per capita),EG.USE.PCAP.KG.OE,Georgia,GEO,1300.49894445527
Energy use (kg of oil equivalent per capita),EG.USE.PCAP.KG.OE,Germany,DEU,3765.21799936242
Energy use (kg of oil equivalent per capita),EG.USE.PCAP.KG.OE,Ghana,GHA,327.900376302991
Energy use (kg of oil equivalent per capita),EG.USE.PCAP.KG.OE,Gibraltar,GIB,6576.81314975242
Energy use (kg of oil equivalent per capita),EG.USE.PCAP.KG.OE,Greece,GRC,2109.41656684289
Energy use (kg of oil equivalent per capita),EG.USE.PCAP.KG.OE,Greenland,GRL,..
Energy use (kg of oil equivalent per capita),EG.USE.PCAP.KG.OE,Grenada,GRD,..
Energy use (kg of oil equivalent per capita),EG.USE.PCAP.KG.OE,Guam,GUM,..
Energy use (kg of oil equivalent per capita),EG.USE.PCAP.KG.OE,Guatemala,GTM,833.55203066865
Energy use (kg of oil equivalent per capita),EG.USE.PCAP.KG.OE,Guinea,GIN,..
Energy use (kg of oil equivalent per capita),EG.USE.PCAP.KG.OE,Guinea-Bissau,GNB,..
Energy use (kg of oil equivalent per capita),EG.USE.PCAP.KG.OE,Guyana,GUY,..
Energy use (kg of oil equivalent per capita),EG.USE.PCAP.KG.OE,Haiti,HTI,408.56544100745
Energy use (kg of oil equivalent per capita),EG.USE.PCAP.KG.OE,Honduras,HND,616.39140542774
Energy use (kg of oil equivalent per capita),EG.USE.PCAP.KG.OE,"Hong Kong SAR, China",HKG,2081.70251975178
Energy use (kg of oil equivalent per capita),EG.USE.PCAP.KG.OE,Hungary,HUN,2613.09354239281
Energy use (kg of oil equivalent per capita),EG.USE.PCAP.KG.OE,Iceland,ISL,15701.4730096728
Energy use (kg of oil equivalent per capita),EG.USE.PCAP.KG.OE,India,IND,627.273531026365
Energy use (kg of oil equivalent per capita),EG.USE.PCAP.KG.OE,Indonesia,IDN,718.57953489745
Energy use (kg of oil equivalent per capita),EG.USE.PCAP.KG.OE,"Iran, Islamic Rep.",IRN,2860.59701763688
Energy use (kg of oil equivalent per capita),EG.USE.PCAP.KG.OE,Iraq,IRQ,1076.62803028259
Energy use (kg of oil equivalent per capita),EG.USE.PCAP.KG.OE,Ireland,IRL,2932.30415263032
Energy use (kg of oil equivalent per capita),EG.USE.PCAP.KG.OE,Isle of Man,IMN,..
Energy use (kg of oil equivalent per capita),EG.USE.PCAP.KG.OE,Israel,ISR,2569.21718310487
Energy use (kg of oil equivalent per capita),EG.USE.PCAP.KG.OE,Italy,ITA,2511.46353090755
Energy use (kg of oil equivalent per capita),EG.USE.PCAP.KG.OE,Jamaica,JAM,998.797053907958
Energy use (kg of oil equivalent per capita),EG.USE.PCAP.KG.OE,Japan,JPN,3370.8877963853
Energy use (kg of oil equivalent per capita),EG.USE.PCAP.KG.OE,Jordan,JOR,887.616759444148
Energy use (kg of oil equivalent per capita),EG.USE.PCAP.KG.OE,Kazakhstan,KAZ,3389.09731833891
Energy use (kg of oil equivalent per capita),EG.USE.PCAP.KG.OE,Kenya,KEN,533.407778503543
Energy use (kg of oil equivalent per capita),EG.USE.PCAP.KG.OE,Kiribati,KIR,..
Energy use (kg of oil equivalent per capita),EG.USE.PCAP.KG.OE,"Korea, Dem. People's Rep.",PRK,409.40016933224
Energy use (kg of oil equivalent per capita),EG.USE.PCAP.KG.OE,"Korea, Rep.",KOR,5390.84042635905
Energy use (kg of oil equivalent per capita),EG.USE.PCAP.KG.OE,Kosovo,XKX,..
Energy use (kg of oil equivalent per capita),EG.USE.PCAP.KG.OE,Kuwait,KWT,9684.89135568875
Energy use (kg of oil equivalent per capita),EG.USE.PCAP.KG.OE,Kyrgyz Republic,KGZ,624.353480068472
Energy use (kg of oil equivalent per capita),EG.USE.PCAP.KG.OE,Lao PDR,LAO,754.130255846522
Energy use (kg of oil equivalent per capita),EG.USE.PCAP.KG.OE,Latvia,LVA,2172.43884661611
Energy use (kg of oil equivalent per capita),EG.USE.PCAP.KG.OE,Lebanon,LBN,1356.17702319106
Energy use (kg of oil equivalent per capita),EG.USE.PCAP.KG.OE,Lesotho,LSO,..
Energy use (kg of oil equivalent per capita),EG.USE.PCAP.KG.OE,Liberia,LBR,..
Energy use (kg of oil equivalent per capita),EG.USE.PCAP.KG.OE,Libya,LBY,3118.86767779323
Energy use (kg of oil equivalent per capita),EG.USE.PCAP.KG.OE,Liechtenstein,LIE,..
Energy use (kg of oil equivalent per capita),EG.USE.PCAP.KG.OE,Lithuania,LTU,2504.98383829705
Energy use (kg of oil equivalent per capita),EG.USE.PCAP.KG.OE,Luxembourg,LUX,6342.68337961913
Energy use (kg of oil equivalent per capita),EG.USE.PCAP.KG.OE,"Macao SAR, China",MAC,..
Energy use (kg of oil equivalent per capita),EG.USE.PCAP.KG.OE,North Macedonia,MKD,1408.22019004476
Energy use (kg of oil equivalent per capita),EG.USE.PCAP.KG.OE,Madagascar,MDG,293.322517988217
Energy use (kg of oil equivalent per capita),EG.USE.PCAP.KG.OE,Malawi,MWI,..
Energy use (kg of oil equivalent per capita),EG.USE.PCAP.KG.OE,Malaysia,MYS,2759.17228283076
Energy use (kg of oil equivalent per capita),EG.USE.PCAP.KG.OE,Maldives,MDV,..
Energy use (kg of oil equivalent per capita),EG.USE.PCAP.KG.OE,Mali,MLI,..
Energy use (kg of oil equivalent per capita),EG.USE.PCAP.KG.OE,Malta,MLT,1311.66732595294
Energy use (kg of oil equivalent per capita),EG.USE.PCAP.KG.OE,Marshall Islands,MHL,..
Energy use (kg of oil equivalent per capita),EG.USE.PCAP.KG.OE,Mauritania,MRT,..
Energy use (kg of oil equivalent per capita),EG.USE.PCAP.KG.OE,Mauritius,MUS,1135.89802652029
Energy use (kg of oil equivalent per capita),EG.USE.PCAP.KG.OE,Mexico,MEX,1525.3837445098
Energy use (kg of oil equivalent per capita),EG.USE.PCAP.KG.OE,"Micronesia, Fed. Sts.",FSM,..
Energy use (kg of oil equivalent per capita),EG.USE.PCAP.KG.OE,Moldova,MDA,1356.31269266323
Energy use (kg of oil equivalent per capita),EG.USE.PCAP.KG.OE,Monaco,MCO,..
Energy use (kg of oil equivalent per capita),EG.USE.PCAP.KG.OE,Mongolia,MNG,1588.34126525003
Energy use (kg of oil equivalent per capita),EG.USE.PCAP.KG.OE,Montenegro,MNE,1552.23307233486
Energy use (kg of oil equivalent per capita),EG.USE.PCAP.KG.OE,Morocco,MAR,558.062023900473
Energy use (kg of oil equivalent per capita),EG.USE.PCAP.KG.OE,Mozambique,MOZ,380.805586001126
Energy use (kg of oil equivalent per capita),EG.USE.PCAP.KG.OE,Myanmar,MMR,376.137198590416
Energy use (kg of oil equivalent per capita),EG.USE.PCAP.KG.OE,Namibia,NAM,759.461668268778
Energy use (kg of oil equivalent per capita),EG.USE.PCAP.KG.OE,Nauru,NRU,..
Energy use (kg of oil equivalent per capita),EG.USE.PCAP.KG.OE,Nepal,NPL,458.265548485248
Energy use (kg of oil equivalent per capita),EG.USE.PCAP.KG.OE,Netherlands,NLD,4352.44653138733
Energy use (kg of oil equivalent per capita),EG.USE.PCAP.KG.OE,New Caledonia,NCL,..
Energy use (kg of oil equivalent per capita),EG.USE.PCAP.KG.OE,New Zealand,NZL,4265.93839527509
Energy use (kg of oil equivalent per capita),EG.USE.PCAP.KG.OE,Nicaragua,NIC,626.823007449197
Energy use (kg of oil equivalent per capita),EG.USE.PCAP.KG.OE,Niger,NER,147.452096053348
Energy use (kg of oil equivalent per capita),EG.USE.PCAP.KG.OE,Nigeria,NGA,330.71892495147
Energy use (kg of oil equivalent per capita),EG.USE.PCAP.KG.OE,Northern Mariana Islands,MNP,..
Energy use (kg of oil equivalent per capita),EG.USE.PCAP.KG.OE,Norway,NOR,5368.57647170474
Energy use (kg of oil equivalent per capita),EG.USE.PCAP.KG.OE,Oman,OMN,5557.31259783447
Energy use (kg of oil equivalent per capita),EG.USE.PCAP.KG.OE,Pakistan,PAK,446.831497143007
Energy use (kg of oil equivalent per capita),EG.USE.PCAP.KG.OE,Palau,PLW,..
Energy use (kg of oil equivalent per capita),EG.USE.PCAP.KG.OE,Panama,PAN,1045.76582937315
Energy use (kg of oil equivalent per capita),EG.USE.PCAP.KG.OE,Papua New Guinea,PNG,..
Energy use (kg of oil equivalent per capita),EG.USE.PCAP.KG.OE,Paraguay,PRY,1072.60628446376
Energy use (kg of oil equivalent per capita),EG.USE.PCAP.KG.OE,Peru,PER,764.054757957891
Energy use (kg of oil equivalent per capita),EG.USE.PCAP.KG.OE,Philippines,PHL,520.980850770081
Energy use (kg of oil equivalent per capita),EG.USE.PCAP.KG.OE,Poland,POL,2614.97160490538
Energy use (kg of oil equivalent per capita),EG.USE.PCAP.KG.OE,Portugal,PRT,2111.0971132123
Energy use (kg of oil equivalent per capita),EG.USE.PCAP.KG.OE,Puerto Rico (US),PRI,..
Energy use (kg of oil equivalent per capita),EG.USE.PCAP.KG.OE,Qatar,QAT,15178.8562114172
Energy use (kg of oil equivalent per capita),EG.USE.PCAP.KG.OE,Romania,ROU,1604.62335040687
Energy use (kg of oil equivalent per capita),EG.USE.PCAP.KG.OE,Russian Federation,RUS,4917.54083897618
Energy use (kg of oil equivalent per capita),EG.USE.PCAP.KG.OE,Rwanda,RWA,347.74298432412
Energy use (kg of oil equivalent per capita),EG.USE.PCAP.KG.OE,Samoa,WSM,..
Energy use (kg of oil equivalent per capita),EG.USE.PCAP.KG.OE,San Marino,SMR,..
Energy use (kg of oil equivalent per capita),EG.USE.PCAP.KG.OE,Sao Tome and Principe,STP,..
Energy use (kg of oil equivalent per capita),EG.USE.PCAP.KG.OE,Saudi Arabia,SAU,7521.58911581712
Energy use (kg of oil equivalent per capita),EG.USE.PCAP.KG.OE,Senegal,SEN,287.042022425235
Energy use (kg of oil equivalent per capita),EG.USE.PCAP.KG.OE,Serbia,SRB,2165.83889288491
Energy use (kg of oil equivalent per capita),EG.USE.PCAP.KG.OE,Seychelles,SYC,..
Energy use (kg of oil equivalent per capita),EG.USE.PCAP.KG.OE,Sierra Leone,SLE,..
Energy use (kg of oil equivalent per capita),EG.USE.PCAP.KG.OE,Singapore,SGP,5449.41985010808
Energy use (kg of oil equivalent per capita),EG.USE.PCAP.KG.OE,Sint Maarten (Dutch part),SXM,..
Energy use (kg of oil equivalent per capita),EG.USE.PCAP.KG.OE,Slovak Republic,SVK,3159.56804668402
Energy use (kg of oil equivalent per capita),EG.USE.PCAP.KG.OE,Slovenia,SVN,3296.73500361863
Energy use (kg of oil equivalent per capita),EG.USE.PCAP.KG.OE,Solomon Islands,SLB,..
Energy use (kg of oil equivalent per capita),EG.USE.PCAP.KG.OE,"Somalia, Fed. Rep.",SOM,..
Energy use (kg of oil equivalent per capita),EG.USE.PCAP.KG.OE,South Africa,ZAF,2311.76901865151
Energy use (kg of oil equivalent per capita),EG.USE.PCAP.KG.OE,South Sudan,SSD,70.8326893678568
Energy use (kg of oil equivalent per capita),EG.USE.PCAP.KG.OE,Spain,ESP,2563.00704379932
Energy use (kg of oil equivalent per capita),EG.USE.PCAP.KG.OE,Sri Lanka,LKA,542.532333545075
Energy use (kg of oil equivalent per capita),EG.USE.PCAP.KG.OE,St. Kitts and Nevis,KNA,..
Energy use (kg of oil equivalent per capita),EG.USE.PCAP.KG.OE,St. Lucia,LCA,..
Energy use (kg of oil equivalent per capita),EG.USE.PCAP.KG.OE,St. Martin (French part),MAF,..
Energy use (kg of oil equivalent per capita),EG.USE.PCAP.KG.OE,St. Vincent and the Grenadines,VCT,..
Energy use (kg of oil equivalent per capita),EG.USE.PCAP.KG.OE,Sudan,SDN,448.456631655364
Energy use (kg of oil equivalent per capita),EG.USE.PCAP.KG.OE,Suriname,SUR,1728.65071732658
Energy use (kg of oil equivalent per capita),EG.USE.PCAP.KG.OE,Eswatini,SWZ,1035.35273669945
Energy use (kg of oil equivalent per capita),EG.USE.PCAP.KG.OE,Sweden,SWE,4858.89940544006
Energy use (kg of oil equivalent per capita),EG.USE.PCAP.KG.OE,Switzerland,CHE,2819.83095943189
Energy use (kg of oil equivalent per capita),EG.USE.PCAP.KG.OE,Syrian Arab Republic,SYR,530.409473294403
Energy use (kg of oil equivalent per capita),EG.USE.PCAP.KG.OE,Tajikistan,TJK,326.569218788739
Energy use (kg of oil equivalent per capita),EG.USE.PCAP.KG.OE,Tanzania,TZA,416.315699078634
Energy use (kg of oil equivalent per capita),EG.USE.PCAP.KG.OE,Thailand,THA,1985.00530928348
Energy use (kg of oil equivalent per capita),EG.USE.PCAP.KG.OE,Timor-Leste,TLS,..
Energy use (kg of oil equivalent per capita),EG.USE.PCAP.KG.OE,Togo,TGO,422.806732967677
Energy use (kg of oil equivalent per capita),EG.USE.PCAP.KG.OE,Tonga,TON,..
Energy use (kg of oil equivalent per capita),EG.USE.PCAP.KG.OE,Trinidad and Tobago,TTO,12250.992693627
Energy use (kg of oil equivalent per capita),EG.USE.PCAP.KG.OE,Tunisia,TUN,955.176493865808
Energy use (kg of oil equivalent per capita),EG.USE.PCAP.KG.OE,Turkiye,TUR,1724.54363987712
Energy use (kg of oil equivalent per capita),EG.USE.PCAP.KG.OE,Turkmenistan,TKM,3589.90954802381
Energy use (kg of oil equivalent per capita),EG.USE.PCAP.KG.OE,Turks and Caicos Islands,TCA,..
Energy use (kg of oil equivalent per capita),EG.USE.PCAP.KG.OE,Tuvalu,TUV,..
Energy use (kg of oil equivalent per capita),EG.USE.PCAP.KG.OE,Uganda,UGA,473.604213435105
Energy use (kg of oil equivalent per capita),EG.USE.PCAP.KG.OE,Ukraine,UKR,2007.97794185628
Energy use (kg of oil equivalent per capita),EG.USE.PCAP.KG.OE,United Arab Emirates,ARE,10355.5476088804
Energy use (kg of oil equivalent per capita),EG.USE.PCAP.KG.OE,United Kingdom,GBR,2696.97999020896
Energy use (kg of oil equivalent per capita),EG.USE.PCAP.KG.OE,United States,USA,6663.4963294418
Energy use (kg of oil equivalent per capita),EG.USE.PCAP.KG.OE,Uruguay,URY,1550.98299580242
Energy use (kg of oil equivalent per capita),EG.USE.PCAP.KG.OE,Uzbekistan,UZB,1209.61523440111
Energy use (kg of oil equivalent per capita),EG.USE.PCAP.KG.OE,Vanuatu,VUT,..
Energy use (kg of oil equivalent per capita),EG.USE.PCAP.KG.OE,"Venezuela, RB",VEN,1901.6695815311
Energy use (kg of oil equivalent per capita),EG.USE.PCAP.KG.OE,Viet Nam,VNM,738.879533385899
Energy use (kg of oil equivalent per capita),EG.USE.PCAP.KG.OE,Virgin Islands (U.S.),VIR,..
Energy use (kg of oil equivalent per capita),EG.USE.PCAP.KG.OE,West Bank and Gaza,PSE,..
Energy use (kg of oil equivalent per capita),EG.USE.PCAP.KG.OE,"Yemen, Rep.",YEM,83.3695325901369
Energy use (kg of oil equivalent per capita),EG.USE.PCAP.KG.OE,Zambia,ZMB,683.714230135287
Energy use (kg of oil equivalent per capita),EG.USE.PCAP.KG.OE,Zimbabwe,ZWE,423.185508873165
Electric power consumption (kWh per capita),EG.USE.ELEC.KH.PC,Afghanistan,AFG,..
Electric power consumption (kWh per capita),EG.USE.ELEC.KH.PC,Albania,ALB,2132.76301009605
Electric power consumption (kWh per capita),EG.USE.ELEC.KH.PC,Algeria,DZA,1470.35348531547
Electric power consumption (kWh per capita),EG.USE.ELEC.KH.PC,American Samoa,ASM,..
Electric power consumption (kWh per capita),EG.USE.ELEC.KH.PC,Andorra,AND,..
Electric power consumption (kWh per capita),EG.USE.ELEC.KH.PC,Angola,AGO,331.664900231538
Electric power consumption (kWh per capita),EG.USE.ELEC.KH.PC,Antigua and Barbuda,ATG,..
Electric power consumption (kWh per capita),EG.USE.ELEC.KH.PC,Argentina,ARG,3104.98925144338
Electric power consumption (kWh per capita),EG.USE.ELEC.KH.PC,Armenia,ARM,1889.85061658256
Electric power consumption (kWh per capita),EG.USE.ELEC.KH.PC,Aruba,ABW,..
Electric power consumption (kWh per capita),EG.USE.ELEC.KH.PC,Australia,AUS,10196.8479313322
Electric power consumption (kWh per capita),EG.USE.ELEC.KH.PC,Austria,AUT,8255.77897660756
Electric power consumption (kWh per capita),EG.USE.ELEC.KH.PC,Azerbaijan,AZE,2215.66064195539
Electric power consumption (kWh per capita),EG.USE.ELEC.KH.PC,"Bahamas, The",BHS,..
Electric power consumption (kWh per capita),EG.USE.ELEC.KH.PC,Bahrain,BHR,19531.1457401213
Electric power consumption (kWh per capita),EG.USE.ELEC.KH.PC,Bangladesh,BGD,412.780315331328
Electric power consumption (kWh per capita),EG.USE.ELEC.KH.PC,Barbados,BRB,..
Electric power consumption (kWh per capita),EG.USE.ELEC.KH.PC,Belarus,BLR,3560.00113629415
Electric power consumption (kWh per capita),EG.USE.ELEC.KH.PC,Belgium,BEL,7753.83707358176
Electric power consumption (kWh per capita),EG.USE.ELEC.KH.PC,Belize,BLZ,..
Electric power consumption (kWh per capita),EG.USE.ELEC.KH.PC,Benin,BEN,92.068263531
Electric power consumption (kWh per capita),EG.USE.ELEC.KH.PC,Bermuda,BMU,..
Electric power consumption (kWh per capita),EG.USE.ELEC.KH.PC,Bhutan,BTN,..
Electric power consumption (kWh per capita),EG.USE.ELEC.KH.PC,Bolivia,BOL,760.910982270157
Electric power consumption (kWh per capita),EG.USE.ELEC.KH.PC,Bosnia and Herzegovina,BIH,3642.95683015534
Electric power consumption (kWh per capita),EG.USE.ELEC.KH.PC,Botswana,BWA,1700.39413346125
Electric power consumption (kWh per capita),EG.USE.ELEC.KH.PC,Brazil,BRA,2592.61337303819
Electric power consumption (kWh per capita),EG.USE.ELEC.KH.PC,British Virgin Islands,VGB,..
Electric power consumption (kWh per capita),EG.USE.ELEC.KH.PC,Brunei Darussalam,BRN,9420.81185506731
Electric power consumption (kWh per capita),EG.USE.ELEC.KH.PC,Bulgaria,BGR,5124.6428306711
Electric power consumption (kWh per capita),EG.USE.ELEC.KH.PC,Burkina Faso,BFA,108.612135513189
Electric power consumption (kWh per capita),EG.USE.ELEC.KH.PC,Burundi,BDI,..
Electric power consumption (kWh per capita),EG.USE.ELEC.KH.PC,Cabo Verde,CPV,..
Electric power consumption (kWh per capita),EG.USE.ELEC.KH.PC,Cambodia,KHM,407.3727529447
Electric power consumption (kWh per capita),EG.USE.ELEC.KH.PC,Cameroon,CMR,251.426601872478
Electric power consumption (kWh per capita),EG.USE.ELEC.KH.PC,Canada,CAN,15759.6052350317
Electric power consumption (kWh per capita),EG.USE.ELEC.KH.PC,Cayman Islands,CYM,..
Electric power consumption (kWh per capita),EG.USE.ELEC.KH.PC,Central African Republic,CAF,..
Electric power consumption (kWh per capita),EG.USE.ELEC.KH.PC,Chad,TCD,13.0337080138448
Electric power consumption (kWh per capita),EG.USE.ELEC.KH.PC,Channel Islands,CHI,..
Electric power consumption (kWh per capita),EG.USE.ELEC.KH.PC,Chile,CHL,4185.58466008595
Electric power consumption (kWh per capita),EG.USE.ELEC.KH.PC,China,CHN,4237.54530584599
Electric power consumption (kWh per capita),EG.USE.ELEC.KH.PC,Colombia,COL,1478.42913852649
Electric power consumption (kWh per capita),EG.USE.ELEC.KH.PC,Comoros,COM,..
Electric power consumption (kWh per capita),EG.USE.ELEC.KH.PC,"Congo, Dem. Rep.",COD,106.817328967655
Electric power consumption (kWh per capita),EG.USE.ELEC.KH.PC,"Congo, Rep.",COG,304.44979220823
Electric power consumption (kWh per capita),EG.USE.ELEC.KH.PC,Costa Rica,CRI,2068.21535574907
Electric power consumption (kWh per capita),EG.USE.ELEC.KH.PC,Cote d'Ivoire,CIV,239.674590472541
Electric power consumption (kWh per capita),EG.USE.ELEC.KH.PC,Croatia,HRV,4028.61840911819
Electric power consumption (kWh per capita),EG.USE.ELEC.KH.PC,Cuba,CUB,1539.28610358674
Electric power consumption (kWh per capita),EG.USE.ELEC.KH.PC,Curacao,CUW,4929.10111233591
Electric power consumption (kWh per capita),EG.USE.ELEC.KH.PC,Cyprus,CYP,3737.73756943591
Electric power consumption (kWh per capita),EG.USE.ELEC.KH.PC,Czechia,CZE,6459.66831252321
Electric power consumption (kWh per capita),EG.USE.ELEC.KH.PC,Denmark,DNK,5887.38497314076
Electric power consumption (kWh per capita),EG.USE.ELEC.KH.PC,Djibouti,DJI,..
Electric power consumption (kWh per capita),EG.USE.ELEC.KH.PC,Dominica,DMA,..
Electric power consumption (kWh per capita),EG.USE.ELEC.KH.PC,Dominican Republic,DOM,1542.72927934887
Electric power consumption (kWh per capita),EG.USE.ELEC.KH.PC,Ecuador,ECU,1423.43545243697
Electric power consumption (kWh per capita),EG.USE.ELEC.KH.PC,"Egypt, Arab Rep.",EGY,1478.93755564303
Electric power consumption (kWh per capita),EG.USE.ELEC.KH.PC,El Salvador,SLV,1007.93446006967
Electric power consumption (kWh per capita),EG.USE.ELEC.KH.PC,Equatorial Guinea,GNQ,822.179757669147
Electric power consumption (kWh per capita),EG.USE.ELEC.KH.PC,Eritrea,ERI,77.1274535971156
Electric power consumption (kWh per capita),EG.USE.ELEC.KH.PC,Estonia,EST,7150.83713966514
Electric power consumption (kWh per capita),EG.USE.ELEC.KH.PC,Ethiopia,ETH,81.1483241249976
Electric power consumption (kWh per capita),EG.USE.ELEC.KH.PC,Faroe Islands,FRO,..
Electric power consumption (kWh per capita),EG.USE.ELEC.KH.PC,Fiji,FJI,..
Electric power consumption (kWh per capita),EG.USE.ELEC.KH.PC,Finland,FIN,15489.9556948907
Electric power consumption (kWh per capita),EG.USE.ELEC.KH.PC,France,FRA,7276.87553511397
Electric power consumption (kWh per capita),EG.USE.ELEC.KH.PC,French Polynesia,PYF,..
Electric power consumption (kWh per capita),EG.USE.ELEC.KH.PC,Gabon,GAB,1011.28121330892
Electric power consumption (kWh per capita),EG.USE.ELEC.KH.PC,"Gambia, The",GMB,..
Electric power consumption (kWh per capita),EG.USE.ELEC.KH.PC,Georgia,GEO,2873.23558251431
Electric power consumption (kWh per capita),EG.USE.ELEC.KH.PC,Germany,DEU,6972.36527283762
Electric power consumption (kWh per capita),EG.USE.ELEC.KH.PC,Ghana,GHA,357.703181095504
Electric power consumption (kWh per capita),EG.USE.ELEC.KH.PC,Gibraltar,GIB,6179.80866361638
Electric power consumption (kWh per capita),EG.USE.ELEC.KH.PC,Greece,GRC,5500.84999300759
Electric power consumption (kWh per capita),EG.USE.ELEC.KH.PC,Greenland,GRL,..
Electric power consumption (kWh per capita),EG.USE.ELEC.KH.PC,Grenada,GRD,..
Electric power consumption (kWh per capita),EG.USE.ELEC.KH.PC,Guam,GUM,..
Electric power consumption (kWh per capita),EG.USE.ELEC.KH.PC,Guatemala,GTM,640.98308660279
Electric power consumption (kWh per capita),EG.USE.ELEC.KH.PC,Guinea,GIN,..
Electric power consumption (kWh per capita),EG.USE.ELEC.KH.PC,Guinea-Bissau,GNB,..
Electric power consumption (kWh per capita),EG.USE.ELEC.KH.PC,Guyana,GUY,..
Electric power consumption (kWh per capita),EG.USE.ELEC.KH.PC,Haiti,HTI,86.5861147170438
Electric power consumption (kWh per capita),EG.USE.ELEC.KH.PC,Honduras,HND,699.291783799634
Electric power consumption (kWh per capita),EG.USE.ELEC.KH.PC,"Hong Kong SAR, China",HKG,6390.4260829267
Electric power consumption (kWh per capita),EG.USE.ELEC.KH.PC,Hungary,HUN,4205.74082033822
Electric power consumption (kWh per capita),EG.USE.ELEC.KH.PC,Iceland,ISL,53842.8745613957
Electric power consumption (kWh per capita),EG.USE.ELEC.KH.PC,India,IND,879.945696796945
Electric power consumption (kWh per capita),EG.USE.ELEC.KH.PC,Indonesia,IDN,907.717733163991
Electric power consumption (kWh per capita),EG.USE.ELEC.KH.PC,"Iran, Islamic Rep.",IRN,3020.01278381479
Electric power consumption (kWh per capita),EG.USE.ELEC.KH.PC,Iraq,IRQ,1112.43605247329
Electric power consumption (kWh per capita),EG.USE.ELEC.KH.PC,Ireland,IRL,5830.06944348211
Electric power consumption (kWh per capita),EG.USE.ELEC.KH.PC,Isle of Man,IMN,..
Electric power consumption (kWh per capita),EG.USE.ELEC.KH.PC,Israel,ISR,6890.5920898666
Electric power consumption (kWh per capita),EG.USE.ELEC.KH.PC,Italy,ITA,5124.17628393394
Electric power consumption (kWh per capita),EG.USE.ELEC.KH.PC,Jamaica,JAM,1143.80684113221
Electric power consumption (kWh per capita),EG.USE.ELEC.KH.PC,Japan,JPN,8066.01561270421
Electric power consumption (kWh per capita),EG.USE.ELEC.KH.PC,Jordan,JOR,1788.46128669876
Electric power consumption (kWh per capita),EG.USE.ELEC.KH.PC,Kazakhstan,KAZ,4797.4797969897
Electric power consumption (kWh per capita),EG.USE.ELEC.KH.PC,Kenya,KEN,173.266602252732
Electric power consumption (kWh per capita),EG.USE.ELEC.KH.PC,Kiribati,KIR,..
Electric power consumption (kWh per capita),EG.USE.ELEC.KH.PC,"Korea, Dem. People's Rep.",PRK,784.370157028905
Electric power consumption (kWh per capita),EG.USE.ELEC.KH.PC,"Korea, Rep.",KOR,10609.8069063993
Electric power consumption (kWh per capita),EG.USE.ELEC.KH.PC,Kosovo,XKX,..
Electric power consumption (kWh per capita),EG.USE.ELEC.KH.PC,Kuwait,KWT,15956.910124033
Electric power consumption (kWh per capita),EG.USE.ELEC.KH.PC,Kyrgyz Republic,KGZ,1738.85218914333
Electric power consumption (kWh per capita),EG.USE.ELEC.KH.PC,Lao PDR,LAO,796.954377908066
Electric power consumption (kWh per capita),EG.USE.ELEC.KH.PC,Latvia,LVA,3563.08658627012
Electric power consumption (kWh per capita),EG.USE.ELEC.KH.PC,Lebanon,LBN,2768.91252020383
Electric power consumption (kWh per capita),EG.USE.ELEC.KH.PC,Lesotho,LSO,..
Electric power consumption (kWh per capita),EG.USE.ELEC.KH.PC,Liberia,LBR,..
Electric power consumption (kWh per capita),EG.USE.ELEC.KH.PC,Libya,LBY,3840.24670218871
Electric power consumption (kWh per capita),EG.USE.ELEC.KH.PC,Liechtenstein,LIE,..
Electric power consumption (kWh per capita),EG.USE.ELEC.KH.PC,Lithuania,LTU,4043.33886509171
Electric power consumption (kWh per capita),EG.USE.ELEC.KH.PC,Luxembourg,LUX,14327.8340383565
Electric power consumption (kWh per capita),EG.USE.ELEC.KH.PC,"Macao SAR, China",MAC,..
Electric power consumption (kWh per capita),EG.USE.ELEC.KH.PC,North Macedonia,MKD,3490.50759240482
Electric power consumption (kWh per capita),EG.USE.ELEC.KH.PC,Madagascar,MDG,66.3985895452988
Electric power consumption (kWh per capita),EG.USE.ELEC.KH.PC,Malawi,MWI,..
Electric power consumption (kWh per capita),EG.USE.ELEC.KH.PC,Malaysia,MYS,4567.33056650294
Electric power consumption (kWh per capita),EG.USE.ELEC.KH.PC,Maldives,MDV,..
Electric power consumption (kWh per capita),EG.USE.ELEC.KH.PC,Mali,MLI,..
Electric power consumption (kWh per capita),EG.USE.ELEC.KH.PC,Malta,MLT,4767.82433636594
Electric power consumption (kWh per capita),EG.USE.ELEC.KH.PC,Marshall Islands,MHL,..
Electric power consumption (kWh per capita),EG.USE.ELEC.KH.PC,Mauritania,MRT,..
Electric power consumption (kWh per capita),EG.USE.ELEC.KH.PC,Mauritius,MUS,2271.02418442932
Electric power consumption (kWh per capita),EG.USE.ELEC.KH.PC,Mexico,MEX,2292.03193018292
Electric power consumption (kWh per capita),EG.USE.ELEC.KH.PC,"Micronesia, Fed. Sts.",FSM,..
Electric power consumption (kWh per capita),EG.USE.ELEC.KH.PC,Moldova,MDA,1882.5008401155
Electric power consumption (kWh per capita),EG.USE.ELEC.KH.PC,Monaco,MCO,..
Electric power consumption (kWh per capita),EG.USE.ELEC.KH.PC,Mongolia,MNG,2026.64028365194
Electric power consumption (kWh per capita),EG.USE.ELEC.KH.PC,Montenegro,MNE,4643.77719464047
Electric power consumption (kWh per capita),EG.USE.ELEC.KH.PC,Morocco,MAR,903.451649561607
Electric power consumption (kWh per capita),EG.USE.ELEC.KH.PC,Mozambique,MOZ,481.835951539126
Electric power consumption (kWh per capita),EG.USE.ELEC.KH.PC,Myanmar,MMR,254.623221327079
Electric power consumption (kWh per capita),EG.USE.ELEC.KH.PC,Namibia,NAM,1623.88442501741
Electric power consumption (kWh per capita),EG.USE.ELEC.KH.PC,Nauru,NRU,..
Electric power consumption (kWh per capita),EG.USE.ELEC.KH.PC,Nepal,NPL,175.636517829682
Electric power consumption (kWh per capita),EG.USE.ELEC.KH.PC,Netherlands,NLD,6731.46719432184
Electric power consumption (kWh per capita),EG.USE.ELEC.KH.PC,New Caledonia,NCL,..
Electric power consumption (kWh per capita),EG.USE.ELEC.KH.PC,New Zealand,NZL,8741.4352686621
Electric power consumption (kWh per capita),EG.USE.ELEC.KH.PC,Nicaragua,NIC,597.978457372816
Electric power consumption (kWh per capita),EG.USE.ELEC.KH.PC,Niger,NER,65.2139663467895
Electric power consumption (kWh per capita),EG.USE.ELEC.KH.PC,Nigeria,NGA,219.234490546382
Electric power consumption (kWh per capita),EG.USE.ELEC.KH.PC,Northern Mariana Islands,MNP,..
Electric power consumption (kWh per capita),EG.USE.ELEC.KH.PC,Norway,NOR,23867.7135377673
Electric power consumption (kWh per capita),EG.USE.ELEC.KH.PC,Oman,OMN,7056.22134257006
Electric power consumption (kWh per capita),EG.USE.ELEC.KH.PC,Pakistan,PAK,455.97127147955
Electric power consumption (kWh per capita),EG.USE.ELEC.KH.PC,Palau,PLW,..
Electric power consumption (kWh per capita),EG.USE.ELEC.KH.PC,Panama,PAN,2235.49460100876
Electric power consumption (kWh per capita),EG.USE.ELEC.KH.PC,Papua New Guinea,PNG,..
Electric power consumption (kWh per capita),EG.USE.ELEC.KH.PC,Paraguay,PRY,1845.85812480017
Electric power consumption (kWh per capita),EG.USE.ELEC.KH.PC,Peru,PER,1493.85284898246
Electric power consumption (kWh per capita),EG.USE.ELEC.KH.PC,Philippines,PHL,773.021447487509
Electric power consumption (kWh per capita),EG.USE.ELEC.KH.PC,Poland,POL,4191.16764204412
Electric power consumption (kWh per capita),EG.USE.ELEC.KH.PC,Portugal,PRT,4875.62190982051
Electric power consumption (kWh per capita),EG.USE.ELEC.KH.PC,Puerto Rico (US),PRI,..
Electric power consumption (kWh per capita),EG.USE.ELEC.KH.PC,Qatar,QAT,16056.9986108829
Electric power consumption (kWh per capita),EG.USE.ELEC.KH.PC,Romania,ROU,2688.06630221791
Electric power consumption (kWh per capita),EG.USE.ELEC.KH.PC,Russian Federation,RUS,6683.60463084419
Electric power consumption (kWh per capita),EG.USE.ELEC.KH.PC,Rwanda,RWA,47.2347811087387
Electric power consumption (kWh per capita),EG.USE.ELEC.KH.PC,Samoa,WSM,..
Electric power consumption (kWh per capita),EG.USE.ELEC.KH.PC,San Marino,SMR,..
Electric power consumption (kWh per capita),EG.USE.ELEC.KH.PC,Sao Tome and Principe,STP,..
Electric power consumption (kWh per capita),EG.USE.ELEC.KH.PC,Saudi Arabia,SAU,11051.2312417204
Electric power consumption (kWh per capita),EG.USE.ELEC.KH.PC,Senegal,SEN,275.831867207475
Electric power consumption (kWh per capita),EG.USE.ELEC.KH.PC,Serbia,SRB,4620.36161002573
Electric power consumption (kWh per capita),EG.USE.ELEC.KH.PC,Seychelles,SYC,..
Electric power consumption (kWh per capita),EG.USE.ELEC.KH.PC,Sierra Leone,SLE,..
Electric power consumption (kWh per capita),EG.USE.ELEC.KH.PC,Singapore,SGP,9040.02883392902
Electric power consumption (kWh per capita),EG.USE.ELEC.KH.PC,Sint Maarten (Dutch part),SXM,..
Electric power consumption (kWh per capita),EG.USE.ELEC.KH.PC,Slovak Republic,SVK,5226.30375867414
Electric power consumption (kWh per capita),EG.USE.ELEC.KH.PC,Slovenia,SVN,6996.46786845013
Electric power consumption (kWh per capita),EG.USE.ELEC.KH.PC,Solomon Islands,SLB,..
Electric power consumption (kWh per capita),EG.USE.ELEC.KH.PC,"Somalia, Fed. Rep.",SOM,..
Electric power consumption (kWh per capita),EG.USE.ELEC.KH.PC,South Africa,ZAF,3935.6578258883
Electric power consumption (kWh per capita),EG.USE.ELEC.KH.PC,South Sudan,SSD,44.2285769792381
Electric power consumption (kWh per capita),EG.USE.ELEC.KH.PC,Spain,ESP,5504.26697031493
Electric power consumption (kWh per capita),EG.USE.ELEC.KH.PC,Sri Lanka,LKA,626.479324814937
Electric power consumption (kWh per capita),EG.USE.ELEC.KH.PC,St. Kitts and Nevis,KNA,..
Electric power consumption (kWh per capita),EG.USE.ELEC.KH.PC,St. Lucia,LCA,..
Electric power consumption (kWh per capita),EG.USE.ELEC.KH.PC,St. Martin (French part),MAF,..
Electric power consumption (kWh per capita),EG.USE.ELEC.KH.PC,St. Vincent and the Grenadines,VCT,..
Electric power consumption (kWh per capita),EG.USE.ELEC.KH.PC,Sudan,SDN,286.913014702026
Electric power consumption (kWh per capita),EG.USE.ELEC.KH.PC,Suriname,SUR,2979.12232436194
Electric power consumption (kWh per capita),EG.USE.ELEC.KH.PC,Eswatini,SWZ,1060.45461228161
Electric power consumption (kWh per capita),EG.USE.ELEC.KH.PC,Sweden,SWE,13675.7873181576
Electric power consumption (kWh per capita),EG.USE.ELEC.KH.PC,Switzerland,CHE,7479.69328361043
Electric power consumption (kWh per capita),EG.USE.ELEC.KH.PC,Syrian Arab Republic,SYR,777.489270773103
Electric power consumption (kWh per capita),EG.USE.ELEC.KH.PC,Tajikistan,TJK,1484.4967041827
Electric power consumption (kWh per capita),EG.USE.ELEC.KH.PC,Tanzania,TZA,105.696318109911
Electric power consumption (kWh per capita),EG.USE.ELEC.KH.PC,Thailand,THA,2713.87851406553
Electric power consumption (kWh per capita),EG.USE.ELEC.KH.PC,Timor-Leste,TLS,..
Electric power consumption (kWh per capita),EG.USE.ELEC.KH.PC,Togo,TGO,126.617893538912
Electric power consumption (kWh per capita),EG.USE.ELEC.KH.PC,Tonga,TON,..
Electric power consumption (kWh per capita),EG.USE.ELEC.KH.PC,Trinidad and Tobago,TTO,6770.0966470812
Electric power consumption (kWh per capita),EG.USE.ELEC.KH.PC,Tunisia,TUN,1442.05656261943
Electric power consumption (kWh per capita),EG.USE.ELEC.KH.PC,Turkiye,TUR,3073.67891217991
Electric power consumption (kWh per capita),EG.USE.ELEC.KH.PC,Turkmenistan,TKM,2717.43531213085
Electric power consumption (kWh per capita),EG.USE.ELEC.KH.PC,Turks and Caicos Islands,TCA,..
Electric power consumption (kWh per capita),EG.USE.ELEC.KH.PC,Tuvalu,TUV,..
Electric power consumption (kWh per capita),EG.USE.ELEC.KH.PC,Uganda,UGA,75.9552683007092
Electric power consumption (kWh per capita),EG.USE.ELEC.KH.PC,Ukraine,UKR,3160.98233213565
Electric power consumption (kWh per capita),EG.USE.ELEC.KH.PC,United Arab Emirates,ARE,13705.6181271716
Electric power consumption (kWh per capita),EG.USE.ELEC.KH.PC,United Kingdom,GBR,5009.54166476138
Electric power consumption (kWh per capita),EG.USE.ELEC.KH.PC,United States,USA,12806.1977101885
Electric power consumption (kWh per capita),EG.USE.ELEC.KH.PC,Uruguay,URY,3408.71125620435
Electric power consumption (kWh per capita),EG.USE.ELEC.KH.PC,Uzbekistan,UZB,1538.10658341199
Electric power consumption (kWh per capita),EG.USE.ELEC.KH.PC,Vanuatu,VUT,..
Electric power consumption (kWh per capita),EG.USE.ELEC.KH.PC,"Venezuela, RB",VEN,2384.08202375891
Electric power consumption (kWh per capita),EG.USE.ELEC.KH.PC,Viet Nam,VNM,1788.72117786832
Electric power consumption (kWh per capita),EG.USE.ELEC.KH.PC,Virgin Islands (U.S.),VIR,..
Electric power consumption (kWh per capita),EG.USE.ELEC.KH.PC,West Bank and Gaza,PSE,..
Electric power consumption (kWh per capita),EG.USE.ELEC.KH.PC,"Yemen, Rep.",YEM,113.176955627097
Electric power consumption (kWh per capita),EG.USE.ELEC.KH.PC,Zambia,ZMB,661.329091746139
Electric power consumption (kWh per capita),EG.USE.ELEC.KH.PC,Zimbabwe,ZWE,511.77051640193
GDP (current US$),NY.GDP.MKTP.CD,Afghanistan,AFG,18116572395.0772
GDP (current US$),NY.GDP.MKTP.CD,Albania,ALB,11988668784.6628
GDP (current US$),NY.GDP.MKTP.CD,Algeria,DZA,180763839522.151
GDP (current US$),NY.GDP.MKTP.CD,American Samoa,ASM,671000000
GDP (current US$),NY.GDP.MKTP.CD,Andorra,AND,2896611878.6258
GDP (current US$),NY.GDP.MKTP.CD,Angola,AGO,59878249719.3279
GDP (current US$),NY.GDP.MKTP.CD,Antigua and Barbuda,ATG,1489603703.7037
GDP (current US$),NY.GDP.MKTP.CD,Argentina,ARG,557532320662.955
GDP (current US$),NY.GDP.MKTP.CD,Armenia,ARM,10546136235.5219
GDP (current US$),NY.GDP.MKTP.CD,Aruba,ABW,2983637430.1676
GDP (current US$),NY.GDP.MKTP.CD,Australia,AUS,1211588128417.61
GDP (current US$),NY.GDP.MKTP.CD,Austria,AUT,393687359770.273
GDP (current US$),NY.GDP.MKTP.CD,Azerbaijan,AZE,37866996882.9157
GDP (current US$),NY.GDP.MKTP.CD,"Bahamas, The",BHS,11880900000
GDP (current US$),NY.GDP.MKTP.CD,Bahrain,BHR,33884680851.0638
GDP (current US$),NY.GDP.MKTP.CD,Bangladesh,BGD,265224515675.034
GDP (current US$),NY.GDP.MKTP.CD,Barbados,BRB,5674600000
GDP (current US$),NY.GDP.MKTP.CD,Belarus,BLR,47723545321.259
GDP (current US$),NY.GDP.MKTP.CD,Belgium,BEL,474271566739.729
GDP (current US$),NY.GDP.MKTP.CD,Belize,BLZ,2239604950
GDP (current US$),NY.GDP.MKTP.CD,Benin,BEN,11821065853.3838
GDP (current US$),NY.GDP.MKTP.CD,Bermuda,BMU,6899911000
GDP (current US$),NY.GDP.MKTP.CD,Bhutan,BTN,2357504760.78592
GDP (current US$),NY.GDP.MKTP.CD,Bolivia,BOL,33941126193.9219
GDP (current US$),NY.GDP.MKTP.CD,Bosnia and Herzegovina,BIH,17116926553.8513
GDP (current US$),NY.GDP.MKTP.CD,Botswana,BWA,15082637184.0496
GDP (current US$),NY.GDP.MKTP.CD,Brazil,BRA,1795693265999.04
GDP (current US$),NY.GDP.MKTP.CD,British Virgin Islands,VGB,..
GDP (current US$),NY.GDP.MKTP.CD,Brunei Darussalam,BRN,11400266044.6651
GDP (current US$),NY.GDP.MKTP.CD,Bulgaria,BGR,53929397039.2106
GDP (current US$),NY.GDP.MKTP.CD,Burkina Faso,BFA,12833363045.3367
GDP (current US$),NY.GDP.MKTP.CD,Burundi,BDI,2618093125.14687
GDP (current US$),NY.GDP.MKTP.CD,Cabo Verde,CPV,1849789985.99572
GDP (current US$),NY.GDP.MKTP.CD,Cambodia,KHM,26556545153.3573
GDP (current US$),NY.GDP.MKTP.CD,Cameroon,CMR,33814337044.3765
GDP (current US$),NY.GDP.MKTP.CD,Canada,CAN,1527994741907.43
GDP (current US$),NY.GDP.MKTP.CD,Cayman Islands,CYM,4909322200.00212
GDP (current US$),NY.GDP.MKTP.CD,Central African Republic,CAF,1825018144.65595
GDP (current US$),NY.GDP.MKTP.CD,Chad,TCD,13026289835.7789
GDP (current US$),NY.GDP.MKTP.CD,Channel Islands,CHI,9168857222.32574
GDP (current US$),NY.GDP.MKTP.CD,Chile,CHL,249344863928.438
GDP (current US$),NY.GDP.MKTP.CD,China,CHN,11456024084962
GDP (current US$),NY.GDP.MKTP.CD,Colombia,COL,282720100286.228
GDP (current US$),NY.GDP.MKTP.CD,Comoros,COM,1012835493.19325
GDP (current US$),NY.GDP.MKTP.CD,"Congo, Dem. Rep.",COD,38600224214.4728
GDP (current US$),NY.GDP.MKTP.CD,"Congo, Rep.",COG,10931328150.8478
GDP (current US$),NY.GDP.MKTP.CD,Costa Rica,CRI,58847019609.6549
GDP (current US$),NY.GDP.MKTP.CD,Cote d'Ivoire,CIV,48407761036.8238
GDP (current US$),NY.GDP.MKTP.CD,Croatia,HRV,52650714171.8617
GDP (current US$),NY.GDP.MKTP.CD,Cuba,CUB,91370407900
GDP (current US$),NY.GDP.MKTP.CD,Curacao,CUW,3024690188.01683
GDP (current US$),NY.GDP.MKTP.CD,Cyprus,CYP,21046462280.5979
GDP (current US$),NY.GDP.MKTP.CD,Czechia,CZE,198160659303.939
GDP (current US$),NY.GDP.MKTP.CD,Denmark,DNK,312181849372.233
GDP (current US$),NY.GDP.MKTP.CD,Djibouti,DJI,2604955228.70117
GDP (current US$),NY.GDP.MKTP.CD,Dominica,DMA,612711111.111111
GDP (current US$),NY.GDP.MKTP.CD,Dominican Republic,DOM,75552902635.7075
GDP (current US$),NY.GDP.MKTP.CD,Ecuador,ECU,97671433000
GDP (current US$),NY.GDP.MKTP.CD,"Egypt, Arab Rep.",EGY,332441717791.411
GDP (current US$),NY.GDP.MKTP.CD,El Salvador,SLV,24191430000
GDP (current US$),NY.GDP.MKTP.CD,Equatorial Guinea,GNQ,11240808847.8878
GDP (current US$),NY.GDP.MKTP.CD,Eritrea,ERI,..
GDP (current US$),NY.GDP.MKTP.CD,Estonia,EST,24561027787.7896
GDP (current US$),NY.GDP.MKTP.CD,Ethiopia,ETH,68475871209.607
GDP (current US$),NY.GDP.MKTP.CD,Faroe Islands,FRO,2813278868.78208
GDP (current US$),NY.GDP.MKTP.CD,Fiji,FJI,4930213644.36653
GDP (current US$),NY.GDP.MKTP.CD,Finland,FIN,238777818792.608
GDP (current US$),NY.GDP.MKTP.CD,France,FRA,2470407619777.13
GDP (current US$),NY.GDP.MKTP.CD,French Polynesia,PYF,5497036476.8031
GDP (current US$),NY.GDP.MKTP.CD,Gabon,GAB,14023890265.3665
GDP (current US$),NY.GDP.MKTP.CD,"Gambia, The",GMB,1484578885.97132
GDP (current US$),NY.GDP.MKTP.CD,Georgia,GEO,15444548901.9637
GDP (current US$),NY.GDP.MKTP.CD,Germany,DEU,3536787895179
GDP (current US$),NY.GDP.MKTP.CD,Ghana,GHA,56144179397.8516
GDP (current US$),NY.GDP.MKTP.CD,Gibraltar,GIB,..
GDP (current US$),NY.GDP.MKTP.CD,Greece,GRC,193097239005.87
GDP (current US$),NY.GDP.MKTP.CD,Greenland,GRL,2707139544.46695
GDP (current US$),NY.GDP.MKTP.CD,Grenada,GRD,1061640740.74074
GDP (current US$),NY.GDP.MKTP.CD,Guam,GUM,5901000000
GDP (current US$),NY.GDP.MKTP.CD,Guatemala,GTM,66053408205.8838
GDP (current US$),NY.GDP.MKTP.CD,Guinea,GIN,8595955222.49719
GDP (current US$),NY.GDP.MKTP.CD,Guinea-Bissau,GNB,1245074264.10396
GDP (current US$),NY.GDP.MKTP.CD,Guyana,GUY,4482697336.56174
GDP (current US$),NY.GDP.MKTP.CD,Haiti,HTI,14069277526.2278
GDP (current US$),NY.GDP.MKTP.CD,Honduras,HND,21717604952.1835
GDP (current US$),NY.GDP.MKTP.CD,"Hong Kong SAR, China",HKG,320860317562.562
GDP (current US$),NY.GDP.MKTP.CD,Hungary,HUN,128983560865.293
GDP (current US$),NY.GDP.MKTP.CD,Iceland,ISL,21083713310.457
GDP (current US$),NY.GDP.MKTP.CD,India,IND,2294796885663.16
GDP (current US$),NY.GDP.MKTP.CD,Indonesia,IDN,931877364037.698
GDP (current US$),NY.GDP.MKTP.CD,"Iran, Islamic Rep.",IRN,478618064870.999
GDP (current US$),NY.GDP.MKTP.CD,Iraq,IRQ,166743557747.671
GDP (current US$),NY.GDP.MKTP.CD,Ireland,IRL,305431252708.748
GDP (current US$),NY.GDP.MKTP.CD,Isle of Man,IMN,6846377563.00683
GDP (current US$),NY.GDP.MKTP.CD,Israel,ISR,321940971558.016
GDP (current US$),NY.GDP.MKTP.CD,Italy,ITA,1887111188176.93
GDP (current US$),NY.GDP.MKTP.CD,Jamaica,JAM,14898999754.1229
GDP (current US$),NY.GDP.MKTP.CD,Japan,JPN,5003677627544.24
GDP (current US$),NY.GDP.MKTP.CD,Jordan,JOR,39892551126.7606
GDP (current US$),NY.GDP.MKTP.CD,Kazakhstan,KAZ,137278320084.171
GDP (current US$),NY.GDP.MKTP.CD,Kenya,KEN,74815144163.8931
GDP (current US$),NY.GDP.MKTP.CD,Kiribati,KIR,206467818.503227
GDP (current US$),NY.GDP.MKTP.CD,"Korea, Dem. People's Rep.",PRK,..
GDP (current US$),NY.GDP.MKTP.CD,"Korea, Rep.",KOR,1579150518945.44
GDP (current US$),NY.GDP.MKTP.CD,Kosovo,XKX,6682677289.98994
GDP (current US$),NY.GDP.MKTP.CD,Kuwait,KWT,109406674124.652
GDP (current US$),NY.GDP.MKTP.CD,Kyrgyz Republic,KGZ,6813095379.1187
GDP (current US$),NY.GDP.MKTP.CD,Lao PDR,LAO,15912501722.6143
GDP (current US$),NY.GDP.MKTP.CD,Latvia,LVA,27117105059.5075
GDP (current US$),NY.GDP.MKTP.CD,Lebanon,LBN,51147308774.1294
GDP (current US$),NY.GDP.MKTP.CD,Lesotho,LSO,2114426452.2019
GDP (current US$),NY.GDP.MKTP.CD,Liberia,LBR,3398419600
GDP (current US$),NY.GDP.MKTP.CD,Libya,LBY,49912073701.298
GDP (current US$),NY.GDP.MKTP.CD,Liechtenstein,LIE,6237302033.50132
GDP (current US$),NY.GDP.MKTP.CD,Lithuania,LTU,42970749245.0336
GDP (current US$),NY.GDP.MKTP.CD,Luxembourg,LUX,62216885435.9488
GDP (current US$),NY.GDP.MKTP.CD,"Macao SAR, China",MAC,44964868323.7558
GDP (current US$),NY.GDP.MKTP.CD,North Macedonia,MKD,10672467073.2873
GDP (current US$),NY.GDP.MKTP.CD,Madagascar,MDG,11848613858.442
GDP (current US$),NY.GDP.MKTP.CD,Malawi,MWI,7909868618.46366
GDP (current US$),NY.GDP.MKTP.CD,Malaysia,MYS,301256033870.334
GDP (current US$),NY.GDP.MKTP.CD,Maldives,MDV,4409942623.85538
GDP (current US$),NY.GDP.MKTP.CD,Mali,MLI,16743796799.8329
GDP (current US$),NY.GDP.MKTP.CD,Malta,MLT,12025782834.1534
GDP (current US$),NY.GDP.MKTP.CD,Marshall Islands,MHL,201800000
GDP (current US$),NY.GDP.MKTP.CD,Mauritania,MRT,6398747592.13185
GDP (current US$),NY.GDP.MKTP.CD,Mauritius,MUS,12757680846.5663
GDP (current US$),NY.GDP.MKTP.CD,Mexico,MEX,1112233497452.7
GDP (current US$),NY.GDP.MKTP.CD,"Micronesia, Fed. Sts.",FSM,325000000
GDP (current US$),NY.GDP.MKTP.CD,Moldova,MDA,7980917075.7748
GDP (current US$),NY.GDP.MKTP.CD,Monaco,MCO,6471290793.55029
GDP (current US$),NY.GDP.MKTP.CD,Mongolia,MNG,11181350649.3573
GDP (current US$),NY.GDP.MKTP.CD,Montenegro,MNE,4357469330.46719
GDP (current US$),NY.GDP.MKTP.CD,Morocco,MAR,111572947004.917
GDP (current US$),NY.GDP.MKTP.CD,Mozambique,MOZ,12069051237.1711
GDP (current US$),NY.GDP.MKTP.CD,Myanmar,MMR,63298361983.5653
GDP (current US$),NY.GDP.MKTP.CD,Namibia,NAM,10722018732.0936
GDP (current US$),NY.GDP.MKTP.CD,Nauru,NRU,97541943.0355053
GDP (current US$),NY.GDP.MKTP.CD,Nepal,NPL,24524109483.5293
GDP (current US$),NY.GDP.MKTP.CD,Netherlands,NLD,797163949289.885
GDP (current US$),NY.GDP.MKTP.CD,New Caledonia,NCL,8724568954.89799
GDP (current US$),NY.GDP.MKTP.CD,New Zealand,NZL,189100085275.23
GDP (current US$),NY.GDP.MKTP.CD,Nicaragua,NIC,13286093388.4752
GDP (current US$),NY.GDP.MKTP.CD,Niger,NER,10398861981.7583
GDP (current US$),NY.GDP.MKTP.CD,Nigeria,NGA,404649125252.16
GDP (current US$),NY.GDP.MKTP.CD,Northern Mariana Islands,MNP,1230000000
GDP (current US$),NY.GDP.MKTP.CD,Norway,NOR,370956547619.048
GDP (current US$),NY.GDP.MKTP.CD,Oman,OMN,75128738621.5865
GDP (current US$),NY.GDP.MKTP.CD,Pakistan,PAK,313630000130.435
GDP (current US$),NY.GDP.MKTP.CD,Palau,PLW,305227020.263672
GDP (current US$),NY.GDP.MKTP.CD,Panama,PAN,59760858717.8359
GDP (current US$),NY.GDP.MKTP.CD,Papua New Guinea,PNG,20758876952.6232
GDP (current US$),NY.GDP.MKTP.CD,Paraguay,PRY,36089700222.9546
GDP (current US$),NY.GDP.MKTP.CD,Peru,PER,191898104390.379
GDP (current US$),NY.GDP.MKTP.CD,Philippines,PHL,318627003016.731
GDP (current US$),NY.GDP.MKTP.CD,Poland,POL,473259583969.643
GDP (current US$),NY.GDP.MKTP.CD,Portugal,PRT,206305431241.638
GDP (current US$),NY.GDP.MKTP.CD,Puerto Rico (US),PRI,104336700000
GDP (current US$),NY.GDP.MKTP.CD,Qatar,QAT,151732142857.143
GDP (current US$),NY.GDP.MKTP.CD,Romania,ROU,185290759248.844
GDP (current US$),NY.GDP.MKTP.CD,Russian Federation,RUS,1276786350881.14
GDP (current US$),NY.GDP.MKTP.CD,Rwanda,RWA,8695272057.91798
GDP (current US$),NY.GDP.MKTP.CD,Samoa,WSM,843924796.697421
GDP (current US$),NY.GDP.MKTP.CD,San Marino,SMR,1468343139.74326
GDP (current US$),NY.GDP.MKTP.CD,Sao Tome and Principe,STP,292267272.196925
GDP (current US$),NY.GDP.MKTP.CD,Saudi Arabia,SAU,689279466666.667
GDP (current US$),NY.GDP.MKTP.CD,Senegal,SEN,19040312333.1864
GDP (current US$),NY.GDP.MKTP.CD,Serbia,SRB,42225495909.5633
GDP (current US$),NY.GDP.MKTP.CD,Seychelles,SYC,1568513348.14463
GDP (current US$),NY.GDP.MKTP.CD,Sierra Leone,SLE,6084297211.10217
GDP (current US$),NY.GDP.MKTP.CD,Singapore,SGP,319646468521.497
GDP (current US$),NY.GDP.MKTP.CD,Sint Maarten (Dutch part),SXM,1427017206.70391
GDP (current US$),NY.GDP.MKTP.CD,Slovak Republic,SVK,90347173228.6356
GDP (current US$),NY.GDP.MKTP.CD,Slovenia,SVN,44290685824.0682
GDP (current US$),NY.GDP.MKTP.CD,Solomon Islands,SLB,1379486290.71433
GDP (current US$),NY.GDP.MKTP.CD,"Somalia, Fed. Rep.",SOM,6613743069.99912
GDP (current US$),NY.GDP.MKTP.CD,South Africa,ZAF,323585509674.481
GDP (current US$),NY.GDP.MKTP.CD,South Sudan,SSD,..
GDP (current US$),NY.GDP.MKTP.CD,Spain,ESP,1243015667917.12
GDP (current US$),NY.GDP.MKTP.CD,Sri Lanka,LKA,88000211171.5956
GDP (current US$),NY.GDP.MKTP.CD,St. Kitts and Nevis,KNA,1006818518.51852
GDP (current US$),NY.GDP.MKTP.CD,St. Lucia,LCA,1868544444.44444
GDP (current US$),NY.GDP.MKTP.CD,St. Martin (French part),MAF,..
GDP (current US$),NY.GDP.MKTP.CD,St. Vincent and the Grenadines,VCT,814303703.703704
GDP (current US$),NY.GDP.MKTP.CD,Sudan,SDN,42630376000
GDP (current US$),NY.GDP.MKTP.CD,Suriname,SUR,3317421648.09918
GDP (current US$),NY.GDP.MKTP.CD,Eswatini,SWZ,3722306116.72872
GDP (current US$),NY.GDP.MKTP.CD,Sweden,SWE,513058312950.939
GDP (current US$),NY.GDP.MKTP.CD,Switzerland,CHE,687895460902.713
GDP (current US$),NY.GDP.MKTP.CD,Syrian Arab Republic,SYR,12597854877.4254
GDP (current US$),NY.GDP.MKTP.CD,Tajikistan,TJK,6992416096.89018
GDP (current US$),NY.GDP.MKTP.CD,Tanzania,TZA,49774409374.4538
GDP (current US$),NY.GDP.MKTP.CD,Thailand,THA,413366349747.508
GDP (current US$),NY.GDP.MKTP.CD,Timor-Leste,TLS,1640464612.08088
GDP (current US$),NY.GDP.MKTP.CD,Togo,TGO,6071167584.1951
GDP (current US$),NY.GDP.MKTP.CD,Tonga,TON,420828262.317922
GDP (current US$),NY.GDP.MKTP.CD,Trinidad and Tobago,TTO,23624322192.6274
GDP (current US$),NY.GDP.MKTP.CD,Tunisia,TUN,44360072680.4476
GDP (current US$),NY.GDP.MKTP.CD,Turkiye,TUR,870818016909.84
GDP (current US$),NY.GDP.MKTP.CD,Turkmenistan,TKM,36169428571.4286
GDP (current US$),NY.GDP.MKTP.CD,Turks and Caicos Islands,TCA,1202078000
GDP (current US$),NY.GDP.MKTP.CD,Tuvalu,TUV,41629064.2232388
GDP (current US$),NY.GDP.MKTP.CD,Uganda,UGA,29203988696.2626
GDP (current US$),NY.GDP.MKTP.CD,Ukraine,UKR,93355869403.9223
GDP (current US$),NY.GDP.MKTP.CD,United Arab Emirates,ARE,381717086453.37
GDP (current US$),NY.GDP.MKTP.CD,United Kingdom,GBR,2706807606538.73
GDP (current US$),NY.GDP.MKTP.CD,United States,USA,18695110842000
GDP (current US$),NY.GDP.MKTP.CD,Uruguay,URY,57480787465.2716
GDP (current US$),NY.GDP.MKTP.CD,Uzbekistan,UZB,86138288644.171
GDP (current US$),NY.GDP.MKTP.CD,Vanuatu,VUT,804323576.861028
GDP (current US$),NY.GDP.MKTP.CD,"Venezuela, RB",VEN,112915034262.314
GDP (current US$),NY.GDP.MKTP.CD,Viet Nam,VNM,257096001177.982
GDP (current US$),NY.GDP.MKTP.CD,Virgin Islands (U.S.),VIR,3798000000
GDP (current US$),NY.GDP.MKTP.CD,West Bank and Gaza,PSE,15405400000
GDP (current US$),NY.GDP.MKTP.CD,"Yemen, Rep.",YEM,31317825274.1507
GDP (current US$),NY.GDP.MKTP.CD,Zambia,ZMB,20958412538.3093
GDP (current US$),NY.GDP.MKTP.CD,Zimbabwe,ZWE,20559250000
GDP growth (annual %),NY.GDP.MKTP.KD.ZG,Afghanistan,AFG,2.26031420279821
GDP growth (annual %),NY.GDP.MKTP.KD.ZG,Albania,ALB,3.90893551362245
GDP growth (annual %),NY.GDP.MKTP.KD.ZG,Algeria,DZA,3.90000000017621
GDP growth (annual %),NY.GDP.MKTP.KD.ZG,American Samoa,ASM,-1.67938931297709
GDP growth (annual %),NY.GDP.MKTP.KD.ZG,Andorra,AND,3.70967806978986
GDP growth (annual %),NY.GDP.MKTP.KD.ZG,Angola,AGO,-1.70053036291208
GDP growth (annual %),NY.GDP.MKTP.KD.ZG,Antigua and Barbuda,ATG,4.1203675438061
GDP growth (annual %),NY.GDP.MKTP.KD.ZG,Argentina,ARG,-2.08032784377811
GDP growth (annual %),NY.GDP.MKTP.KD.ZG,Armenia,ARM,0.199999999825991
GDP growth (annual %),NY.GDP.MKTP.KD.ZG,Aruba,ABW,1.23433537363427
GDP growth (annual %),NY.GDP.MKTP.KD.ZG,Australia,AUS,2.75564065529868
GDP growth (annual %),NY.GDP.MKTP.KD.ZG,Austria,AUT,2.11721964494312
GDP growth (annual %),NY.GDP.MKTP.KD.ZG,Azerbaijan,AZE,-3.06359842251706
GDP growth (annual %),NY.GDP.MKTP.KD.ZG,"Bahamas, The",BHS,-1.15650811269629
GDP growth (annual %),NY.GDP.MKTP.KD.ZG,Bahrain,BHR,3.81499327422425
GDP growth (annual %),NY.GDP.MKTP.KD.ZG,Bangladesh,BGD,7.11347821270093
GDP growth (annual %),NY.GDP.MKTP.KD.ZG,Barbados,BRB,1.49650622520576
GDP growth (annual %),NY.GDP.MKTP.KD.ZG,Belarus,BLR,-2.5264464460425
GDP growth (annual %),NY.GDP.MKTP.KD.ZG,Belgium,BEL,1.19350273007754
GDP growth (annual %),NY.GDP.MKTP.KD.ZG,Belize,BLZ,-0.0187414958130319
GDP growth (annual %),NY.GDP.MKTP.KD.ZG,Benin,BEN,3.33967342629693
GDP growth (annual %),NY.GDP.MKTP.KD.ZG,Bermuda,BMU,-0.657206304259205
GDP growth (annual %),NY.GDP.MKTP.KD.ZG,Bhutan,BTN,8.47594339232963
GDP growth (annual %),NY.GDP.MKTP.KD.ZG,Bolivia,BOL,4.26392086382097
GDP growth (annual %),NY.GDP.MKTP.KD.ZG,Bosnia and Herzegovina,BIH,3.24225822231566
GDP growth (annual %),NY.GDP.MKTP.KD.ZG,Botswana,BWA,7.20442475914267
GDP growth (annual %),NY.GDP.MKTP.KD.ZG,Brazil,BRA,-3.2759169063211
GDP growth (annual %),NY.GDP.MKTP.KD.ZG,British Virgin Islands,VGB,..
GDP growth (annual %),NY.GDP.MKTP.KD.ZG,Brunei Darussalam,BRN,-2.47791771833224
GDP growth (annual %),NY.GDP.MKTP.KD.ZG,Bulgaria,BGR,3.02662841229517
GDP growth (annual %),NY.GDP.MKTP.KD.ZG,Burkina Faso,BFA,5.95797670754024
GDP growth (annual %),NY.GDP.MKTP.KD.ZG,Burundi,BDI,3.20017470604286
GDP growth (annual %),NY.GDP.MKTP.KD.ZG,Cabo Verde,CPV,4.28071482662371
GDP growth (annual %),NY.GDP.MKTP.KD.ZG,Cambodia,KHM,7.90550116130704
GDP growth (annual %),NY.GDP.MKTP.KD.ZG,Cameroon,CMR,4.53579423678801
GDP growth (annual %),NY.GDP.MKTP.KD.ZG,Canada,CAN,1.03855092490855
GDP growth (annual %),NY.GDP.MKTP.KD.ZG,Cayman Islands,CYM,3.23997361448569
GDP growth (annual %),NY.GDP.MKTP.KD.ZG,Central African Republic,CAF,4.75031684122342
GDP growth (annual %),NY.GDP.MKTP.KD.ZG,Chad,TCD,-4.12250332670322
GDP growth (annual %),NY.GDP.MKTP.KD.ZG,Channel Islands,CHI,1.21302407657195
GDP growth (annual %),NY.GDP.MKTP.KD.ZG,Chile,CHL,1.753038749071
GDP growth (annual %),NY.GDP.MKTP.KD.ZG,China,CHN,6.77555562837017
GDP growth (annual %),NY.GDP.MKTP.KD.ZG,Colombia,COL,2.08738250162794
GDP growth (annual %),NY.GDP.MKTP.KD.ZG,Comoros,COM,3.32039987961315
GDP growth (annual %),NY.GDP.MKTP.KD.ZG,"Congo, Dem. Rep.",COD,0.393832798154563
GDP growth (annual %),NY.GDP.MKTP.KD.ZG,"Congo, Rep.",COG,-8.68524343913786
GDP growth (annual %),NY.GDP.MKTP.KD.ZG,Costa Rica,CRI,4.20432325175899
GDP growth (annual %),NY.GDP.MKTP.KD.ZG,Cote d'Ivoire,CIV,7.17275963956332
GDP growth (annual %),NY.GDP.MKTP.KD.ZG,Croatia,HRV,3.46646114288178
GDP growth (annual %),NY.GDP.MKTP.KD.ZG,Cuba,CUB,0.512843095700745
GDP growth (annual %),NY.GDP.MKTP.KD.ZG,Curacao,CUW,-1.06770769957464
GDP growth (annual %),NY.GDP.MKTP.KD.ZG,Cyprus,CYP,6.57359080924678
GDP growth (annual %),NY.GDP.MKTP.KD.ZG,Czechia,CZE,2.58087013921376
GDP growth (annual %),NY.GDP.MKTP.KD.ZG,Denmark,DNK,3.07304549209093
GDP growth (annual %),NY.GDP.MKTP.KD.ZG,Djibouti,DJI,7.1234323372872
GDP growth (annual %),NY.GDP.MKTP.KD.ZG,Dominica,DMA,1.44724556489263
GDP growth (annual %),NY.GDP.MKTP.KD.ZG,Dominican Republic,DOM,6.71974078681295
GDP growth (annual %),NY.GDP.MKTP.KD.ZG,Ecuador,ECU,-0.687954245877947
GDP growth (annual %),NY.GDP.MKTP.KD.ZG,"Egypt, Arab Rep.",EGY,4.34664345555447
GDP growth (annual %),NY.GDP.MKTP.KD.ZG,El Salvador,SLV,2.53906241135864
GDP growth (annual %),NY.GDP.MKTP.KD.ZG,Equatorial Guinea,GNQ,-8.81641723219757
GDP growth (annual %),NY.GDP.MKTP.KD.ZG,Eritrea,ERI,..
GDP growth (annual %),NY.GDP.MKTP.KD.ZG,Estonia,EST,3.09301920751959
GDP growth (annual %),NY.GDP.MKTP.KD.ZG,Ethiopia,ETH,9.43348265981905
GDP growth (annual %),NY.GDP.MKTP.KD.ZG,Faroe Islands,FRO,1.38644795938293
GDP growth (annual %),NY.GDP.MKTP.KD.ZG,Fiji,FJI,2.44565179664245
GDP growth (annual %),NY.GDP.MKTP.KD.ZG,Finland,FIN,2.57193414898754
GDP growth (annual %),NY.GDP.MKTP.KD.ZG,France,FRA,0.860031075424033
GDP growth (annual %),NY.GDP.MKTP.KD.ZG,French Polynesia,PYF,2.30219823670438
GDP growth (annual %),NY.GDP.MKTP.KD.ZG,Gabon,GAB,2.09144220829562
GDP growth (annual %),NY.GDP.MKTP.KD.ZG,"Gambia, The",GMB,1.94335965478776
GDP growth (annual %),NY.GDP.MKTP.KD.ZG,Georgia,GEO,3.45021517996871
GDP growth (annual %),NY.GDP.MKTP.KD.ZG,Germany,DEU,2.22222216259371
GDP growth (annual %),NY.GDP.MKTP.KD.ZG,Ghana,GHA,3.37346574966936
GDP growth (annual %),NY.GDP.MKTP.KD.ZG,Gibraltar,GIB,..
GDP growth (annual %),NY.GDP.MKTP.KD.ZG,Greece,GRC,-0.0317947678412054
GDP growth (annual %),NY.GDP.MKTP.KD.ZG,Greenland,GRL,4.68195410972302
GDP growth (annual %),NY.GDP.MKTP.KD.ZG,Grenada,GRD,3.7396039558691
GDP growth (annual %),NY.GDP.MKTP.KD.ZG,Guam,GUM,0.18198362147406
GDP growth (annual %),NY.GDP.MKTP.KD.ZG,Guatemala,GTM,2.67780277623314
GDP growth (annual %),NY.GDP.MKTP.KD.ZG,Guinea,GIN,10.82062719659
GDP growth (annual %),NY.GDP.MKTP.KD.ZG,Guinea-Bissau,GNB,5.4326782650304
GDP growth (annual %),NY.GDP.MKTP.KD.ZG,Guyana,GUY,3.80745626378814
GDP growth (annual %),NY.GDP.MKTP.KD.ZG,Haiti,HTI,1.81246807847532
GDP growth (annual %),NY.GDP.MKTP.KD.ZG,Honduras,HND,3.89297219726413
GDP growth (annual %),NY.GDP.MKTP.KD.ZG,"Hong Kong SAR, China",HKG,2.17542886502997
GDP growth (annual %),NY.GDP.MKTP.KD.ZG,Hungary,HUN,2.43864141309342
GDP growth (annual %),NY.GDP.MKTP.KD.ZG,Iceland,ISL,6.21808764217616
GDP growth (annual %),NY.GDP.MKTP.KD.ZG,India,IND,8.25630550179086
GDP growth (annual %),NY.GDP.MKTP.KD.ZG,Indonesia,IDN,5.03306918280177
GDP growth (annual %),NY.GDP.MKTP.KD.ZG,"Iran, Islamic Rep.",IRN,8.8150866425182
GDP growth (annual %),NY.GDP.MKTP.KD.ZG,Iraq,IRQ,13.7873730187089
GDP growth (annual %),NY.GDP.MKTP.KD.ZG,Ireland,IRL,1.22271661130947
GDP growth (annual %),NY.GDP.MKTP.KD.ZG,Isle of Man,IMN,6.95230284899407
GDP growth (annual %),NY.GDP.MKTP.KD.ZG,Israel,ISR,4.45978271860821
GDP growth (annual %),NY.GDP.MKTP.KD.ZG,Italy,ITA,1.23622108511661
GDP growth (annual %),NY.GDP.MKTP.KD.ZG,Jamaica,JAM,2.76043761369557
GDP growth (annual %),NY.GDP.MKTP.KD.ZG,Japan,JPN,0.753826745789127
GDP growth (annual %),NY.GDP.MKTP.KD.ZG,Jordan,JOR,1.9941808493012
GDP growth (annual %),NY.GDP.MKTP.KD.ZG,Kazakhstan,KAZ,1.09999999910173
GDP growth (annual %),NY.GDP.MKTP.KD.ZG,Kenya,KEN,4.21351706814744
GDP growth (annual %),NY.GDP.MKTP.KD.ZG,Kiribati,KIR,7.08802960050427
GDP growth (annual %),NY.GDP.MKTP.KD.ZG,"Korea, Dem. People's Rep.",PRK,..
GDP growth (annual %),NY.GDP.MKTP.KD.ZG,"Korea, Rep.",KOR,3.17152748983935
GDP growth (annual %),NY.GDP.MKTP.KD.ZG,Kosovo,XKX,5.57177504731632
GDP growth (annual %),NY.GDP.MKTP.KD.ZG,Kuwait,KWT,2.92607584256388
GDP growth (annual %),NY.GDP.MKTP.KD.ZG,Kyrgyz Republic,KGZ,4.33585592190116
GDP growth (annual %),NY.GDP.MKTP.KD.ZG,Lao PDR,LAO,7.02283625501138
GDP growth (annual %),NY.GDP.MKTP.KD.ZG,Latvia,LVA,2.55168601974034
GDP growth (annual %),NY.GDP.MKTP.KD.ZG,Lebanon,LBN,1.55454940856943
GDP growth (annual %),NY.GDP.MKTP.KD.ZG,Lesotho,LSO,3.60890731687714
GDP growth (annual %),NY.GDP.MKTP.KD.ZG,Liberia,LBR,-1.5549586174878
GDP growth (annual %),NY.GDP.MKTP.KD.ZG,Libya,LBY,-1.4909411172622
GDP growth (annual %),NY.GDP.MKTP.KD.ZG,Liechtenstein,LIE,..
GDP growth (annual %),NY.GDP.MKTP.KD.ZG,Lithuania,LTU,2.67192215053329
GDP growth (annual %),NY.GDP.MKTP.KD.ZG,Luxembourg,LUX,4.97819011520116
GDP growth (annual %),NY.GDP.MKTP.KD.ZG,"Macao SAR, China",MAC,-0.701510212552961
GDP growth (annual %),NY.GDP.MKTP.KD.ZG,North Macedonia,MKD,2.84820519363306
GDP growth (annual %),NY.GDP.MKTP.KD.ZG,Madagascar,MDG,3.99314606199499
GDP growth (annual %),NY.GDP.MKTP.KD.ZG,Malawi,MWI,2.49999999914311
GDP growth (annual %),NY.GDP.MKTP.KD.ZG,Malaysia,MYS,4.44978139761541
GDP growth (annual %),NY.GDP.MKTP.KD.ZG,Maldives,MDV,6.37528306716864
GDP growth (annual %),NY.GDP.MKTP.KD.ZG,Mali,MLI,6.00506308559498
GDP growth (annual %),NY.GDP.MKTP.KD.ZG,Malta,MLT,4.07800355932196
GDP growth (annual %),NY.GDP.MKTP.KD.ZG,Marshall Islands,MHL,2.5040827436037
GDP growth (annual %),NY.GDP.MKTP.KD.ZG,Mauritania,MRT,1.26090923067225
GDP growth (annual %),NY.GDP.MKTP.KD.ZG,Mauritius,MUS,3.8624682634
GDP growth (annual %),NY.GDP.MKTP.KD.ZG,Mexico,MEX,1.77249323845399
GDP growth (annual %),NY.GDP.MKTP.KD.ZG,"Micronesia, Fed. Sts.",FSM,0.942726461831327
GDP growth (annual %),NY.GDP.MKTP.KD.ZG,Moldova,MDA,4.64601436259409
GDP growth (annual %),NY.GDP.MKTP.KD.ZG,Monaco,MCO,3.00844358752744
GDP growth (annual %),NY.GDP.MKTP.KD.ZG,Mongolia,MNG,1.48978448679577
GDP growth (annual %),NY.GDP.MKTP.KD.ZG,Montenegro,MNE,3.4393056210999
GDP growth (annual %),NY.GDP.MKTP.KD.ZG,Morocco,MAR,0.52118550608968
GDP growth (annual %),NY.GDP.MKTP.KD.ZG,Mozambique,MOZ,4.69699024225795
GDP growth (annual %),NY.GDP.MKTP.KD.ZG,Myanmar,MMR,5.86247291518572
GDP growth (annual %),NY.GDP.MKTP.KD.ZG,Namibia,NAM,0.0337944502063294
GDP growth (annual %),NY.GDP.MKTP.KD.ZG,Nauru,NRU,4.13223140495909
GDP growth (annual %),NY.GDP.MKTP.KD.ZG,Nepal,NPL,0.433113719381524
GDP growth (annual %),NY.GDP.MKTP.KD.ZG,Netherlands,NLD,2.42428572955482
GDP growth (annual %),NY.GDP.MKTP.KD.ZG,New Caledonia,NCL,..
GDP growth (annual %),NY.GDP.MKTP.KD.ZG,New Zealand,NZL,3.77911068354334
GDP growth (annual %),NY.GDP.MKTP.KD.ZG,Nicaragua,NIC,4.56314739524967
GDP growth (annual %),NY.GDP.MKTP.KD.ZG,Niger,NER,5.74089315058157
GDP growth (annual %),NY.GDP.MKTP.KD.ZG,Nigeria,NGA,-1.61686894906509
GDP growth (annual %),NY.GDP.MKTP.KD.ZG,Northern Mariana Islands,MNP,29.2121212121212
GDP growth (annual %),NY.GDP.MKTP.KD.ZG,Norway,NOR,1.16472423928819
GDP growth (annual %),NY.GDP.MKTP.KD.ZG,Oman,OMN,5.04642394571691
GDP growth (annual %),NY.GDP.MKTP.KD.ZG,Pakistan,PAK,6.57383828511043
GDP growth (annual %),NY.GDP.MKTP.KD.ZG,Palau,PLW,1.32685546630708
GDP growth (annual %),NY.GDP.MKTP.KD.ZG,Panama,PAN,4.57196696307969
GDP growth (annual %),NY.GDP.MKTP.KD.ZG,Papua New Guinea,PNG,5.48957315278187
GDP growth (annual %),NY.GDP.MKTP.KD.ZG,Paraguay,PRY,4.26802583314358
GDP growth (annual %),NY.GDP.MKTP.KD.ZG,Peru,PER,3.95331871520767
GDP growth (annual %),NY.GDP.MKTP.KD.ZG,Philippines,PHL,7.14945675000752
GDP growth (annual %),NY.GDP.MKTP.KD.ZG,Poland,POL,3.03117767594847
GDP growth (annual %),NY.GDP.MKTP.KD.ZG,Portugal,PRT,2.00414129666575
GDP growth (annual %),NY.GDP.MKTP.KD.ZG,Puerto Rico (US),PRI,-1.26369434781117
GDP growth (annual %),NY.GDP.MKTP.KD.ZG,Qatar,QAT,3.06410503214877
GDP growth (annual %),NY.GDP.MKTP.KD.ZG,Romania,ROU,2.85993252302089
GDP growth (annual %),NY.GDP.MKTP.KD.ZG,Russian Federation,RUS,0.193690071260534
GDP growth (annual %),NY.GDP.MKTP.KD.ZG,Rwanda,RWA,5.97074525431094
GDP growth (annual %),NY.GDP.MKTP.KD.ZG,Samoa,WSM,7.9838628784713
GDP growth (annual %),NY.GDP.MKTP.KD.ZG,San Marino,SMR,2.34440586055426
GDP growth (annual %),NY.GDP.MKTP.KD.ZG,Sao Tome and Principe,STP,5.17682468684113
GDP growth (annual %),NY.GDP.MKTP.KD.ZG,Saudi Arabia,SAU,1.70404739202878
GDP growth (annual %),NY.GDP.MKTP.KD.ZG,Senegal,SEN,6.35606857181878
GDP growth (annual %),NY.GDP.MKTP.KD.ZG,Serbia,SRB,2.97519807160826
GDP growth (annual %),NY.GDP.MKTP.KD.ZG,Seychelles,SYC,12.1175272453913
GDP growth (annual %),NY.GDP.MKTP.KD.ZG,Sierra Leone,SLE,6.43743652764257
GDP growth (annual %),NY.GDP.MKTP.KD.ZG,Singapore,SGP,3.74757848792792
GDP growth (annual %),NY.GDP.MKTP.KD.ZG,Sint Maarten (Dutch part),SXM,0.96775836306881
GDP growth (annual %),NY.GDP.MKTP.KD.ZG,Slovak Republic,SVK,1.94781841524558
GDP growth (annual %),NY.GDP.MKTP.KD.ZG,Slovenia,SVN,3.03441486663654
GDP growth (annual %),NY.GDP.MKTP.KD.ZG,Solomon Islands,SLB,5.55494348257992
GDP growth (annual %),NY.GDP.MKTP.KD.ZG,"Somalia, Fed. Rep.",SOM,7.03487260042048
GDP growth (annual %),NY.GDP.MKTP.KD.ZG,South Africa,ZAF,0.664552307858116
GDP growth (annual %),NY.GDP.MKTP.KD.ZG,South Sudan,SSD,..
GDP growth (annual %),NY.GDP.MKTP.KD.ZG,Spain,ESP,2.91515598595787
GDP growth (annual %),NY.GDP.MKTP.KD.ZG,Sri Lanka,LKA,5.05362488994436
GDP growth (annual %),NY.GDP.MKTP.KD.ZG,St. Kitts and Nevis,KNA,3.93270319273282
GDP growth (annual %),NY.GDP.MKTP.KD.ZG,St. Lucia,LCA,3.42787214525211
GDP growth (annual %),NY.GDP.MKTP.KD.ZG,St. Martin (French part),MAF,5
GDP growth (annual %),NY.GDP.MKTP.KD.ZG,St. Vincent and the Grenadines,VCT,4.1496810046981
GDP growth (annual %),NY.GDP.MKTP.KD.ZG,Sudan,SDN,3.46764218409288
GDP growth (annual %),NY.GDP.MKTP.KD.ZG,Suriname,SUR,-4.91166050905851
GDP growth (annual %),NY.GDP.MKTP.KD.ZG,Eswatini,SWZ,2.94916821059911
GDP growth (annual %),NY.GDP.MKTP.KD.ZG,Sweden,SWE,2.13117914731151
GDP growth (annual %),NY.GDP.MKTP.KD.ZG,Switzerland,CHE,2.06868969039562
GDP growth (annual %),NY.GDP.MKTP.KD.ZG,Syrian Arab Republic,SYR,-6.4055907393619
GDP growth (annual %),NY.GDP.MKTP.KD.ZG,Tajikistan,TJK,6.89999999999999
GDP growth (annual %),NY.GDP.MKTP.KD.ZG,Tanzania,TZA,6.86711619644551
GDP growth (annual %),NY.GDP.MKTP.KD.ZG,Thailand,THA,3.43515771692182
GDP growth (annual %),NY.GDP.MKTP.KD.ZG,Timor-Leste,TLS,3.00993358093274
GDP growth (annual %),NY.GDP.MKTP.KD.ZG,Togo,TGO,4.21490387414525
GDP growth (annual %),NY.GDP.MKTP.KD.ZG,Tonga,TON,6.59870436118344
GDP growth (annual %),NY.GDP.MKTP.KD.ZG,Trinidad and Tobago,TTO,-7.53636305379372
GDP growth (annual %),NY.GDP.MKTP.KD.ZG,Tunisia,TUN,1.117231963992
GDP growth (annual %),NY.GDP.MKTP.KD.ZG,Turkiye,TUR,3.32366508200445
GDP growth (annual %),NY.GDP.MKTP.KD.ZG,Turkmenistan,TKM,6.1999999664301
GDP growth (annual %),NY.GDP.MKTP.KD.ZG,Turks and Caicos Islands,TCA,7.25118627570265
GDP growth (annual %),NY.GDP.MKTP.KD.ZG,Tuvalu,TUV,5.66037735849056
GDP growth (annual %),NY.GDP.MKTP.KD.ZG,Uganda,UGA,4.78100029254482
GDP growth (annual %),NY.GDP.MKTP.KD.ZG,Ukraine,UKR,2.44098194492067
GDP growth (annual %),NY.GDP.MKTP.KD.ZG,United Arab Emirates,ARE,5.65793329224303
GDP growth (annual %),NY.GDP.MKTP.KD.ZG,United Kingdom,GBR,2.20652020635357
GDP growth (annual %),NY.GDP.MKTP.KD.ZG,United States,USA,1.81945147788167
GDP growth (annual %),NY.GDP.MKTP.KD.ZG,Uruguay,URY,1.68979822971775
GDP growth (annual %),NY.GDP.MKTP.KD.ZG,Uzbekistan,UZB,5.93215079993293
GDP growth (annual %),NY.GDP.MKTP.KD.ZG,Vanuatu,VUT,3.47154471544715
GDP growth (annual %),NY.GDP.MKTP.KD.ZG,"Venezuela, RB",VEN,-17.0403345996548
GDP growth (annual %),NY.GDP.MKTP.KD.ZG,Viet Nam,VNM,6.69000892660424
GDP growth (annual %),NY.GDP.MKTP.KD.ZG,Virgin Islands (U.S.),VIR,1.6008537886873
GDP growth (annual %),NY.GDP.MKTP.KD.ZG,West Bank and Gaza,PSE,8.86461881995935
GDP growth (annual %),NY.GDP.MKTP.KD.ZG,"Yemen, Rep.",YEM,-9.37512379736752
GDP growth (annual %),NY.GDP.MKTP.KD.ZG,Zambia,ZMB,3.75510031678988
GDP growth (annual %),NY.GDP.MKTP.KD.ZG,Zimbabwe,ZWE,0.75579405855224
"Inflation, GDP deflator (annual %)",NY.GDP.DEFL.KD.ZG,Afghanistan,AFG,-2.19752646733461
"Inflation, GDP deflator (annual %)",NY.GDP.DEFL.KD.ZG,Albania,ALB,-0.864265221201691
"Inflation, GDP deflator (annual %)",NY.GDP.DEFL.KD.ZG,Algeria,DZA,0.856688224051865
"Inflation, GDP deflator (annual %)",NY.GDP.DEFL.KD.ZG,American Samoa,ASM,1.40582171236608
"Inflation, GDP deflator (annual %)",NY.GDP.DEFL.KD.ZG,Andorra,AND,0.347795381575793
"Inflation, GDP deflator (annual %)",NY.GDP.DEFL.KD.ZG,Angola,AGO,20.8727031796989
"Inflation, GDP deflator (annual %)",NY.GDP.DEFL.KD.ZG,Antigua and Barbuda,ATG,-0.475117518871471
"Inflation, GDP deflator (annual %)",NY.GDP.DEFL.KD.ZG,Argentina,ARG,41.1193799882279
"Inflation, GDP deflator (annual %)",NY.GDP.DEFL.KD.ZG,Armenia,ARM,0.268575076501392
"Inflation, GDP deflator (annual %)",NY.GDP.DEFL.KD.ZG,Aruba,ABW,-0.528141045675781
"Inflation, GDP deflator (annual %)",NY.GDP.DEFL.KD.ZG,Australia,AUS,-0.673417495929741
"Inflation, GDP deflator (annual %)",NY.GDP.DEFL.KD.ZG,Austria,AUT,1.81475082333313
"Inflation, GDP deflator (annual %)",NY.GDP.DEFL.KD.ZG,Azerbaijan,AZE,14.6283389647903
"Inflation, GDP deflator (annual %)",NY.GDP.DEFL.KD.ZG,"Bahamas, The",BHS,1.54010313518333
"Inflation, GDP deflator (annual %)",NY.GDP.DEFL.KD.ZG,Bahrain,BHR,0.35724777804711
"Inflation, GDP deflator (annual %)",NY.GDP.DEFL.KD.ZG,Bangladesh,BGD,27.8507377248339
"Inflation, GDP deflator (annual %)",NY.GDP.DEFL.KD.ZG,Barbados,BRB,-1.88163940771267
"Inflation, GDP deflator (annual %)",NY.GDP.DEFL.KD.ZG,Belarus,BLR,8.34191706191312
"Inflation, GDP deflator (annual %)",NY.GDP.DEFL.KD.ZG,Belgium,BEL,1.89528913569444
"Inflation, GDP deflator (annual %)",NY.GDP.DEFL.KD.ZG,Belize,BLZ,2.13988044008869
"Inflation, GDP deflator (annual %)",NY.GDP.DEFL.KD.ZG,Benin,BEN,0.683591111274652
"Inflation, GDP deflator (annual %)",NY.GDP.DEFL.KD.ZG,Bermuda,BMU,4.37320384221451
"Inflation, GDP deflator (annual %)",NY.GDP.DEFL.KD.ZG,Bhutan,BTN,4.04891299347933
"Inflation, GDP deflator (annual %)",NY.GDP.DEFL.KD.ZG,Bolivia,BOL,-1.35487058059006
"Inflation, GDP deflator (annual %)",NY.GDP.DEFL.KD.ZG,Bosnia and Herzegovina,BIH,1.3333075043618
"Inflation, GDP deflator (annual %)",NY.GDP.DEFL.KD.ZG,Botswana,BWA,11.9049111318198
"Inflation, GDP deflator (annual %)",NY.GDP.DEFL.KD.ZG,Brazil,BRA,8.10360437332622
"Inflation, GDP deflator (annual %)",NY.GDP.DEFL.KD.ZG,British Virgin Islands,VGB,..
"Inflation, GDP deflator (annual %)",NY.GDP.DEFL.KD.ZG,Brunei Darussalam,BRN,-9.16949538892618
"Inflation, GDP deflator (annual %)",NY.GDP.DEFL.KD.ZG,Bulgaria,BGR,3.32355972470152
"Inflation, GDP deflator (annual %)",NY.GDP.DEFL.KD.ZG,Burkina Faso,BFA,2.60429919226561
"Inflation, GDP deflator (annual %)",NY.GDP.DEFL.KD.ZG,Burundi,BDI,6.33813181746585
"Inflation, GDP deflator (annual %)",NY.GDP.DEFL.KD.ZG,Cabo Verde,CPV,1.67992479299215
"Inflation, GDP deflator (annual %)",NY.GDP.DEFL.KD.ZG,Cambodia,KHM,1.58007480575829
"Inflation, GDP deflator (annual %)",NY.GDP.DEFL.KD.ZG,Cameroon,CMR,0.661808977155886
"Inflation, GDP deflator (annual %)",NY.GDP.DEFL.KD.ZG,Canada,CAN,0.716978150638226
"Inflation, GDP deflator (annual %)",NY.GDP.DEFL.KD.ZG,Cayman Islands,CYM,1.00009178898281
"Inflation, GDP deflator (annual %)",NY.GDP.DEFL.KD.ZG,Central African Republic,CAF,2.98011408445534
"Inflation, GDP deflator (annual %)",NY.GDP.DEFL.KD.ZG,Chad,TCD,-6.46430757374341
"Inflation, GDP deflator (annual %)",NY.GDP.DEFL.KD.ZG,Channel Islands,CHI,1.39650518174845
"Inflation, GDP deflator (annual %)",NY.GDP.DEFL.KD.ZG,Chile,CHL,4.56065603684756
"Inflation, GDP deflator (annual %)",NY.GDP.DEFL.KD.ZG,China,CHN,1.47744121334065
"Inflation, GDP deflator (annual %)",NY.GDP.DEFL.KD.ZG,Colombia,COL,5.14833430514589
"Inflation, GDP deflator (annual %)",NY.GDP.DEFL.KD.ZG,Comoros,COM,1.71503276564016
"Inflation, GDP deflator (annual %)",NY.GDP.DEFL.KD.ZG,"Congo, Dem. Rep.",COD,4.40590544590474
"Inflation, GDP deflator (annual %)",NY.GDP.DEFL.KD.ZG,"Congo, Rep.",COG,-3.50248728902629
"Inflation, GDP deflator (annual %)",NY.GDP.DEFL.KD.ZG,Costa Rica,CRI,1.95876480203574
"Inflation, GDP deflator (annual %)",NY.GDP.DEFL.KD.ZG,Cote d'Ivoire,CIV,-1.17983243565696
"Inflation, GDP deflator (annual %)",NY.GDP.DEFL.KD.ZG,Croatia,HRV,0.0144609115417182
"Inflation, GDP deflator (annual %)",NY.GDP.DEFL.KD.ZG,Cuba,CUB,4.32834928458539
"Inflation, GDP deflator (annual %)",NY.GDP.DEFL.KD.ZG,Curacao,CUW,-0.0472619241268859
"Inflation, GDP deflator (annual %)",NY.GDP.DEFL.KD.ZG,Cyprus,CYP,-0.574742494242457
"Inflation, GDP deflator (annual %)",NY.GDP.DEFL.KD.ZG,Czechia,CZE,1.49123391004676
"Inflation, GDP deflator (annual %)",NY.GDP.DEFL.KD.ZG,Denmark,DNK,0.42651293565801
"Inflation, GDP deflator (annual %)",NY.GDP.DEFL.KD.ZG,Djibouti,DJI,0.302782333572253
"Inflation, GDP deflator (annual %)",NY.GDP.DEFL.KD.ZG,Dominica,DMA,3.56536248291768
"Inflation, GDP deflator (annual %)",NY.GDP.DEFL.KD.ZG,Dominican Republic,DOM,2.0153931389807
"Inflation, GDP deflator (annual %)",NY.GDP.DEFL.KD.ZG,Ecuador,ECU,1.17114450392724
"Inflation, GDP deflator (annual %)",NY.GDP.DEFL.KD.ZG,"Egypt, Arab Rep.",EGY,6.24566313377426
"Inflation, GDP deflator (annual %)",NY.GDP.DEFL.KD.ZG,El Salvador,SLV,0.657746207396585
"Inflation, GDP deflator (annual %)",NY.GDP.DEFL.KD.ZG,Equatorial Guinea,GNQ,-6.2854221112699
"Inflation, GDP deflator (annual %)",NY.GDP.DEFL.KD.ZG,Eritrea,ERI,..
"Inflation, GDP deflator (annual %)",NY.GDP.DEFL.KD.ZG,Estonia,EST,2.43852660721117
"Inflation, GDP deflator (annual %)",NY.GDP.DEFL.KD.ZG,Ethiopia,ETH,10.3979572690542
"Inflation, GDP deflator (annual %)",NY.GDP.DEFL.KD.ZG,Faroe Islands,FRO,7.86638738548197
"Inflation, GDP deflator (annual %)",NY.GDP.DEFL.KD.ZG,Fiji,FJI,2.63332664334513
"Inflation, GDP deflator (annual %)",NY.GDP.DEFL.KD.ZG,Finland,FIN,0.05519539775689
"Inflation, GDP deflator (annual %)",NY.GDP.DEFL.KD.ZG,France,FRA,0.517258232209031
"Inflation, GDP deflator (annual %)",NY.GDP.DEFL.KD.ZG,French Polynesia,PYF,1.12947790218716
"Inflation, GDP deflator (annual %)",NY.GDP.DEFL.KD.ZG,Gabon,GAB,-4.26975397974572
"Inflation, GDP deflator (annual %)",NY.GDP.DEFL.KD.ZG,"Gambia, The",GMB,7.82062274860979
"Inflation, GDP deflator (annual %)",NY.GDP.DEFL.KD.ZG,Georgia,GEO,2.27481842989697
"Inflation, GDP deflator (annual %)",NY.GDP.DEFL.KD.ZG,Germany,DEU,1.25424485239203
"Inflation, GDP deflator (annual %)",NY.GDP.DEFL.KD.ZG,Ghana,GHA,15.7486203078991
"Inflation, GDP deflator (annual %)",NY.GDP.DEFL.KD.ZG,Gibraltar,GIB,..
"Inflation, GDP deflator (annual %)",NY.GDP.DEFL.KD.ZG,Greece,GRC,-0.489961144384012
"Inflation, GDP deflator (annual %)",NY.GDP.DEFL.KD.ZG,Greenland,GRL,3.53778245812826
"Inflation, GDP deflator (annual %)",NY.GDP.DEFL.KD.ZG,Grenada,GRD,2.64424525750435
"Inflation, GDP deflator (annual %)",NY.GDP.DEFL.KD.ZG,Guam,GUM,1.57407577083902
"Inflation, GDP deflator (annual %)",NY.GDP.DEFL.KD.ZG,Guatemala,GTM,2.70719542043953
"Inflation, GDP deflator (annual %)",NY.GDP.DEFL.KD.ZG,Guinea,GIN,5.66895163278967
"Inflation, GDP deflator (annual %)",NY.GDP.DEFL.KD.ZG,Guinea-Bissau,GNB,2.71774539339231
"Inflation, GDP deflator (annual %)",NY.GDP.DEFL.KD.ZG,Guyana,GUY,0.898175926516998
"Inflation, GDP deflator (annual %)",NY.GDP.DEFL.KD.ZG,Haiti,HTI,15.7032145295515
"Inflation, GDP deflator (annual %)",NY.GDP.DEFL.KD.ZG,Honduras,HND,3.67806814426042
"Inflation, GDP deflator (annual %)",NY.GDP.DEFL.KD.ZG,"Hong Kong SAR, China",HKG,1.63827368479652
"Inflation, GDP deflator (annual %)",NY.GDP.DEFL.KD.ZG,Hungary,HUN,1.32255007729512
"Inflation, GDP deflator (annual %)",NY.GDP.DEFL.KD.ZG,Iceland,ISL,2.69882350573654
"Inflation, GDP deflator (annual %)",NY.GDP.DEFL.KD.ZG,India,IND,3.23797495080767
"Inflation, GDP deflator (annual %)",NY.GDP.DEFL.KD.ZG,Indonesia,IDN,2.43892408688207
"Inflation, GDP deflator (annual %)",NY.GDP.DEFL.KD.ZG,"Iran, Islamic Rep.",IRN,14.0650205569588
"Inflation, GDP deflator (annual %)",NY.GDP.DEFL.KD.ZG,Iraq,IRQ,-11.1041709203303
"Inflation, GDP deflator (annual %)",NY.GDP.DEFL.KD.ZG,Ireland,IRL,0.11646501817107
"Inflation, GDP deflator (annual %)",NY.GDP.DEFL.KD.ZG,Isle of Man,IMN,2.23678683900322
"Inflation, GDP deflator (annual %)",NY.GDP.DEFL.KD.ZG,Israel,ISR,0.3486575843515
"Inflation, GDP deflator (annual %)",NY.GDP.DEFL.KD.ZG,Italy,ITA,1.24817184167345
"Inflation, GDP deflator (annual %)",NY.GDP.DEFL.KD.ZG,Jamaica,JAM,3.62433342172675
"Inflation, GDP deflator (annual %)",NY.GDP.DEFL.KD.ZG,Japan,JPN,0.419944376171273
"Inflation, GDP deflator (annual %)",NY.GDP.DEFL.KD.ZG,Jordan,JOR,1.36200664175068
"Inflation, GDP deflator (annual %)",NY.GDP.DEFL.KD.ZG,Kazakhstan,KAZ,13.6384336176426
"Inflation, GDP deflator (annual %)",NY.GDP.DEFL.KD.ZG,Kenya,KEN,5.84962894648808
"Inflation, GDP deflator (annual %)",NY.GDP.DEFL.KD.ZG,Kiribati,KIR,1.71662321745593
"Inflation, GDP deflator (annual %)",NY.GDP.DEFL.KD.ZG,"Korea, Dem. People's Rep.",PRK,..
"Inflation, GDP deflator (annual %)",NY.GDP.DEFL.KD.ZG,"Korea, Rep.",KOR,2.0624563522338
"Inflation, GDP deflator (annual %)",NY.GDP.DEFL.KD.ZG,Kosovo,XKX,0.779254169265613
"Inflation, GDP deflator (annual %)",NY.GDP.DEFL.KD.ZG,Kuwait,KWT,-6.83784298382099
"Inflation, GDP deflator (annual %)",NY.GDP.DEFL.KD.ZG,Kyrgyz Republic,KGZ,6.05056427055605
"Inflation, GDP deflator (annual %)",NY.GDP.DEFL.KD.ZG,Lao PDR,LAO,3.02230644256338
"Inflation, GDP deflator (annual %)",NY.GDP.DEFL.KD.ZG,Latvia,LVA,0.607930583315365
"Inflation, GDP deflator (annual %)",NY.GDP.DEFL.KD.ZG,Lebanon,LBN,0.87129520217637
"Inflation, GDP deflator (annual %)",NY.GDP.DEFL.KD.ZG,Lesotho,LSO,-0.292451232749613
"Inflation, GDP deflator (annual %)",NY.GDP.DEFL.KD.ZG,Liberia,LBR,6.97295697153928
"Inflation, GDP deflator (annual %)",NY.GDP.DEFL.KD.ZG,Libya,LBY,4.69231431810404
"Inflation, GDP deflator (annual %)",NY.GDP.DEFL.KD.ZG,Liechtenstein,LIE,..
"Inflation, GDP deflator (annual %)",NY.GDP.DEFL.KD.ZG,Lithuania,LTU,0.987472424308564
"Inflation, GDP deflator (annual %)",NY.GDP.DEFL.KD.ZG,Luxembourg,LUX,-1.10761662343417
"Inflation, GDP deflator (annual %)",NY.GDP.DEFL.KD.ZG,"Macao SAR, China",MAC,0.888319208423269
"Inflation, GDP deflator (annual %)",NY.GDP.DEFL.KD.ZG,North Macedonia,MKD,3.46525285653088
"Inflation, GDP deflator (annual %)",NY.GDP.DEFL.KD.ZG,Madagascar,MDG,8.96008072992041
"Inflation, GDP deflator (annual %)",NY.GDP.DEFL.KD.ZG,Malawi,MWI,20.2926829285911
"Inflation, GDP deflator (annual %)",NY.GDP.DEFL.KD.ZG,Malaysia,MYS,1.65825996642414
"Inflation, GDP deflator (annual %)",NY.GDP.DEFL.KD.ZG,Maldives,MDV,0.404430736497403
"Inflation, GDP deflator (annual %)",NY.GDP.DEFL.KD.ZG,Mali,MLI,1.60005889699406
"Inflation, GDP deflator (annual %)",NY.GDP.DEFL.KD.ZG,Malta,MLT,2.12536934254719
"Inflation, GDP deflator (annual %)",NY.GDP.DEFL.KD.ZG,Marshall Islands,MHL,7.16941051513543
"Inflation, GDP deflator (annual %)",NY.GDP.DEFL.KD.ZG,Mauritania,MRT,11.2101297440599
"Inflation, GDP deflator (annual %)",NY.GDP.DEFL.KD.ZG,Mauritius,MUS,2.39292354905567
"Inflation, GDP deflator (annual %)",NY.GDP.DEFL.KD.ZG,Mexico,MEX,6.07758782303863
"Inflation, GDP deflator (annual %)",NY.GDP.DEFL.KD.ZG,"Micronesia, Fed. Sts.",FSM,3.80098108354102
"Inflation, GDP deflator (annual %)",NY.GDP.DEFL.KD.ZG,Moldova,MDA,3.5508738308871
"Inflation, GDP deflator (annual %)",NY.GDP.DEFL.KD.ZG,Monaco,MCO,0.516331732930951
"Inflation, GDP deflator (annual %)",NY.GDP.DEFL.KD.ZG,Mongolia,MNG,2.99312676057677
"Inflation, GDP deflator (annual %)",NY.GDP.DEFL.KD.ZG,Montenegro,MNE,5.27643333909262
"Inflation, GDP deflator (annual %)",NY.GDP.DEFL.KD.ZG,Morocco,MAR,0.969883868049919
"Inflation, GDP deflator (annual %)",NY.GDP.DEFL.KD.ZG,Mozambique,MOZ,12.1608912915425
"Inflation, GDP deflator (annual %)",NY.GDP.DEFL.KD.ZG,Myanmar,MMR,3.61567809530786
"Inflation, GDP deflator (annual %)",NY.GDP.DEFL.KD.ZG,Namibia,NAM,7.96867201225912
"Inflation, GDP deflator (annual %)",NY.GDP.DEFL.KD.ZG,Nauru,NRU,26.1593526299404
"Inflation, GDP deflator (annual %)",NY.GDP.DEFL.KD.ZG,Nepal,NPL,7.15033478751282
"Inflation, GDP deflator (annual %)",NY.GDP.DEFL.KD.ZG,Netherlands,NLD,0.565543760069971
"Inflation, GDP deflator (annual %)",NY.GDP.DEFL.KD.ZG,New Caledonia,NCL,..
"Inflation, GDP deflator (annual %)",NY.GDP.DEFL.KD.ZG,New Zealand,NZL,2.42047714591187
"Inflation, GDP deflator (annual %)",NY.GDP.DEFL.KD.ZG,Nicaragua,NIC,4.58973944933807
"Inflation, GDP deflator (annual %)",NY.GDP.DEFL.KD.ZG,Niger,NER,1.79272146557585
"Inflation, GDP deflator (annual %)",NY.GDP.DEFL.KD.ZG,Nigeria,NGA,9.54367006412453
"Inflation, GDP deflator (annual %)",NY.GDP.DEFL.KD.ZG,Northern Mariana Islands,MNP,4.60693153000844
"Inflation, GDP deflator (annual %)",NY.GDP.DEFL.KD.ZG,Norway,NOR,-1.59809716772187
"Inflation, GDP deflator (annual %)",NY.GDP.DEFL.KD.ZG,Oman,OMN,-9.13627527605452
"Inflation, GDP deflator (annual %)",NY.GDP.DEFL.KD.ZG,Pakistan,PAK,0.922163326262009
"Inflation, GDP deflator (annual %)",NY.GDP.DEFL.KD.ZG,Palau,PLW,4.93720069790757
"Inflation, GDP deflator (annual %)",NY.GDP.DEFL.KD.ZG,Panama,PAN,2.47501552591041
"Inflation, GDP deflator (annual %)",NY.GDP.DEFL.KD.ZG,Papua New Guinea,PNG,2.51784593601241
"Inflation, GDP deflator (annual %)",NY.GDP.DEFL.KD.ZG,Paraguay,PRY,4.13475444404089
"Inflation, GDP deflator (annual %)",NY.GDP.DEFL.KD.ZG,Peru,PER,3.08088269037734
"Inflation, GDP deflator (annual %)",NY.GDP.DEFL.KD.ZG,Philippines,PHL,1.28031174373962
"Inflation, GDP deflator (annual %)",NY.GDP.DEFL.KD.ZG,Poland,POL,0.0828624483893066
"Inflation, GDP deflator (annual %)",NY.GDP.DEFL.KD.ZG,Portugal,PRT,1.8540870315521
"Inflation, GDP deflator (annual %)",NY.GDP.DEFL.KD.ZG,Puerto Rico (US),PRI,2.22158248433406
"Inflation, GDP deflator (annual %)",NY.GDP.DEFL.KD.ZG,Qatar,QAT,-8.97657798957681
"Inflation, GDP deflator (annual %)",NY.GDP.DEFL.KD.ZG,Romania,ROU,2.61991857394388
"Inflation, GDP deflator (annual %)",NY.GDP.DEFL.KD.ZG,Russian Federation,RUS,2.84422269802643
"Inflation, GDP deflator (annual %)",NY.GDP.DEFL.KD.ZG,Rwanda,RWA,5.03012214050614
"Inflation, GDP deflator (annual %)",NY.GDP.DEFL.KD.ZG,Samoa,WSM,2.24475651909437
"Inflation, GDP deflator (annual %)",NY.GDP.DEFL.KD.ZG,San Marino,SMR,1.31670533871484
"Inflation, GDP deflator (annual %)",NY.GDP.DEFL.KD.ZG,Sao Tome and Principe,STP,7.05347169543845
"Inflation, GDP deflator (annual %)",NY.GDP.DEFL.KD.ZG,Saudi Arabia,SAU,-2.26181980307467
"Inflation, GDP deflator (annual %)",NY.GDP.DEFL.KD.ZG,Senegal,SEN,0.955649520089025
"Inflation, GDP deflator (annual %)",NY.GDP.DEFL.KD.ZG,Serbia,SRB,1.54382740998828
"Inflation, GDP deflator (annual %)",NY.GDP.DEFL.KD.ZG,Seychelles,SYC,-2.29456846888873
"Inflation, GDP deflator (annual %)",NY.GDP.DEFL.KD.ZG,Sierra Leone,SLE,4.34616383662868
"Inflation, GDP deflator (annual %)",NY.GDP.DEFL.KD.ZG,Singapore,SGP,0.522019607887785
"Inflation, GDP deflator (annual %)",NY.GDP.DEFL.KD.ZG,Sint Maarten (Dutch part),SXM,-0.320844612000187
"Inflation, GDP deflator (annual %)",NY.GDP.DEFL.KD.ZG,Slovak Republic,SVK,-0.390909342389534
"Inflation, GDP deflator (annual %)",NY.GDP.DEFL.KD.ZG,Slovenia,SVN,0.885482436856336
"Inflation, GDP deflator (annual %)",NY.GDP.DEFL.KD.ZG,Solomon Islands,SLB,0.344531390997304
"Inflation, GDP deflator (annual %)",NY.GDP.DEFL.KD.ZG,"Somalia, Fed. Rep.",SOM,4.0808852538828
"Inflation, GDP deflator (annual %)",NY.GDP.DEFL.KD.ZG,South Africa,ZAF,6.9521719608848
"Inflation, GDP deflator (annual %)",NY.GDP.DEFL.KD.ZG,South Sudan,SSD,..
"Inflation, GDP deflator (annual %)",NY.GDP.DEFL.KD.ZG,Spain,ESP,0.372182539615821
"Inflation, GDP deflator (annual %)",NY.GDP.DEFL.KD.ZG,Sri Lanka,LKA,5.44322171879568
"Inflation, GDP deflator (annual %)",NY.GDP.DEFL.KD.ZG,St. Kitts and Nevis,KNA,1.20132522527356
"Inflation, GDP deflator (annual %)",NY.GDP.DEFL.KD.ZG,St. Lucia,LCA,-0.0566916594951152
"Inflation, GDP deflator (annual %)",NY.GDP.DEFL.KD.ZG,St. Martin (French part),MAF,..
"Inflation, GDP deflator (annual %)",NY.GDP.DEFL.KD.ZG,St. Vincent and the Grenadines,VCT,-0.597098092991786
"Inflation, GDP deflator (annual %)",NY.GDP.DEFL.KD.ZG,Sudan,SDN,20.6855877306245
"Inflation, GDP deflator (annual %)",NY.GDP.DEFL.KD.ZG,Suriname,SUR,24.0693638258796
"Inflation, GDP deflator (annual %)",NY.GDP.DEFL.KD.ZG,Eswatini,SWZ,6.76466083570968
"Inflation, GDP deflator (annual %)",NY.GDP.DEFL.KD.ZG,Sweden,SWE,1.65920932545671
"Inflation, GDP deflator (annual %)",NY.GDP.DEFL.KD.ZG,Switzerland,CHE,-0.583291614274671
"Inflation, GDP deflator (annual %)",NY.GDP.DEFL.KD.ZG,Syrian Arab Republic,SYR,36.8710415587113
"Inflation, GDP deflator (annual %)",NY.GDP.DEFL.KD.ZG,Tajikistan,TJK,0.541389756844993
"Inflation, GDP deflator (annual %)",NY.GDP.DEFL.KD.ZG,Tanzania,TZA,7.47203366759727
"Inflation, GDP deflator (annual %)",NY.GDP.DEFL.KD.ZG,Thailand,THA,2.63616761998928
"Inflation, GDP deflator (annual %)",NY.GDP.DEFL.KD.ZG,Timor-Leste,TLS,0.141366734537485
"Inflation, GDP deflator (annual %)",NY.GDP.DEFL.KD.ZG,Togo,TGO,1.45775670689166
"Inflation, GDP deflator (annual %)",NY.GDP.DEFL.KD.ZG,Tonga,TON,2.97355538261547
"Inflation, GDP deflator (annual %)",NY.GDP.DEFL.KD.ZG,Trinidad and Tobago,TTO,-0.459584415470857
"Inflation, GDP deflator (annual %)",NY.GDP.DEFL.KD.ZG,Tunisia,TUN,4.93516491002109
"Inflation, GDP deflator (annual %)",NY.GDP.DEFL.KD.ZG,Turkiye,TUR,8.1276071872056
"Inflation, GDP deflator (annual %)",NY.GDP.DEFL.KD.ZG,Turkmenistan,TKM,-4.86560287903114
"Inflation, GDP deflator (annual %)",NY.GDP.DEFL.KD.ZG,Turks and Caicos Islands,TCA,3.9444752403965
"Inflation, GDP deflator (annual %)",NY.GDP.DEFL.KD.ZG,Tuvalu,TUV,8.16326530612245
"Inflation, GDP deflator (annual %)",NY.GDP.DEFL.KD.ZG,Uganda,UGA,4.78100029080551
"Inflation, GDP deflator (annual %)",NY.GDP.DEFL.KD.ZG,Ukraine,UKR,17.0971349238438
"Inflation, GDP deflator (annual %)",NY.GDP.DEFL.KD.ZG,United Arab Emirates,ARE,-5.41837431832437
"Inflation, GDP deflator (annual %)",NY.GDP.DEFL.KD.ZG,United Kingdom,GBR,1.73539354292218
"Inflation, GDP deflator (annual %)",NY.GDP.DEFL.KD.ZG,United States,USA,0.85147588450198
"Inflation, GDP deflator (annual %)",NY.GDP.DEFL.KD.ZG,Uruguay,URY,8.1654565431532
"Inflation, GDP deflator (annual %)",NY.GDP.DEFL.KD.ZG,Uzbekistan,UZB,8.93036849321503
"Inflation, GDP deflator (annual %)",NY.GDP.DEFL.KD.ZG,Vanuatu,VUT,1.84030208804191
"Inflation, GDP deflator (annual %)",NY.GDP.DEFL.KD.ZG,"Venezuela, RB",VEN,307.478007106374
"Inflation, GDP deflator (annual %)",NY.GDP.DEFL.KD.ZG,Viet Nam,VNM,1.81953592779914
"Inflation, GDP deflator (annual %)",NY.GDP.DEFL.KD.ZG,Virgin Islands (U.S.),VIR,2.05180352239177
"Inflation, GDP deflator (annual %)",NY.GDP.DEFL.KD.ZG,West Bank and Gaza,PSE,1.27802248372888
"Inflation, GDP deflator (annual %)",NY.GDP.DEFL.KD.ZG,"Yemen, Rep.",YEM,0.134410821886718
"Inflation, GDP deflator (annual %)",NY.GDP.DEFL.KD.ZG,Zambia,ZMB,13.5761011694227
"Inflation, GDP deflator (annual %)",NY.GDP.DEFL.KD.ZG,Zimbabwe,ZWE,2.16179137419846
"Agriculture, forestry, and fishing, value added (% of GDP)",NV.AGR.TOTL.ZS,Afghanistan,AFG,25.7403140364582
"Agriculture, forestry, and fishing, value added (% of GDP)",NV.AGR.TOTL.ZS,Albania,ALB,19.167190753497
"Agriculture, forestry, and fishing, value added (% of GDP)",NV.AGR.TOTL.ZS,Algeria,DZA,11.0683130545794
"Agriculture, forestry, and fishing, value added (% of GDP)",NV.AGR.TOTL.ZS,American Samoa,ASM,..
"Agriculture, forestry, and fishing, value added (% of GDP)",NV.AGR.TOTL.ZS,Andorra,AND,0.521999648433619
"Agriculture, forestry, and fishing, value added (% of GDP)",NV.AGR.TOTL.ZS,Angola,AGO,14.6711413269562
"Agriculture, forestry, and fishing, value added (% of GDP)",NV.AGR.TOTL.ZS,Antigua and Barbuda,ATG,1.45850375317323
"Agriculture, forestry, and fishing, value added (% of GDP)",NV.AGR.TOTL.ZS,Argentina,ARG,6.26456582010254
"Agriculture, forestry, and fishing, value added (% of GDP)",NV.AGR.TOTL.ZS,Armenia,ARM,16.39047353385
"Agriculture, forestry, and fishing, value added (% of GDP)",NV.AGR.TOTL.ZS,Aruba,ABW,0.018611754127868
"Agriculture, forestry, and fishing, value added (% of GDP)",NV.AGR.TOTL.ZS,Australia,AUS,2.41300232330254
"Agriculture, forestry, and fishing, value added (% of GDP)",NV.AGR.TOTL.ZS,Austria,AUT,1.14928264077268
"Agriculture, forestry, and fishing, value added (% of GDP)",NV.AGR.TOTL.ZS,Azerbaijan,AZE,5.60511177455763
"Agriculture, forestry, and fishing, value added (% of GDP)",NV.AGR.TOTL.ZS,"Bahamas, The",BHS,0.877037934836586
"Agriculture, forestry, and fishing, value added (% of GDP)",NV.AGR.TOTL.ZS,Bahrain,BHR,0.315996684624948
"Agriculture, forestry, and fishing, value added (% of GDP)",NV.AGR.TOTL.ZS,Bangladesh,BGD,13.4647923176039
"Agriculture, forestry, and fishing, value added (% of GDP)",NV.AGR.TOTL.ZS,Barbados,BRB,1.69703591442569
"Agriculture, forestry, and fishing, value added (% of GDP)",NV.AGR.TOTL.ZS,Belarus,BLR,6.89528062433517
"Agriculture, forestry, and fishing, value added (% of GDP)",NV.AGR.TOTL.ZS,Belgium,BEL,0.673190543684684
"Agriculture, forestry, and fishing, value added (% of GDP)",NV.AGR.TOTL.ZS,Belize,BLZ,7.70348583128466
"Agriculture, forestry, and fishing, value added (% of GDP)",NV.AGR.TOTL.ZS,Benin,BEN,27.7536354980493
"Agriculture, forestry, and fishing, value added (% of GDP)",NV.AGR.TOTL.ZS,Bermuda,BMU,0.307018452846711
"Agriculture, forestry, and fishing, value added (% of GDP)",NV.AGR.TOTL.ZS,Bhutan,BTN,12.0023717482714
"Agriculture, forestry, and fishing, value added (% of GDP)",NV.AGR.TOTL.ZS,Bolivia,BOL,11.1718754150532
"Agriculture, forestry, and fishing, value added (% of GDP)",NV.AGR.TOTL.ZS,Bosnia and Herzegovina,BIH,6.16559062107215
"Agriculture, forestry, and fishing, value added (% of GDP)",NV.AGR.TOTL.ZS,Botswana,BWA,1.97588757367029
"Agriculture, forestry, and fishing, value added (% of GDP)",NV.AGR.TOTL.ZS,Brazil,BRA,4.89135358721066
"Agriculture, forestry, and fishing, value added (% of GDP)",NV.AGR.TOTL.ZS,British Virgin Islands,VGB,..
"Agriculture, forestry, and fishing, value added (% of GDP)",NV.AGR.TOTL.ZS,Brunei Darussalam,BRN,1.20365462606268
"Agriculture, forestry, and fishing, value added (% of GDP)",NV.AGR.TOTL.ZS,Bulgaria,BGR,4.0548985296075
"Agriculture, forestry, and fishing, value added (% of GDP)",NV.AGR.TOTL.ZS,Burkina Faso,BFA,21.7147178290213
"Agriculture, forestry, and fishing, value added (% of GDP)",NV.AGR.TOTL.ZS,Burundi,BDI,35.5553158342758
"Agriculture, forestry, and fishing, value added (% of GDP)",NV.AGR.TOTL.ZS,Cabo Verde,CPV,6.31352277353712
"Agriculture, forestry, and fishing, value added (% of GDP)",NV.AGR.TOTL.ZS,Cambodia,KHM,18.9079815555917
"Agriculture, forestry, and fishing, value added (% of GDP)",NV.AGR.TOTL.ZS,Cameroon,CMR,17.1926623891151
"Agriculture, forestry, and fishing, value added (% of GDP)",NV.AGR.TOTL.ZS,Canada,CAN,1.86222589313529
"Agriculture, forestry, and fishing, value added (% of GDP)",NV.AGR.TOTL.ZS,Cayman Islands,CYM,0.39945773256778
"Agriculture, forestry, and fishing, value added (% of GDP)",NV.AGR.TOTL.ZS,Central African Republic,CAF,31.9189914897237
"Agriculture, forestry, and fishing, value added (% of GDP)",NV.AGR.TOTL.ZS,Chad,TCD,39.3716151096934
"Agriculture, forestry, and fishing, value added (% of GDP)",NV.AGR.TOTL.ZS,Channel Islands,CHI,0.77509060316217
"Agriculture, forestry, and fishing, value added (% of GDP)",NV.AGR.TOTL.ZS,Chile,CHL,4.19908937129196
"Agriculture, forestry, and fishing, value added (% of GDP)",NV.AGR.TOTL.ZS,China,CHN,7.90065017505416
"Agriculture, forestry, and fishing, value added (% of GDP)",NV.AGR.TOTL.ZS,Colombia,COL,6.60641226605787
"Agriculture, forestry, and fishing, value added (% of GDP)",NV.AGR.TOTL.ZS,Comoros,COM,31.3684720287721
"Agriculture, forestry, and fishing, value added (% of GDP)",NV.AGR.TOTL.ZS,"Congo, Dem. Rep.",COD,12.2895509013421
"Agriculture, forestry, and fishing, value added (% of GDP)",NV.AGR.TOTL.ZS,"Congo, Rep.",COG,6.76365035154121
"Agriculture, forestry, and fishing, value added (% of GDP)",NV.AGR.TOTL.ZS,Costa Rica,CRI,4.9143557868633
"Agriculture, forestry, and fishing, value added (% of GDP)",NV.AGR.TOTL.ZS,Cote d'Ivoire,CIV,17.4349684074971
"Agriculture, forestry, and fishing, value added (% of GDP)",NV.AGR.TOTL.ZS,Croatia,HRV,3.05980781348851
"Agriculture, forestry, and fishing, value added (% of GDP)",NV.AGR.TOTL.ZS,Cuba,CUB,3.9383388809409
"Agriculture, forestry, and fishing, value added (% of GDP)",NV.AGR.TOTL.ZS,Curacao,CUW,0.169566818227653
"Agriculture, forestry, and fishing, value added (% of GDP)",NV.AGR.TOTL.ZS,Cyprus,CYP,2.14376219902412
"Agriculture, forestry, and fishing, value added (% of GDP)",NV.AGR.TOTL.ZS,Czechia,CZE,2.14809736879598
"Agriculture, forestry, and fishing, value added (% of GDP)",NV.AGR.TOTL.ZS,Denmark,DNK,0.92879780499665
"Agriculture, forestry, and fishing, value added (% of GDP)",NV.AGR.TOTL.ZS,Djibouti,DJI,0.99558771996226
"Agriculture, forestry, and fishing, value added (% of GDP)",NV.AGR.TOTL.ZS,Dominica,DMA,13.5004110450215
"Agriculture, forestry, and fishing, value added (% of GDP)",NV.AGR.TOTL.ZS,Dominican Republic,DOM,5.02704510564373
"Agriculture, forestry, and fishing, value added (% of GDP)",NV.AGR.TOTL.ZS,Ecuador,ECU,8.07212585894998
"Agriculture, forestry, and fishing, value added (% of GDP)",NV.AGR.TOTL.ZS,"Egypt, Arab Rep.",EGY,11.769316084742
"Agriculture, forestry, and fishing, value added (% of GDP)",NV.AGR.TOTL.ZS,El Salvador,SLV,5.73215390739613
"Agriculture, forestry, and fishing, value added (% of GDP)",NV.AGR.TOTL.ZS,Equatorial Guinea,GNQ,2.33223920932761
"Agriculture, forestry, and fishing, value added (% of GDP)",NV.AGR.TOTL.ZS,Eritrea,ERI,..
"Agriculture, forestry, and fishing, value added (% of GDP)",NV.AGR.TOTL.ZS,Estonia,EST,2.0715978609001
"Agriculture, forestry, and fishing, value added (% of GDP)",NV.AGR.TOTL.ZS,Ethiopia,ETH,34.6969564523634
"Agriculture, forestry, and fishing, value added (% of GDP)",NV.AGR.TOTL.ZS,Faroe Islands,FRO,19.4105036381493
"Agriculture, forestry, and fishing, value added (% of GDP)",NV.AGR.TOTL.ZS,Fiji,FJI,10.6643336396929
"Agriculture, forestry, and fishing, value added (% of GDP)",NV.AGR.TOTL.ZS,Finland,FIN,2.08977502932082
"Agriculture, forestry, and fishing, value added (% of GDP)",NV.AGR.TOTL.ZS,France,FRA,1.33798472564444
"Agriculture, forestry, and fishing, value added (% of GDP)",NV.AGR.TOTL.ZS,French Polynesia,PYF,3.21708081765994
"Agriculture, forestry, and fishing, value added (% of GDP)",NV.AGR.TOTL.ZS,Gabon,GAB,4.97313690987068
"Agriculture, forestry, and fishing, value added (% of GDP)",NV.AGR.TOTL.ZS,"Gambia, The",GMB,21.8613793599274
"Agriculture, forestry, and fishing, value added (% of GDP)",NV.AGR.TOTL.ZS,Georgia,GEO,8.00327332913851
"Agriculture, forestry, and fishing, value added (% of GDP)",NV.AGR.TOTL.ZS,Germany,DEU,0.730531013610999
"Agriculture, forestry, and fishing, value added (% of GDP)",NV.AGR.TOTL.ZS,Ghana,GHA,20.8442929192419
"Agriculture, forestry, and fishing, value added (% of GDP)",NV.AGR.TOTL.ZS,Gibraltar,GIB,..
"Agriculture, forestry, and fishing, value added (% of GDP)",NV.AGR.TOTL.ZS,Greece,GRC,3.45812941533327
"Agriculture, forestry, and fishing, value added (% of GDP)",NV.AGR.TOTL.ZS,Greenland,GRL,18.4117385602265
"Agriculture, forestry, and fishing, value added (% of GDP)",NV.AGR.TOTL.ZS,Grenada,GRD,6.20632633624404
"Agriculture, forestry, and fishing, value added (% of GDP)",NV.AGR.TOTL.ZS,Guam,GUM,..
"Agriculture, forestry, and fishing, value added (% of GDP)",NV.AGR.TOTL.ZS,Guatemala,GTM,9.66139477990376
"Agriculture, forestry, and fishing, value added (% of GDP)",NV.AGR.TOTL.ZS,Guinea,GIN,17.5899474364211
"Agriculture, forestry, and fishing, value added (% of GDP)",NV.AGR.TOTL.ZS,Guinea-Bissau,GNB,36.3487649050334
"Agriculture, forestry, and fishing, value added (% of GDP)",NV.AGR.TOTL.ZS,Guyana,GUY,20.3872409058451
"Agriculture, forestry, and fishing, value added (% of GDP)",NV.AGR.TOTL.ZS,Haiti,HTI,17.9835139851461
"Agriculture, forestry, and fishing, value added (% of GDP)",NV.AGR.TOTL.ZS,Honduras,HND,12.0499014058464
"Agriculture, forestry, and fishing, value added (% of GDP)",NV.AGR.TOTL.ZS,"Hong Kong SAR, China",HKG,0.0762065977729043
"Agriculture, forestry, and fishing, value added (% of GDP)",NV.AGR.TOTL.ZS,Hungary,HUN,3.8677257212942
"Agriculture, forestry, and fishing, value added (% of GDP)",NV.AGR.TOTL.ZS,Iceland,ISL,4.53958611104236
"Agriculture, forestry, and fishing, value added (% of GDP)",NV.AGR.TOTL.ZS,India,IND,16.3638005616331
"Agriculture, forestry, and fishing, value added (% of GDP)",NV.AGR.TOTL.ZS,Indonesia,IDN,13.4787485470271
"Agriculture, forestry, and fishing, value added (% of GDP)",NV.AGR.TOTL.ZS,"Iran, Islamic Rep.",IRN,8.44788029281743
"Agriculture, forestry, and fishing, value added (% of GDP)",NV.AGR.TOTL.ZS,Iraq,IRQ,3.97718981146129
"Agriculture, forestry, and fishing, value added (% of GDP)",NV.AGR.TOTL.ZS,Ireland,IRL,0.925941331563359
"Agriculture, forestry, and fishing, value added (% of GDP)",NV.AGR.TOTL.ZS,Isle of Man,IMN,0.590100696950693
"Agriculture, forestry, and fishing, value added (% of GDP)",NV.AGR.TOTL.ZS,Israel,ISR,1.45144669238151
"Agriculture, forestry, and fishing, value added (% of GDP)",NV.AGR.TOTL.ZS,Italy,ITA,1.84915248302101
"Agriculture, forestry, and fishing, value added (% of GDP)",NV.AGR.TOTL.ZS,Jamaica,JAM,6.09832325620201
"Agriculture, forestry, and fishing, value added (% of GDP)",NV.AGR.TOTL.ZS,Japan,JPN,1.12498130848332
"Agriculture, forestry, and fishing, value added (% of GDP)",NV.AGR.TOTL.ZS,Jordan,JOR,4.50634129998352
"Agriculture, forestry, and fishing, value added (% of GDP)",NV.AGR.TOTL.ZS,Kazakhstan,KAZ,4.55600427070659
"Agriculture, forestry, and fishing, value added (% of GDP)",NV.AGR.TOTL.ZS,Kenya,KEN,20.0345164328349
"Agriculture, forestry, and fishing, value added (% of GDP)",NV.AGR.TOTL.ZS,Kiribati,KIR,27.0676830423644
"Agriculture, forestry, and fishing, value added (% of GDP)",NV.AGR.TOTL.ZS,"Korea, Dem. People's Rep.",PRK,..
"Agriculture, forestry, and fishing, value added (% of GDP)",NV.AGR.TOTL.ZS,"Korea, Rep.",KOR,1.73945648142804
"Agriculture, forestry, and fishing, value added (% of GDP)",NV.AGR.TOTL.ZS,Kosovo,XKX,8.17152319317784
"Agriculture, forestry, and fishing, value added (% of GDP)",NV.AGR.TOTL.ZS,Kuwait,KWT,0.518592131185869
"Agriculture, forestry, and fishing, value added (% of GDP)",NV.AGR.TOTL.ZS,Kyrgyz Republic,KGZ,12.8344731564928
"Agriculture, forestry, and fishing, value added (% of GDP)",NV.AGR.TOTL.ZS,Lao PDR,LAO,17.2301765948066
"Agriculture, forestry, and fishing, value added (% of GDP)",NV.AGR.TOTL.ZS,Latvia,LVA,3.32532538955761
"Agriculture, forestry, and fishing, value added (% of GDP)",NV.AGR.TOTL.ZS,Lebanon,LBN,2.72714945763945
"Agriculture, forestry, and fishing, value added (% of GDP)",NV.AGR.TOTL.ZS,Lesotho,LSO,4.92411763358152
"Agriculture, forestry, and fishing, value added (% of GDP)",NV.AGR.TOTL.ZS,Liberia,LBR,35.9187135102446
"Agriculture, forestry, and fishing, value added (% of GDP)",NV.AGR.TOTL.ZS,Libya,LBY,4.61177989572916
"Agriculture, forestry, and fishing, value added (% of GDP)",NV.AGR.TOTL.ZS,Liechtenstein,LIE,0.115518531775731
"Agriculture, forestry, and fishing, value added (% of GDP)",NV.AGR.TOTL.ZS,Lithuania,LTU,3.12061896056681
"Agriculture, forestry, and fishing, value added (% of GDP)",NV.AGR.TOTL.ZS,Luxembourg,LUX,0.214197008159042
"Agriculture, forestry, and fishing, value added (% of GDP)",NV.AGR.TOTL.ZS,"Macao SAR, China",MAC,..
"Agriculture, forestry, and fishing, value added (% of GDP)",NV.AGR.TOTL.ZS,North Macedonia,MKD,9.17290831294816
"Agriculture, forestry, and fishing, value added (% of GDP)",NV.AGR.TOTL.ZS,Madagascar,MDG,25.1334543599723
"Agriculture, forestry, and fishing, value added (% of GDP)",NV.AGR.TOTL.ZS,Malawi,MWI,22.1929077690151
"Agriculture, forestry, and fishing, value added (% of GDP)",NV.AGR.TOTL.ZS,Malaysia,MYS,8.46251885618027
"Agriculture, forestry, and fishing, value added (% of GDP)",NV.AGR.TOTL.ZS,Maldives,MDV,5.62856347337925
"Agriculture, forestry, and fishing, value added (% of GDP)",NV.AGR.TOTL.ZS,Mali,MLI,30.9987192702461
"Agriculture, forestry, and fishing, value added (% of GDP)",NV.AGR.TOTL.ZS,Malta,MLT,1.01031741652999
"Agriculture, forestry, and fishing, value added (% of GDP)",NV.AGR.TOTL.ZS,Marshall Islands,MHL,12.7276511397423
"Agriculture, forestry, and fishing, value added (% of GDP)",NV.AGR.TOTL.ZS,Mauritania,MRT,21.7392133521855
"Agriculture, forestry, and fishing, value added (% of GDP)",NV.AGR.TOTL.ZS,Mauritius,MUS,3.05756982303852
"Agriculture, forestry, and fishing, value added (% of GDP)",NV.AGR.TOTL.ZS,Mexico,MEX,3.2462890783797
"Agriculture, forestry, and fishing, value added (% of GDP)",NV.AGR.TOTL.ZS,"Micronesia, Fed. Sts.",FSM,27.1669230769231
"Agriculture, forestry, and fishing, value added (% of GDP)",NV.AGR.TOTL.ZS,Moldova,MDA,12.4797438509487
"Agriculture, forestry, and fishing, value added (% of GDP)",NV.AGR.TOTL.ZS,Monaco,MCO,..
"Agriculture, forestry, and fishing, value added (% of GDP)",NV.AGR.TOTL.ZS,Mongolia,MNG,12.6278436864479
"Agriculture, forestry, and fishing, value added (% of GDP)",NV.AGR.TOTL.ZS,Montenegro,MNE,4.80607864194884
"Agriculture, forestry, and fishing, value added (% of GDP)",NV.AGR.TOTL.ZS,Morocco,MAR,10.3219651103177
"Agriculture, forestry, and fishing, value added (% of GDP)",NV.AGR.TOTL.ZS,Mozambique,MOZ,23.6272810887625
"Agriculture, forestry, and fishing, value added (% of GDP)",NV.AGR.TOTL.ZS,Myanmar,MMR,25.6286228737595
"Agriculture, forestry, and fishing, value added (% of GDP)",NV.AGR.TOTL.ZS,Namibia,NAM,6.72011763526388
"Agriculture, forestry, and fishing, value added (% of GDP)",NV.AGR.TOTL.ZS,Nauru,NRU,..
"Agriculture, forestry, and fishing, value added (% of GDP)",NV.AGR.TOTL.ZS,Nepal,NPL,25.5178753710017
"Agriculture, forestry, and fishing, value added (% of GDP)",NV.AGR.TOTL.ZS,Netherlands,NLD,1.86399139098136
"Agriculture, forestry, and fishing, value added (% of GDP)",NV.AGR.TOTL.ZS,New Caledonia,NCL,1.92670811679751
"Agriculture, forestry, and fishing, value added (% of GDP)",NV.AGR.TOTL.ZS,New Zealand,NZL,5.54432774887998
"Agriculture, forestry, and fishing, value added (% of GDP)",NV.AGR.TOTL.ZS,Nicaragua,NIC,14.9153392298097
"Agriculture, forestry, and fishing, value added (% of GDP)",NV.AGR.TOTL.ZS,Niger,NER,35.2629582125475
"Agriculture, forestry, and fishing, value added (% of GDP)",NV.AGR.TOTL.ZS,Nigeria,NGA,20.9831097083173
"Agriculture, forestry, and fishing, value added (% of GDP)",NV.AGR.TOTL.ZS,Northern Mariana Islands,MNP,..
"Agriculture, forestry, and fishing, value added (% of GDP)",NV.AGR.TOTL.ZS,Norway,NOR,2.03389884901806
"Agriculture, forestry, and fishing, value added (% of GDP)",NV.AGR.TOTL.ZS,Oman,OMN,1.98532211721536
"Agriculture, forestry, and fishing, value added (% of GDP)",NV.AGR.TOTL.ZS,Pakistan,PAK,22.3283302035697
"Agriculture, forestry, and fishing, value added (% of GDP)",NV.AGR.TOTL.ZS,Palau,PLW,3.0483589005406
"Agriculture, forestry, and fishing, value added (% of GDP)",NV.AGR.TOTL.ZS,Panama,PAN,2.78054588848146
"Agriculture, forestry, and fishing, value added (% of GDP)",NV.AGR.TOTL.ZS,Papua New Guinea,PNG,17.8663404294926
"Agriculture, forestry, and fishing, value added (% of GDP)",NV.AGR.TOTL.ZS,Paraguay,PRY,10.6965134075446
"Agriculture, forestry, and fishing, value added (% of GDP)",NV.AGR.TOTL.ZS,Peru,PER,6.93503461650105
"Agriculture, forestry, and fishing, value added (% of GDP)",NV.AGR.TOTL.ZS,Philippines,PHL,10.2051255325616
"Agriculture, forestry, and fishing, value added (% of GDP)",NV.AGR.TOTL.ZS,Poland,POL,2.6237968659564
"Agriculture, forestry, and fishing, value added (% of GDP)",NV.AGR.TOTL.ZS,Portugal,PRT,1.92235840837832
"Agriculture, forestry, and fishing, value added (% of GDP)",NV.AGR.TOTL.ZS,Puerto Rico (US),PRI,0.805660903593846
"Agriculture, forestry, and fishing, value added (% of GDP)",NV.AGR.TOTL.ZS,Qatar,QAT,0.183956328477924
"Agriculture, forestry, and fishing, value added (% of GDP)",NV.AGR.TOTL.ZS,Romania,ROU,4.2921753725524
"Agriculture, forestry, and fishing, value added (% of GDP)",NV.AGR.TOTL.ZS,Russian Federation,RUS,3.84021728459951
"Agriculture, forestry, and fishing, value added (% of GDP)",NV.AGR.TOTL.ZS,Rwanda,RWA,25.1527094826327
"Agriculture, forestry, and fishing, value added (% of GDP)",NV.AGR.TOTL.ZS,Samoa,WSM,8.64439767739187
"Agriculture, forestry, and fishing, value added (% of GDP)",NV.AGR.TOTL.ZS,San Marino,SMR,0.0136238729961193
"Agriculture, forestry, and fishing, value added (% of GDP)",NV.AGR.TOTL.ZS,Sao Tome and Principe,STP,13.0514022257346
"Agriculture, forestry, and fishing, value added (% of GDP)",NV.AGR.TOTL.ZS,Saudi Arabia,SAU,2.91802299444676
"Agriculture, forestry, and fishing, value added (% of GDP)",NV.AGR.TOTL.ZS,Senegal,SEN,14.4140203888971
"Agriculture, forestry, and fishing, value added (% of GDP)",NV.AGR.TOTL.ZS,Serbia,SRB,5.70664096571472
"Agriculture, forestry, and fishing, value added (% of GDP)",NV.AGR.TOTL.ZS,Seychelles,SYC,1.9149122831203
"Agriculture, forestry, and fishing, value added (% of GDP)",NV.AGR.TOTL.ZS,Sierra Leone,SLE,32.5776913387757
"Agriculture, forestry, and fishing, value added (% of GDP)",NV.AGR.TOTL.ZS,Singapore,SGP,0.0315212894381262
"Agriculture, forestry, and fishing, value added (% of GDP)",NV.AGR.TOTL.ZS,Sint Maarten (Dutch part),SXM,..
"Agriculture, forestry, and fishing, value added (% of GDP)",NV.AGR.TOTL.ZS,Slovak Republic,SVK,2.06264218897129
"Agriculture, forestry, and fishing, value added (% of GDP)",NV.AGR.TOTL.ZS,Slovenia,SVN,1.85129615497703
"Agriculture, forestry, and fishing, value added (% of GDP)",NV.AGR.TOTL.ZS,Solomon Islands,SLB,34.4468092378433
"Agriculture, forestry, and fishing, value added (% of GDP)",NV.AGR.TOTL.ZS,"Somalia, Fed. Rep.",SOM,..
"Agriculture, forestry, and fishing, value added (% of GDP)",NV.AGR.TOTL.ZS,South Africa,ZAF,2.41418607394576
"Agriculture, forestry, and fishing, value added (% of GDP)",NV.AGR.TOTL.ZS,South Sudan,SSD,..
"Agriculture, forestry, and fishing, value added (% of GDP)",NV.AGR.TOTL.ZS,Spain,ESP,2.81522075003094
"Agriculture, forestry, and fishing, value added (% of GDP)",NV.AGR.TOTL.ZS,Sri Lanka,LKA,7.26171847779131
"Agriculture, forestry, and fishing, value added (% of GDP)",NV.AGR.TOTL.ZS,St. Kitts and Nevis,KNA,0.789799919806063
"Agriculture, forestry, and fishing, value added (% of GDP)",NV.AGR.TOTL.ZS,St. Lucia,LCA,2.07707722588586
"Agriculture, forestry, and fishing, value added (% of GDP)",NV.AGR.TOTL.ZS,St. Martin (French part),MAF,..
"Agriculture, forestry, and fishing, value added (% of GDP)",NV.AGR.TOTL.ZS,St. Vincent and the Grenadines,VCT,6.75105293320355
"Agriculture, forestry, and fishing, value added (% of GDP)",NV.AGR.TOTL.ZS,Sudan,SDN,22.9775814159681
"Agriculture, forestry, and fishing, value added (% of GDP)",NV.AGR.TOTL.ZS,Suriname,SUR,10.7661271900991
"Agriculture, forestry, and fishing, value added (% of GDP)",NV.AGR.TOTL.ZS,Eswatini,SWZ,5.37686940648276
"Agriculture, forestry, and fishing, value added (% of GDP)",NV.AGR.TOTL.ZS,Sweden,SWE,1.2811871059035
"Agriculture, forestry, and fishing, value added (% of GDP)",NV.AGR.TOTL.ZS,Switzerland,CHE,0.658010471667002
"Agriculture, forestry, and fishing, value added (% of GDP)",NV.AGR.TOTL.ZS,Syrian Arab Republic,SYR,34.1668728227147
"Agriculture, forestry, and fishing, value added (% of GDP)",NV.AGR.TOTL.ZS,Tajikistan,TJK,20.8569765086156
"Agriculture, forestry, and fishing, value added (% of GDP)",NV.AGR.TOTL.ZS,Tanzania,TZA,27.4441425717754
"Agriculture, forestry, and fishing, value added (% of GDP)",NV.AGR.TOTL.ZS,Thailand,THA,8.47807696285562
"Agriculture, forestry, and fishing, value added (% of GDP)",NV.AGR.TOTL.ZS,Timor-Leste,TLS,17.0630748051211
"Agriculture, forestry, and fishing, value added (% of GDP)",NV.AGR.TOTL.ZS,Togo,TGO,20.385078914717
"Agriculture, forestry, and fishing, value added (% of GDP)",NV.AGR.TOTL.ZS,Tonga,TON,16.6067318041161
"Agriculture, forestry, and fishing, value added (% of GDP)",NV.AGR.TOTL.ZS,Trinidad and Tobago,TTO,0.992434424479726
"Agriculture, forestry, and fishing, value added (% of GDP)",NV.AGR.TOTL.ZS,Tunisia,TUN,8.52541115305462
"Agriculture, forestry, and fishing, value added (% of GDP)",NV.AGR.TOTL.ZS,Turkiye,TUR,6.26556196399699
"Agriculture, forestry, and fishing, value added (% of GDP)",NV.AGR.TOTL.ZS,Turkmenistan,TKM,10.5274383259738
"Agriculture, forestry, and fishing, value added (% of GDP)",NV.AGR.TOTL.ZS,Turks and Caicos Islands,TCA,0.367779794655588
"Agriculture, forestry, and fishing, value added (% of GDP)",NV.AGR.TOTL.ZS,Tuvalu,TUV,..
"Agriculture, forestry, and fishing, value added (% of GDP)",NV.AGR.TOTL.ZS,Uganda,UGA,22.6603227869887
"Agriculture, forestry, and fishing, value added (% of GDP)",NV.AGR.TOTL.ZS,Ukraine,UKR,11.7257009089167
"Agriculture, forestry, and fishing, value added (% of GDP)",NV.AGR.TOTL.ZS,United Arab Emirates,ARE,0.740803620343316
"Agriculture, forestry, and fishing, value added (% of GDP)",NV.AGR.TOTL.ZS,United Kingdom,GBR,0.590496095532871
"Agriculture, forestry, and fishing, value added (% of GDP)",NV.AGR.TOTL.ZS,United States,USA,0.942644552842604
"Agriculture, forestry, and fishing, value added (% of GDP)",NV.AGR.TOTL.ZS,Uruguay,URY,6.67871966293107
"Agriculture, forestry, and fishing, value added (% of GDP)",NV.AGR.TOTL.ZS,Uzbekistan,UZB,29.2766543055556
"Agriculture, forestry, and fishing, value added (% of GDP)",NV.AGR.TOTL.ZS,Vanuatu,VUT,20.9286066315946
"Agriculture, forestry, and fishing, value added (% of GDP)",NV.AGR.TOTL.ZS,"Venezuela, RB",VEN,..
"Agriculture, forestry, and fishing, value added (% of GDP)",NV.AGR.TOTL.ZS,Viet Nam,VNM,13.8182553730866
"Agriculture, forestry, and fishing, value added (% of GDP)",NV.AGR.TOTL.ZS,Virgin Islands (U.S.),VIR,..
"Agriculture, forestry, and fishing, value added (% of GDP)",NV.AGR.TOTL.ZS,West Bank and Gaza,PSE,7.60382722941306
"Agriculture, forestry, and fishing, value added (% of GDP)",NV.AGR.TOTL.ZS,"Yemen, Rep.",YEM,25.0909130885165
"Agriculture, forestry, and fishing, value added (% of GDP)",NV.AGR.TOTL.ZS,Zambia,ZMB,6.22847198956029
"Agriculture, forestry, and fishing, value added (% of GDP)",NV.AGR.TOTL.ZS,Zimbabwe,ZWE,7.87358488271703
"Industry (including construction), value added (% of GDP)",NV.IND.TOTL.ZS,Afghanistan,AFG,10.4668076938201
"Industry (including construction), value added (% of GDP)",NV.IND.TOTL.ZS,Albania,ALB,23.8670178864359
"Industry (including construction), value added (% of GDP)",NV.IND.TOTL.ZS,Algeria,DZA,32.205164049828
"Industry (including construction), value added (% of GDP)",NV.IND.TOTL.ZS,American Samoa,ASM,..
"Industry (including construction), value added (% of GDP)",NV.IND.TOTL.ZS,Andorra,AND,10.1407794073814
"Industry (including construction), value added (% of GDP)",NV.IND.TOTL.ZS,Angola,AGO,37.3943513261608
"Industry (including construction), value added (% of GDP)",NV.IND.TOTL.ZS,Antigua and Barbuda,ATG,17.7641082763748
"Industry (including construction), value added (% of GDP)",NV.IND.TOTL.ZS,Argentina,ARG,22.0541072112108
"Industry (including construction), value added (% of GDP)",NV.IND.TOTL.ZS,Armenia,ARM,25.5771330395605
"Industry (including construction), value added (% of GDP)",NV.IND.TOTL.ZS,Aruba,ABW,12.7138128237982
"Industry (including construction), value added (% of GDP)",NV.IND.TOTL.ZS,Australia,AUS,22.3130168026382
"Industry (including construction), value added (% of GDP)",NV.IND.TOTL.ZS,Austria,AUT,25.9124691845374
"Industry (including construction), value added (% of GDP)",NV.IND.TOTL.ZS,Azerbaijan,AZE,47.5578070076723
"Industry (including construction), value added (% of GDP)",NV.IND.TOTL.ZS,"Bahamas, The",BHS,13.1841863831865
"Industry (including construction), value added (% of GDP)",NV.IND.TOTL.ZS,Bahrain,BHR,38.2033398636175
"Industry (including construction), value added (% of GDP)",NV.IND.TOTL.ZS,Bangladesh,BGD,31.0691513830358
"Industry (including construction), value added (% of GDP)",NV.IND.TOTL.ZS,Barbados,BRB,13.317238219434
"Industry (including construction), value added (% of GDP)",NV.IND.TOTL.ZS,Belarus,BLR,30.9584092512823
"Industry (including construction), value added (% of GDP)",NV.IND.TOTL.ZS,Belgium,BEL,19.0981057822176
"Industry (including construction), value added (% of GDP)",NV.IND.TOTL.ZS,Belize,BLZ,15.4437196063941
"Industry (including construction), value added (% of GDP)",NV.IND.TOTL.ZS,Benin,BEN,15.7020683118185
"Industry (including construction), value added (% of GDP)",NV.IND.TOTL.ZS,Bermuda,BMU,5.34979364226582
"Industry (including construction), value added (% of GDP)",NV.IND.TOTL.ZS,Bhutan,BTN,38.448996403302
"Industry (including construction), value added (% of GDP)",NV.IND.TOTL.ZS,Bolivia,BOL,25.3263589797711
"Industry (including construction), value added (% of GDP)",NV.IND.TOTL.ZS,Bosnia and Herzegovina,BIH,22.3443510624615
"Industry (including construction), value added (% of GDP)",NV.IND.TOTL.ZS,Botswana,BWA,40.3451621913098
"Industry (including construction), value added (% of GDP)",NV.IND.TOTL.ZS,Brazil,BRA,18.3547582770536
"Industry (including construction), value added (% of GDP)",NV.IND.TOTL.ZS,British Virgin Islands,VGB,..
"Industry (including construction), value added (% of GDP)",NV.IND.TOTL.ZS,Brunei Darussalam,BRN,57.2893638536308
"Industry (including construction), value added (% of GDP)",NV.IND.TOTL.ZS,Bulgaria,BGR,24.4597736962039
"Industry (including construction), value added (% of GDP)",NV.IND.TOTL.ZS,Burkina Faso,BFA,24.8815173666488
"Industry (including construction), value added (% of GDP)",NV.IND.TOTL.ZS,Burundi,BDI,16.9063592990669
"Industry (including construction), value added (% of GDP)",NV.IND.TOTL.ZS,Cabo Verde,CPV,12.6668493291087
"Industry (including construction), value added (% of GDP)",NV.IND.TOTL.ZS,Cambodia,KHM,33.0562094608004
"Industry (including construction), value added (% of GDP)",NV.IND.TOTL.ZS,Cameroon,CMR,24.1821445706245
"Industry (including construction), value added (% of GDP)",NV.IND.TOTL.ZS,Canada,CAN,23.2953005455848
"Industry (including construction), value added (% of GDP)",NV.IND.TOTL.ZS,Cayman Islands,CYM,7.28391318982217
"Industry (including construction), value added (% of GDP)",NV.IND.TOTL.ZS,Central African Republic,CAF,21.6382374370791
"Industry (including construction), value added (% of GDP)",NV.IND.TOTL.ZS,Chad,TCD,25.3450186548517
"Industry (including construction), value added (% of GDP)",NV.IND.TOTL.ZS,Channel Islands,CHI,7.67577166610065
"Industry (including construction), value added (% of GDP)",NV.IND.TOTL.ZS,Chile,CHL,26.7795650481896
"Industry (including construction), value added (% of GDP)",NV.IND.TOTL.ZS,China,CHN,38.811156093921
"Industry (including construction), value added (% of GDP)",NV.IND.TOTL.ZS,Colombia,COL,27.689162311787
"Industry (including construction), value added (% of GDP)",NV.IND.TOTL.ZS,Comoros,COM,9.85451807028183
"Industry (including construction), value added (% of GDP)",NV.IND.TOTL.ZS,"Congo, Dem. Rep.",COD,38.655052456977
"Industry (including construction), value added (% of GDP)",NV.IND.TOTL.ZS,"Congo, Rep.",COG,38.4474514101503
"Industry (including construction), value added (% of GDP)",NV.IND.TOTL.ZS,Costa Rica,CRI,19.6500112824728
"Industry (including construction), value added (% of GDP)",NV.IND.TOTL.ZS,Cote d'Ivoire,CIV,20.820713814142
"Industry (including construction), value added (% of GDP)",NV.IND.TOTL.ZS,Croatia,HRV,20.2769414390036
"Industry (including construction), value added (% of GDP)",NV.IND.TOTL.ZS,Cuba,CUB,22.9428012655288
"Industry (including construction), value added (% of GDP)",NV.IND.TOTL.ZS,Curacao,CUW,17.1537622222003
"Industry (including construction), value added (% of GDP)",NV.IND.TOTL.ZS,Cyprus,CYP,10.836514879496
"Industry (including construction), value added (% of GDP)",NV.IND.TOTL.ZS,Czechia,CZE,33.0261220764687
"Industry (including construction), value added (% of GDP)",NV.IND.TOTL.ZS,Denmark,DNK,20.2319629319966
"Industry (including construction), value added (% of GDP)",NV.IND.TOTL.ZS,Djibouti,DJI,11.3387071221455
"Industry (including construction), value added (% of GDP)",NV.IND.TOTL.ZS,Dominica,DMA,12.5108806035108
"Industry (including construction), value added (% of GDP)",NV.IND.TOTL.ZS,Dominican Republic,DOM,25.8795514870557
"Industry (including construction), value added (% of GDP)",NV.IND.TOTL.ZS,Ecuador,ECU,27.5339637947157
"Industry (including construction), value added (% of GDP)",NV.IND.TOTL.ZS,"Egypt, Arab Rep.",EGY,32.4559533476046
"Industry (including construction), value added (% of GDP)",NV.IND.TOTL.ZS,El Salvador,SLV,24.8348278708617
"Industry (including construction), value added (% of GDP)",NV.IND.TOTL.ZS,Equatorial Guinea,GNQ,52.3302543282798
"Industry (including construction), value added (% of GDP)",NV.IND.TOTL.ZS,Eritrea,ERI,..
"Industry (including construction), value added (% of GDP)",NV.IND.TOTL.ZS,Estonia,EST,23.2340417592371
"Industry (including construction), value added (% of GDP)",NV.IND.TOTL.ZS,Ethiopia,ETH,21.9325618536317
"Industry (including construction), value added (% of GDP)",NV.IND.TOTL.ZS,Faroe Islands,FRO,15.6007434708684
"Industry (including construction), value added (% of GDP)",NV.IND.TOTL.ZS,Fiji,FJI,16.2026860305427
"Industry (including construction), value added (% of GDP)",NV.IND.TOTL.ZS,Finland,FIN,23.4765920163918
"Industry (including construction), value added (% of GDP)",NV.IND.TOTL.ZS,France,FRA,16.9433572396904
"Industry (including construction), value added (% of GDP)",NV.IND.TOTL.ZS,French Polynesia,PYF,10.6679176130323
"Industry (including construction), value added (% of GDP)",NV.IND.TOTL.ZS,Gabon,GAB,45.0378509048684
"Industry (including construction), value added (% of GDP)",NV.IND.TOTL.ZS,"Gambia, The",GMB,20.9355929614924
"Industry (including construction), value added (% of GDP)",NV.IND.TOTL.ZS,Georgia,GEO,19.1221601510136
"Industry (including construction), value added (% of GDP)",NV.IND.TOTL.ZS,Germany,DEU,26.1732405694774
"Industry (including construction), value added (% of GDP)",NV.IND.TOTL.ZS,Ghana,GHA,27.6932546491989
"Industry (including construction), value added (% of GDP)",NV.IND.TOTL.ZS,Gibraltar,GIB,..
"Industry (including construction), value added (% of GDP)",NV.IND.TOTL.ZS,Greece,GRC,14.3053359941807
"Industry (including construction), value added (% of GDP)",NV.IND.TOTL.ZS,Greenland,GRL,17.6874070578423
"Industry (including construction), value added (% of GDP)",NV.IND.TOTL.ZS,Grenada,GRD,12.1551895563471
"Industry (including construction), value added (% of GDP)",NV.IND.TOTL.ZS,Guam,GUM,..
"Industry (including construction), value added (% of GDP)",NV.IND.TOTL.ZS,Guatemala,GTM,22.6144392993251
"Industry (including construction), value added (% of GDP)",NV.IND.TOTL.ZS,Guinea,GIN,30.1038432883843
"Industry (including construction), value added (% of GDP)",NV.IND.TOTL.ZS,Guinea-Bissau,GNB,12.0226933283458
"Industry (including construction), value added (% of GDP)",NV.IND.TOTL.ZS,Guyana,GUY,29.382927306177
"Industry (including construction), value added (% of GDP)",NV.IND.TOTL.ZS,Haiti,HTI,24.4486778891376
"Industry (including construction), value added (% of GDP)",NV.IND.TOTL.ZS,Honduras,HND,25.8278974975697
"Industry (including construction), value added (% of GDP)",NV.IND.TOTL.ZS,"Hong Kong SAR, China",HKG,7.47571466772237
"Industry (including construction), value added (% of GDP)",NV.IND.TOTL.ZS,Hungary,HUN,25.4486066021034
"Industry (including construction), value added (% of GDP)",NV.IND.TOTL.ZS,Iceland,ISL,19.5126644938287
"Industry (including construction), value added (% of GDP)",NV.IND.TOTL.ZS,India,IND,26.6189999399789
"Industry (including construction), value added (% of GDP)",NV.IND.TOTL.ZS,Indonesia,IDN,39.3084439802081
"Industry (including construction), value added (% of GDP)",NV.IND.TOTL.ZS,"Iran, Islamic Rep.",IRN,34.3222829592861
"Industry (including construction), value added (% of GDP)",NV.IND.TOTL.ZS,Iraq,IRQ,46.1825020614016
"Industry (including construction), value added (% of GDP)",NV.IND.TOTL.ZS,Ireland,IRL,36.5192338386058
"Industry (including construction), value added (% of GDP)",NV.IND.TOTL.ZS,Isle of Man,IMN,7.90699830002406
"Industry (including construction), value added (% of GDP)",NV.IND.TOTL.ZS,Israel,ISR,19.1238077128283
"Industry (including construction), value added (% of GDP)",NV.IND.TOTL.ZS,Italy,ITA,20.6626457226581
"Industry (including construction), value added (% of GDP)",NV.IND.TOTL.ZS,Jamaica,JAM,17.0837288086486
"Industry (including construction), value added (% of GDP)",NV.IND.TOTL.ZS,Japan,JPN,28.6299476490573
"Industry (including construction), value added (% of GDP)",NV.IND.TOTL.ZS,Jordan,JOR,24.6693119626594
"Industry (including construction), value added (% of GDP)",NV.IND.TOTL.ZS,Kazakhstan,KAZ,31.9797903606788
"Industry (including construction), value added (% of GDP)",NV.IND.TOTL.ZS,Kenya,KEN,18.1621592865164
"Industry (including construction), value added (% of GDP)",NV.IND.TOTL.ZS,Kiribati,KIR,14.6506389824021
"Industry (including construction), value added (% of GDP)",NV.IND.TOTL.ZS,"Korea, Dem. People's Rep.",PRK,..
"Industry (including construction), value added (% of GDP)",NV.IND.TOTL.ZS,"Korea, Rep.",KOR,35.226493712639
"Industry (including construction), value added (% of GDP)",NV.IND.TOTL.ZS,Kosovo,XKX,26.8584265970502
"Industry (including construction), value added (% of GDP)",NV.IND.TOTL.ZS,Kuwait,KWT,52.134780154177
"Industry (including construction), value added (% of GDP)",NV.IND.TOTL.ZS,Kyrgyz Republic,KGZ,26.5464240007793
"Industry (including construction), value added (% of GDP)",NV.IND.TOTL.ZS,Lao PDR,LAO,28.7595046372574
"Industry (including construction), value added (% of GDP)",NV.IND.TOTL.ZS,Latvia,LVA,19.1654365749872
"Industry (including construction), value added (% of GDP)",NV.IND.TOTL.ZS,Lebanon,LBN,15.9539038084869
"Industry (including construction), value added (% of GDP)",NV.IND.TOTL.ZS,Lesotho,LSO,30.5866475742865
"Industry (including construction), value added (% of GDP)",NV.IND.TOTL.ZS,Liberia,LBR,13.7704420019235
"Industry (including construction), value added (% of GDP)",NV.IND.TOTL.ZS,Libya,LBY,26.0770762664238
"Industry (including construction), value added (% of GDP)",NV.IND.TOTL.ZS,Liechtenstein,LIE,41.9543783150565
"Industry (including construction), value added (% of GDP)",NV.IND.TOTL.ZS,Lithuania,LTU,25.9974602207029
"Industry (including construction), value added (% of GDP)",NV.IND.TOTL.ZS,Luxembourg,LUX,12.0959325625638
"Industry (including construction), value added (% of GDP)",NV.IND.TOTL.ZS,"Macao SAR, China",MAC,6.6362167139086
"Industry (including construction), value added (% of GDP)",NV.IND.TOTL.ZS,North Macedonia,MKD,23.9630460915105
"Industry (including construction), value added (% of GDP)",NV.IND.TOTL.ZS,Madagascar,MDG,19.4099444668858
"Industry (including construction), value added (% of GDP)",NV.IND.TOTL.ZS,Malawi,MWI,17.655842210407
"Industry (including construction), value added (% of GDP)",NV.IND.TOTL.ZS,Malaysia,MYS,37.6832749440922
"Industry (including construction), value added (% of GDP)",NV.IND.TOTL.ZS,Maldives,MDV,11.2741492118251
"Industry (including construction), value added (% of GDP)",NV.IND.TOTL.ZS,Mali,MLI,21.8908239361417
"Industry (including construction), value added (% of GDP)",NV.IND.TOTL.ZS,Malta,MLT,12.27883734522
"Industry (including construction), value added (% of GDP)",NV.IND.TOTL.ZS,Marshall Islands,MHL,15.2969772051536
"Industry (including construction), value added (% of GDP)",NV.IND.TOTL.ZS,Mauritania,MRT,25.2197600424352
"Industry (including construction), value added (% of GDP)",NV.IND.TOTL.ZS,Mauritius,MUS,18.3463010991725
"Industry (including construction), value added (% of GDP)",NV.IND.TOTL.ZS,Mexico,MEX,30.6167913981452
"Industry (including construction), value added (% of GDP)",NV.IND.TOTL.ZS,"Micronesia, Fed. Sts.",FSM,6.04695384615385
"Industry (including construction), value added (% of GDP)",NV.IND.TOTL.ZS,Moldova,MDA,21.1944646085144
"Industry (including construction), value added (% of GDP)",NV.IND.TOTL.ZS,Monaco,MCO,18.2559909686468
"Industry (including construction), value added (% of GDP)",NV.IND.TOTL.ZS,Mongolia,MNG,33.1780715301999
"Industry (including construction), value added (% of GDP)",NV.IND.TOTL.ZS,Montenegro,MNE,15.5802198596652
"Industry (including construction), value added (% of GDP)",NV.IND.TOTL.ZS,Morocco,MAR,25.685104578574
"Industry (including construction), value added (% of GDP)",NV.IND.TOTL.ZS,Mozambique,MOZ,20.5669830121929
"Industry (including construction), value added (% of GDP)",NV.IND.TOTL.ZS,Myanmar,MMR,34.8095048832944
"Industry (including construction), value added (% of GDP)",NV.IND.TOTL.ZS,Namibia,NAM,27.5134032744188
"Industry (including construction), value added (% of GDP)",NV.IND.TOTL.ZS,Nauru,NRU,..
"Industry (including construction), value added (% of GDP)",NV.IND.TOTL.ZS,Nepal,NPL,12.6554177701811
"Industry (including construction), value added (% of GDP)",NV.IND.TOTL.ZS,Netherlands,NLD,16.9640712326865
"Industry (including construction), value added (% of GDP)",NV.IND.TOTL.ZS,New Caledonia,NCL,20.1611154111133
"Industry (including construction), value added (% of GDP)",NV.IND.TOTL.ZS,New Zealand,NZL,20.173239535132
"Industry (including construction), value added (% of GDP)",NV.IND.TOTL.ZS,Nicaragua,NIC,25.7948753609806
"Industry (including construction), value added (% of GDP)",NV.IND.TOTL.ZS,Niger,NER,21.2451950725883
"Industry (including construction), value added (% of GDP)",NV.IND.TOTL.ZS,Nigeria,NGA,18.17313172689
"Industry (including construction), value added (% of GDP)",NV.IND.TOTL.ZS,Northern Mariana Islands,MNP,..
"Industry (including construction), value added (% of GDP)",NV.IND.TOTL.ZS,Norway,NOR,28.5306166329967
"Industry (including construction), value added (% of GDP)",NV.IND.TOTL.ZS,Oman,OMN,47.9402499394191
"Industry (including construction), value added (% of GDP)",NV.IND.TOTL.ZS,Pakistan,PAK,18.1501179723214
"Industry (including construction), value added (% of GDP)",NV.IND.TOTL.ZS,Palau,PLW,10.0467475510862
"Industry (including construction), value added (% of GDP)",NV.IND.TOTL.ZS,Panama,PAN,27.4158212440648
"Industry (including construction), value added (% of GDP)",NV.IND.TOTL.ZS,Papua New Guinea,PNG,34.7299715804552
"Industry (including construction), value added (% of GDP)",NV.IND.TOTL.ZS,Paraguay,PRY,34.4967803217785
"Industry (including construction), value added (% of GDP)",NV.IND.TOTL.ZS,Peru,PER,30.5565505783828
"Industry (including construction), value added (% of GDP)",NV.IND.TOTL.ZS,Philippines,PHL,30.2859171672694
"Industry (including construction), value added (% of GDP)",NV.IND.TOTL.ZS,Poland,POL,30.6734871058329
"Industry (including construction), value added (% of GDP)",NV.IND.TOTL.ZS,Portugal,PRT,19.448178094831
"Industry (including construction), value added (% of GDP)",NV.IND.TOTL.ZS,Puerto Rico (US),PRI,51.1515123633391
"Industry (including construction), value added (% of GDP)",NV.IND.TOTL.ZS,Qatar,QAT,53.2053847059143
"Industry (including construction), value added (% of GDP)",NV.IND.TOTL.ZS,Romania,ROU,30.1213847463155
"Industry (including construction), value added (% of GDP)",NV.IND.TOTL.ZS,Russian Federation,RUS,29.1739050669208
"Industry (including construction), value added (% of GDP)",NV.IND.TOTL.ZS,Rwanda,RWA,16.8369912939315
"Industry (including construction), value added (% of GDP)",NV.IND.TOTL.ZS,Samoa,WSM,14.408683481377
"Industry (including construction), value added (% of GDP)",NV.IND.TOTL.ZS,San Marino,SMR,32.4071649556587
"Industry (including construction), value added (% of GDP)",NV.IND.TOTL.ZS,Sao Tome and Principe,STP,10.3295203947605
"Industry (including construction), value added (% of GDP)",NV.IND.TOTL.ZS,Saudi Arabia,SAU,42.5305962013279
"Industry (including construction), value added (% of GDP)",NV.IND.TOTL.ZS,Senegal,SEN,23.3440535101312
"Industry (including construction), value added (% of GDP)",NV.IND.TOTL.ZS,Serbia,SRB,26.5319225334739
"Industry (including construction), value added (% of GDP)",NV.IND.TOTL.ZS,Seychelles,SYC,13.6909528775658
"Industry (including construction), value added (% of GDP)",NV.IND.TOTL.ZS,Sierra Leone,SLE,19.515679548632
"Industry (including construction), value added (% of GDP)",NV.IND.TOTL.ZS,Singapore,SGP,23.2029524941107
"Industry (including construction), value added (% of GDP)",NV.IND.TOTL.ZS,Sint Maarten (Dutch part),SXM,6.83295797523983
"Industry (including construction), value added (% of GDP)",NV.IND.TOTL.ZS,Slovak Republic,SVK,28.6704533371343
"Industry (including construction), value added (% of GDP)",NV.IND.TOTL.ZS,Slovenia,SVN,27.5997956172164
"Industry (including construction), value added (% of GDP)",NV.IND.TOTL.ZS,Solomon Islands,SLB,15.5564744358205
"Industry (including construction), value added (% of GDP)",NV.IND.TOTL.ZS,"Somalia, Fed. Rep.",SOM,..
"Industry (including construction), value added (% of GDP)",NV.IND.TOTL.ZS,South Africa,ZAF,23.7825372977493
"Industry (including construction), value added (% of GDP)",NV.IND.TOTL.ZS,South Sudan,SSD,..
"Industry (including construction), value added (% of GDP)",NV.IND.TOTL.ZS,Spain,ESP,19.7937250159622
"Industry (including construction), value added (% of GDP)",NV.IND.TOTL.ZS,Sri Lanka,LKA,30.4827177292135
"Industry (including construction), value added (% of GDP)",NV.IND.TOTL.ZS,St. Kitts and Nevis,KNA,24.5143300679441
"Industry (including construction), value added (% of GDP)",NV.IND.TOTL.ZS,St. Lucia,LCA,10.9907295637127
"Industry (including construction), value added (% of GDP)",NV.IND.TOTL.ZS,St. Martin (French part),MAF,..
"Industry (including construction), value added (% of GDP)",NV.IND.TOTL.ZS,St. Vincent and the Grenadines,VCT,14.3822033821215
"Industry (including construction), value added (% of GDP)",NV.IND.TOTL.ZS,Sudan,SDN,17.3546057080676
"Industry (including construction), value added (% of GDP)",NV.IND.TOTL.ZS,Suriname,SUR,26.7553600175618
"Industry (including construction), value added (% of GDP)",NV.IND.TOTL.ZS,Eswatini,SWZ,37.821426598306
"Industry (including construction), value added (% of GDP)",NV.IND.TOTL.ZS,Sweden,SWE,22.0060731182678
"Industry (including construction), value added (% of GDP)",NV.IND.TOTL.ZS,Switzerland,CHE,24.0899792080479
"Industry (including construction), value added (% of GDP)",NV.IND.TOTL.ZS,Syrian Arab Republic,SYR,16.2367796314778
"Industry (including construction), value added (% of GDP)",NV.IND.TOTL.ZS,Tajikistan,TJK,32.2133662345342
"Industry (including construction), value added (% of GDP)",NV.IND.TOTL.ZS,Tanzania,TZA,24.8583993681558
"Industry (including construction), value added (% of GDP)",NV.IND.TOTL.ZS,Thailand,THA,35.586765405076
"Industry (including construction), value added (% of GDP)",NV.IND.TOTL.ZS,Timor-Leste,TLS,19.2291160430386
"Industry (including construction), value added (% of GDP)",NV.IND.TOTL.ZS,Togo,TGO,20.8834101208291
"Industry (including construction), value added (% of GDP)",NV.IND.TOTL.ZS,Tonga,TON,15.9723714684611
"Industry (including construction), value added (% of GDP)",NV.IND.TOTL.ZS,Trinidad and Tobago,TTO,34.414585903593
"Industry (including construction), value added (% of GDP)",NV.IND.TOTL.ZS,Tunisia,TUN,24.0076023041992
"Industry (including construction), value added (% of GDP)",NV.IND.TOTL.ZS,Turkiye,TUR,28.3385128402288
"Industry (including construction), value added (% of GDP)",NV.IND.TOTL.ZS,Turkmenistan,TKM,51.4325436635517
"Industry (including construction), value added (% of GDP)",NV.IND.TOTL.ZS,Turks and Caicos Islands,TCA,7.96687070223397
"Industry (including construction), value added (% of GDP)",NV.IND.TOTL.ZS,Tuvalu,TUV,..
"Industry (including construction), value added (% of GDP)",NV.IND.TOTL.ZS,Uganda,UGA,26.1664603884593
"Industry (including construction), value added (% of GDP)",NV.IND.TOTL.ZS,Ukraine,UKR,23.1783620717483
"Industry (including construction), value added (% of GDP)",NV.IND.TOTL.ZS,United Arab Emirates,ARE,39.8749229592768
"Industry (including construction), value added (% of GDP)",NV.IND.TOTL.ZS,United Kingdom,GBR,17.6677948178206
"Industry (including construction), value added (% of GDP)",NV.IND.TOTL.ZS,United States,USA,18.0422212818459
"Industry (including construction), value added (% of GDP)",NV.IND.TOTL.ZS,Uruguay,URY,18.8673144534742
"Industry (including construction), value added (% of GDP)",NV.IND.TOTL.ZS,Uzbekistan,UZB,22.9212712989472
"Industry (including construction), value added (% of GDP)",NV.IND.TOTL.ZS,Vanuatu,VUT,10.4769109101537
"Industry (including construction), value added (% of GDP)",NV.IND.TOTL.ZS,"Venezuela, RB",VEN,..
"Industry (including construction), value added (% of GDP)",NV.IND.TOTL.ZS,Viet Nam,VNM,34.1152288612372
"Industry (including construction), value added (% of GDP)",NV.IND.TOTL.ZS,Virgin Islands (U.S.),VIR,..
"Industry (including construction), value added (% of GDP)",NV.IND.TOTL.ZS,West Bank and Gaza,PSE,17.2627779869396
"Industry (including construction), value added (% of GDP)",NV.IND.TOTL.ZS,"Yemen, Rep.",YEM,25.9022680665842
"Industry (including construction), value added (% of GDP)",NV.IND.TOTL.ZS,Zambia,ZMB,34.8771666095938
"Industry (including construction), value added (% of GDP)",NV.IND.TOTL.ZS,Zimbabwe,ZWE,22.1153495385289
Exports of goods and services (% of GDP),NE.EXP.GNFS.ZS,Afghanistan,AFG,..
Exports of goods and services (% of GDP),NE.EXP.GNFS.ZS,Albania,ALB,28.6697931741608
Exports of goods and services (% of GDP),NE.EXP.GNFS.ZS,Algeria,DZA,18.4866879717888
Exports of goods and services (% of GDP),NE.EXP.GNFS.ZS,American Samoa,ASM,63.9344262295082
Exports of goods and services (% of GDP),NE.EXP.GNFS.ZS,Andorra,AND,..
Exports of goods and services (% of GDP),NE.EXP.GNFS.ZS,Angola,AGO,24.6591652555406
Exports of goods and services (% of GDP),NE.EXP.GNFS.ZS,Antigua and Barbuda,ATG,70.0240929106175
Exports of goods and services (% of GDP),NE.EXP.GNFS.ZS,Argentina,ARG,12.5270951690009
Exports of goods and services (% of GDP),NE.EXP.GNFS.ZS,Armenia,ARM,33.7442798606396
Exports of goods and services (% of GDP),NE.EXP.GNFS.ZS,Aruba,ABW,68.9666600570598
Exports of goods and services (% of GDP),NE.EXP.GNFS.ZS,Australia,AUS,19.2031438783351
Exports of goods and services (% of GDP),NE.EXP.GNFS.ZS,Austria,AUT,52.6634020833052
Exports of goods and services (% of GDP),NE.EXP.GNFS.ZS,Azerbaijan,AZE,46.4276493913136
Exports of goods and services (% of GDP),NE.EXP.GNFS.ZS,"Bahamas, The",BHS,32.8518883249585
Exports of goods and services (% of GDP),NE.EXP.GNFS.ZS,Bahrain,BHR,70.5882906981125
Exports of goods and services (% of GDP),NE.EXP.GNFS.ZS,Bangladesh,BGD,13.9212044814459
Exports of goods and services (% of GDP),NE.EXP.GNFS.ZS,Barbados,BRB,..
Exports of goods and services (% of GDP),NE.EXP.GNFS.ZS,Belarus,BLR,62.5093471231924
Exports of goods and services (% of GDP),NE.EXP.GNFS.ZS,Belgium,BEL,79.6181317071952
Exports of goods and services (% of GDP),NE.EXP.GNFS.ZS,Belize,BLZ,47.3072672928322
Exports of goods and services (% of GDP),NE.EXP.GNFS.ZS,Benin,BEN,27.6067880711982
Exports of goods and services (% of GDP),NE.EXP.GNFS.ZS,Bermuda,BMU,49.3300565760921
Exports of goods and services (% of GDP),NE.EXP.GNFS.ZS,Bhutan,BTN,27.1228339132394
Exports of goods and services (% of GDP),NE.EXP.GNFS.ZS,Bolivia,BOL,24.4880055394464
Exports of goods and services (% of GDP),NE.EXP.GNFS.ZS,Bosnia and Herzegovina,BIH,35.9087089120132
Exports of goods and services (% of GDP),NE.EXP.GNFS.ZS,Botswana,BWA,54.6113547604529
Exports of goods and services (% of GDP),NE.EXP.GNFS.ZS,Brazil,BRA,12.4666790428125
Exports of goods and services (% of GDP),NE.EXP.GNFS.ZS,British Virgin Islands,VGB,..
Exports of goods and services (% of GDP),NE.EXP.GNFS.ZS,Brunei Darussalam,BRN,49.5777773794133
Exports of goods and services (% of GDP),NE.EXP.GNFS.ZS,Bulgaria,BGR,63.8609305294392
Exports of goods and services (% of GDP),NE.EXP.GNFS.ZS,Burkina Faso,BFA,25.915964804251
Exports of goods and services (% of GDP),NE.EXP.GNFS.ZS,Burundi,BDI,..
Exports of goods and services (% of GDP),NE.EXP.GNFS.ZS,Cabo Verde,CPV,41.4729487181747
Exports of goods and services (% of GDP),NE.EXP.GNFS.ZS,Cambodia,KHM,56.4318377218234
Exports of goods and services (% of GDP),NE.EXP.GNFS.ZS,Cameroon,CMR,18.9499787559649
Exports of goods and services (% of GDP),NE.EXP.GNFS.ZS,Canada,CAN,31.5025724093362
Exports of goods and services (% of GDP),NE.EXP.GNFS.ZS,Cayman Islands,CYM,..
Exports of goods and services (% of GDP),NE.EXP.GNFS.ZS,Central African Republic,CAF,14.8218796578137
Exports of goods and services (% of GDP),NE.EXP.GNFS.ZS,Chad,TCD,22.6079863534137
Exports of goods and services (% of GDP),NE.EXP.GNFS.ZS,Channel Islands,CHI,..
Exports of goods and services (% of GDP),NE.EXP.GNFS.ZS,Chile,CHL,27.9231581098221
Exports of goods and services (% of GDP),NE.EXP.GNFS.ZS,China,CHN,19.2036507365412
Exports of goods and services (% of GDP),NE.EXP.GNFS.ZS,Colombia,COL,14.7171392781975
Exports of goods and services (% of GDP),NE.EXP.GNFS.ZS,Comoros,COM,10.6728955768962
Exports of goods and services (% of GDP),NE.EXP.GNFS.ZS,"Congo, Dem. Rep.",COD,31.1223783108872
Exports of goods and services (% of GDP),NE.EXP.GNFS.ZS,"Congo, Rep.",COG,42.068526050081
Exports of goods and services (% of GDP),NE.EXP.GNFS.ZS,Costa Rica,CRI,31.2600963003845
Exports of goods and services (% of GDP),NE.EXP.GNFS.ZS,Cote d'Ivoire,CIV,24.9422703076696
Exports of goods and services (% of GDP),NE.EXP.GNFS.ZS,Croatia,HRV,46.6202151865087
Exports of goods and services (% of GDP),NE.EXP.GNFS.ZS,Cuba,CUB,14.9825313409813
Exports of goods and services (% of GDP),NE.EXP.GNFS.ZS,Curacao,CUW,62.9955094892782
Exports of goods and services (% of GDP),NE.EXP.GNFS.ZS,Cyprus,CYP,70.4840522281272
Exports of goods and services (% of GDP),NE.EXP.GNFS.ZS,Czechia,CZE,78.108333006403
Exports of goods and services (% of GDP),NE.EXP.GNFS.ZS,Denmark,DNK,53.7439528985173
Exports of goods and services (% of GDP),NE.EXP.GNFS.ZS,Djibouti,DJI,103.764025112093
Exports of goods and services (% of GDP),NE.EXP.GNFS.ZS,Dominica,DMA,..
Exports of goods and services (% of GDP),NE.EXP.GNFS.ZS,Dominican Republic,DOM,24.1938670386292
Exports of goods and services (% of GDP),NE.EXP.GNFS.ZS,Ecuador,ECU,20.53929115589
Exports of goods and services (% of GDP),NE.EXP.GNFS.ZS,"Egypt, Arab Rep.",EGY,10.3454639403558
Exports of goods and services (% of GDP),NE.EXP.GNFS.ZS,El Salvador,SLV,28.4585905008509
Exports of goods and services (% of GDP),NE.EXP.GNFS.ZS,Equatorial Guinea,GNQ,51.4128299447575
Exports of goods and services (% of GDP),NE.EXP.GNFS.ZS,Eritrea,ERI,..
Exports of goods and services (% of GDP),NE.EXP.GNFS.ZS,Estonia,EST,75.4768621637455
Exports of goods and services (% of GDP),NE.EXP.GNFS.ZS,Ethiopia,ETH,7.8120625822914
Exports of goods and services (% of GDP),NE.EXP.GNFS.ZS,Faroe Islands,FRO,54.5363339704935
Exports of goods and services (% of GDP),NE.EXP.GNFS.ZS,Fiji,FJI,..
Exports of goods and services (% of GDP),NE.EXP.GNFS.ZS,Finland,FIN,35.3333302428645
Exports of goods and services (% of GDP),NE.EXP.GNFS.ZS,France,FRA,31.498210070063
Exports of goods and services (% of GDP),NE.EXP.GNFS.ZS,French Polynesia,PYF,19.6126341083126
Exports of goods and services (% of GDP),NE.EXP.GNFS.ZS,Gabon,GAB,44.0353472921111
Exports of goods and services (% of GDP),NE.EXP.GNFS.ZS,"Gambia, The",GMB,12.7556347921577
Exports of goods and services (% of GDP),NE.EXP.GNFS.ZS,Georgia,GEO,39.9992925341285
Exports of goods and services (% of GDP),NE.EXP.GNFS.ZS,Germany,DEU,41.6355419518592
Exports of goods and services (% of GDP),NE.EXP.GNFS.ZS,Ghana,GHA,31.193239148362
Exports of goods and services (% of GDP),NE.EXP.GNFS.ZS,Gibraltar,GIB,..
Exports of goods and services (% of GDP),NE.EXP.GNFS.ZS,Greece,GRC,31.179360220916
Exports of goods and services (% of GDP),NE.EXP.GNFS.ZS,Greenland,GRL,40.765047712594
Exports of goods and services (% of GDP),NE.EXP.GNFS.ZS,Grenada,GRD,..
Exports of goods and services (% of GDP),NE.EXP.GNFS.ZS,Guam,GUM,18.9628876461617
Exports of goods and services (% of GDP),NE.EXP.GNFS.ZS,Guatemala,GTM,18.753087949948
Exports of goods and services (% of GDP),NE.EXP.GNFS.ZS,Guinea,GIN,29.3715126043271
Exports of goods and services (% of GDP),NE.EXP.GNFS.ZS,Guinea-Bissau,GNB,23.7747310385206
Exports of goods and services (% of GDP),NE.EXP.GNFS.ZS,Guyana,GUY,..
Exports of goods and services (% of GDP),NE.EXP.GNFS.ZS,Haiti,HTI,11.6019709432331
Exports of goods and services (% of GDP),NE.EXP.GNFS.ZS,Honduras,HND,42.7141047814182
Exports of goods and services (% of GDP),NE.EXP.GNFS.ZS,"Hong Kong SAR, China",HKG,187.005128888725
Exports of goods and services (% of GDP),NE.EXP.GNFS.ZS,Hungary,HUN,86.1114634598119
Exports of goods and services (% of GDP),NE.EXP.GNFS.ZS,Iceland,ISL,47.4890230949667
Exports of goods and services (% of GDP),NE.EXP.GNFS.ZS,India,IND,19.1582349105946
Exports of goods and services (% of GDP),NE.EXP.GNFS.ZS,Indonesia,IDN,19.0889938536664
Exports of goods and services (% of GDP),NE.EXP.GNFS.ZS,"Iran, Islamic Rep.",IRN,20.3097816144481
Exports of goods and services (% of GDP),NE.EXP.GNFS.ZS,Iraq,IRQ,28.1085236792986
Exports of goods and services (% of GDP),NE.EXP.GNFS.ZS,Ireland,IRL,129.178433843871
Exports of goods and services (% of GDP),NE.EXP.GNFS.ZS,Isle of Man,IMN,..
Exports of goods and services (% of GDP),NE.EXP.GNFS.ZS,Israel,ISR,29.6960089388032
Exports of goods and services (% of GDP),NE.EXP.GNFS.ZS,Italy,ITA,28.7987488919157
Exports of goods and services (% of GDP),NE.EXP.GNFS.ZS,Jamaica,JAM,..
Exports of goods and services (% of GDP),NE.EXP.GNFS.ZS,Japan,JPN,16.0579692360598
Exports of goods and services (% of GDP),NE.EXP.GNFS.ZS,Jordan,JOR,34.3952100655679
Exports of goods and services (% of GDP),NE.EXP.GNFS.ZS,Kazakhstan,KAZ,31.8438886422836
Exports of goods and services (% of GDP),NE.EXP.GNFS.ZS,Kenya,KEN,13.2497448006759
Exports of goods and services (% of GDP),NE.EXP.GNFS.ZS,Kiribati,KIR,16.6172864509399
Exports of goods and services (% of GDP),NE.EXP.GNFS.ZS,"Korea, Dem. People's Rep.",PRK,..
Exports of goods and services (% of GDP),NE.EXP.GNFS.ZS,"Korea, Rep.",KOR,38.1129875583911
Exports of goods and services (% of GDP),NE.EXP.GNFS.ZS,Kosovo,XKX,23.8274047992876
Exports of goods and services (% of GDP),NE.EXP.GNFS.ZS,Kuwait,KWT,47.632285262531
Exports of goods and services (% of GDP),NE.EXP.GNFS.ZS,Kyrgyz Republic,KGZ,35.8254088751692
Exports of goods and services (% of GDP),NE.EXP.GNFS.ZS,Lao PDR,LAO,33.209427456122
Exports of goods and services (% of GDP),NE.EXP.GNFS.ZS,Latvia,LVA,61.9284196446641
Exports of goods and services (% of GDP),NE.EXP.GNFS.ZS,Lebanon,LBN,21.7261558874138
Exports of goods and services (% of GDP),NE.EXP.GNFS.ZS,Lesotho,LSO,45.7796652454104
Exports of goods and services (% of GDP),NE.EXP.GNFS.ZS,Liberia,LBR,..
Exports of goods and services (% of GDP),NE.EXP.GNFS.ZS,Libya,LBY,14.5778875500388
Exports of goods and services (% of GDP),NE.EXP.GNFS.ZS,Liechtenstein,LIE,..
Exports of goods and services (% of GDP),NE.EXP.GNFS.ZS,Lithuania,LTU,67.7094248902699
Exports of goods and services (% of GDP),NE.EXP.GNFS.ZS,Luxembourg,LUX,191.098633740622
Exports of goods and services (% of GDP),NE.EXP.GNFS.ZS,"Macao SAR, China",MAC,76.8087077221785
Exports of goods and services (% of GDP),NE.EXP.GNFS.ZS,North Macedonia,MKD,50.663842164107
Exports of goods and services (% of GDP),NE.EXP.GNFS.ZS,Madagascar,MDG,29.0925694335543
Exports of goods and services (% of GDP),NE.EXP.GNFS.ZS,Malawi,MWI,..
Exports of goods and services (% of GDP),NE.EXP.GNFS.ZS,Malaysia,MYS,66.7754454542508
Exports of goods and services (% of GDP),NE.EXP.GNFS.ZS,Maldives,MDV,71.6136331301194
Exports of goods and services (% of GDP),NE.EXP.GNFS.ZS,Mali,MLI,19.658879222387
Exports of goods and services (% of GDP),NE.EXP.GNFS.ZS,Malta,MLT,113.166261747079
Exports of goods and services (% of GDP),NE.EXP.GNFS.ZS,Marshall Islands,MHL,36.4933102081269
Exports of goods and services (% of GDP),NE.EXP.GNFS.ZS,Mauritania,MRT,33.9251405488546
Exports of goods and services (% of GDP),NE.EXP.GNFS.ZS,Mauritius,MUS,61.0475220099155
Exports of goods and services (% of GDP),NE.EXP.GNFS.ZS,Mexico,MEX,36.8156772514808
Exports of goods and services (% of GDP),NE.EXP.GNFS.ZS,"Micronesia, Fed. Sts.",FSM,28.3076923076923
Exports of goods and services (% of GDP),NE.EXP.GNFS.ZS,Moldova,MDA,32.8664989349745
Exports of goods and services (% of GDP),NE.EXP.GNFS.ZS,Monaco,MCO,..
Exports of goods and services (% of GDP),NE.EXP.GNFS.ZS,Mongolia,MNG,50.872194055814
Exports of goods and services (% of GDP),NE.EXP.GNFS.ZS,Montenegro,MNE,40.781995907006
Exports of goods and services (% of GDP),NE.EXP.GNFS.ZS,Morocco,MAR,30.7345951424219
Exports of goods and services (% of GDP),NE.EXP.GNFS.ZS,Mozambique,MOZ,35.3819373953665
Exports of goods and services (% of GDP),NE.EXP.GNFS.ZS,Myanmar,MMR,..
Exports of goods and services (% of GDP),NE.EXP.GNFS.ZS,Namibia,NAM,35.0094674181023
Exports of goods and services (% of GDP),NE.EXP.GNFS.ZS,Nauru,NRU,72.3880597014925
Exports of goods and services (% of GDP),NE.EXP.GNFS.ZS,Nepal,NPL,8.1795780409177
Exports of goods and services (% of GDP),NE.EXP.GNFS.ZS,Netherlands,NLD,80.9095011629118
Exports of goods and services (% of GDP),NE.EXP.GNFS.ZS,New Caledonia,NCL,19.2654863869492
Exports of goods and services (% of GDP),NE.EXP.GNFS.ZS,New Zealand,NZL,26.6113743203496
Exports of goods and services (% of GDP),NE.EXP.GNFS.ZS,Nicaragua,NIC,38.8820263906579
Exports of goods and services (% of GDP),NE.EXP.GNFS.ZS,Niger,NER,12.1833388939158
Exports of goods and services (% of GDP),NE.EXP.GNFS.ZS,Nigeria,NGA,..
Exports of goods and services (% of GDP),NE.EXP.GNFS.ZS,Northern Mariana Islands,MNP,71.7073170731707
Exports of goods and services (% of GDP),NE.EXP.GNFS.ZS,Norway,NOR,35.9381714261875
Exports of goods and services (% of GDP),NE.EXP.GNFS.ZS,Oman,OMN,41.3196247446948
Exports of goods and services (% of GDP),NE.EXP.GNFS.ZS,Pakistan,PAK,8.73671639116568
Exports of goods and services (% of GDP),NE.EXP.GNFS.ZS,Palau,PLW,47.9042268803067
Exports of goods and services (% of GDP),NE.EXP.GNFS.ZS,Panama,PAN,41.7407554629987
Exports of goods and services (% of GDP),NE.EXP.GNFS.ZS,Papua New Guinea,PNG,..
Exports of goods and services (% of GDP),NE.EXP.GNFS.ZS,Paraguay,PRY,37.1432329052144
Exports of goods and services (% of GDP),NE.EXP.GNFS.ZS,Peru,PER,22.6003137409908
Exports of goods and services (% of GDP),NE.EXP.GNFS.ZS,Philippines,PHL,26.6730033435157
Exports of goods and services (% of GDP),NE.EXP.GNFS.ZS,Poland,POL,49.906428862355
Exports of goods and services (% of GDP),NE.EXP.GNFS.ZS,Portugal,PRT,40.3550889260564
Exports of goods and services (% of GDP),NE.EXP.GNFS.ZS,Puerto Rico (US),PRI,68.7581646726416
Exports of goods and services (% of GDP),NE.EXP.GNFS.ZS,Qatar,QAT,47.71385375834
Exports of goods and services (% of GDP),NE.EXP.GNFS.ZS,Romania,ROU,42.4163351743737
Exports of goods and services (% of GDP),NE.EXP.GNFS.ZS,Russian Federation,RUS,25.8544829769167
Exports of goods and services (% of GDP),NE.EXP.GNFS.ZS,Rwanda,RWA,15.4218031562888
Exports of goods and services (% of GDP),NE.EXP.GNFS.ZS,Samoa,WSM,28.7780200010057
Exports of goods and services (% of GDP),NE.EXP.GNFS.ZS,San Marino,SMR,173.068169220566
Exports of goods and services (% of GDP),NE.EXP.GNFS.ZS,Sao Tome and Principe,STP,..
Exports of goods and services (% of GDP),NE.EXP.GNFS.ZS,Saudi Arabia,SAU,29.1430897114591
Exports of goods and services (% of GDP),NE.EXP.GNFS.ZS,Senegal,SEN,21.5608580962682
Exports of goods and services (% of GDP),NE.EXP.GNFS.ZS,Serbia,SRB,46.4536704388373
Exports of goods and services (% of GDP),NE.EXP.GNFS.ZS,Seychelles,SYC,85.3502574058314
Exports of goods and services (% of GDP),NE.EXP.GNFS.ZS,Sierra Leone,SLE,14.1122493760391
Exports of goods and services (% of GDP),NE.EXP.GNFS.ZS,Singapore,SGP,164.550664245506
Exports of goods and services (% of GDP),NE.EXP.GNFS.ZS,Sint Maarten (Dutch part),SXM,..
Exports of goods and services (% of GDP),NE.EXP.GNFS.ZS,Slovak Republic,SVK,92.3116870095116
Exports of goods and services (% of GDP),NE.EXP.GNFS.ZS,Slovenia,SVN,78.4365866675597
Exports of goods and services (% of GDP),NE.EXP.GNFS.ZS,Solomon Islands,SLB,39.7286917063647
Exports of goods and services (% of GDP),NE.EXP.GNFS.ZS,"Somalia, Fed. Rep.",SOM,16.1359579394828
Exports of goods and services (% of GDP),NE.EXP.GNFS.ZS,South Africa,ZAF,28.1560881698955
Exports of goods and services (% of GDP),NE.EXP.GNFS.ZS,South Sudan,SSD,..
Exports of goods and services (% of GDP),NE.EXP.GNFS.ZS,Spain,ESP,33.5770329849408
Exports of goods and services (% of GDP),NE.EXP.GNFS.ZS,Sri Lanka,LKA,19.8240360429518
Exports of goods and services (% of GDP),NE.EXP.GNFS.ZS,St. Kitts and Nevis,KNA,..
Exports of goods and services (% of GDP),NE.EXP.GNFS.ZS,St. Lucia,LCA,..
Exports of goods and services (% of GDP),NE.EXP.GNFS.ZS,St. Martin (French part),MAF,..
Exports of goods and services (% of GDP),NE.EXP.GNFS.ZS,St. Vincent and the Grenadines,VCT,..
Exports of goods and services (% of GDP),NE.EXP.GNFS.ZS,Sudan,SDN,5.00449100738247
Exports of goods and services (% of GDP),NE.EXP.GNFS.ZS,Suriname,SUR,..
Exports of goods and services (% of GDP),NE.EXP.GNFS.ZS,Eswatini,SWZ,45.2869306032883
Exports of goods and services (% of GDP),NE.EXP.GNFS.ZS,Sweden,SWE,42.9375471367813
Exports of goods and services (% of GDP),NE.EXP.GNFS.ZS,Switzerland,CHE,66.817725925772
Exports of goods and services (% of GDP),NE.EXP.GNFS.ZS,Syrian Arab Republic,SYR,21.6800989026841
Exports of goods and services (% of GDP),NE.EXP.GNFS.ZS,Tajikistan,TJK,13.2003292553609
Exports of goods and services (% of GDP),NE.EXP.GNFS.ZS,Tanzania,TZA,16.349975063904
Exports of goods and services (% of GDP),NE.EXP.GNFS.ZS,Thailand,THA,67.0708839693011
Exports of goods and services (% of GDP),NE.EXP.GNFS.ZS,Timor-Leste,TLS,3.15642530747451
Exports of goods and services (% of GDP),NE.EXP.GNFS.ZS,Togo,TGO,26.7314987347852
Exports of goods and services (% of GDP),NE.EXP.GNFS.ZS,Tonga,TON,24.5055595192508
Exports of goods and services (% of GDP),NE.EXP.GNFS.ZS,Trinidad and Tobago,TTO,..
Exports of goods and services (% of GDP),NE.EXP.GNFS.ZS,Tunisia,TUN,38.2952955757822
Exports of goods and services (% of GDP),NE.EXP.GNFS.ZS,Turkiye,TUR,23.6322024334399
Exports of goods and services (% of GDP),NE.EXP.GNFS.ZS,Turkmenistan,TKM,22.1505138514768
Exports of goods and services (% of GDP),NE.EXP.GNFS.ZS,Turks and Caicos Islands,TCA,..
Exports of goods and services (% of GDP),NE.EXP.GNFS.ZS,Tuvalu,TUV,..
Exports of goods and services (% of GDP),NE.EXP.GNFS.ZS,Uganda,UGA,12.4271644156806
Exports of goods and services (% of GDP),NE.EXP.GNFS.ZS,Ukraine,UKR,49.2986194577187
Exports of goods and services (% of GDP),NE.EXP.GNFS.ZS,United Arab Emirates,ARE,94.4747534696859
Exports of goods and services (% of GDP),NE.EXP.GNFS.ZS,United Kingdom,GBR,29.0615561502528
Exports of goods and services (% of GDP),NE.EXP.GNFS.ZS,United States,USA,11.957982056879
Exports of goods and services (% of GDP),NE.EXP.GNFS.ZS,Uruguay,URY,26.9316576016427
Exports of goods and services (% of GDP),NE.EXP.GNFS.ZS,Uzbekistan,UZB,12.3330657085125
Exports of goods and services (% of GDP),NE.EXP.GNFS.ZS,Vanuatu,VUT,47.4423775630666
Exports of goods and services (% of GDP),NE.EXP.GNFS.ZS,"Venezuela, RB",VEN,31.1184040845836
Exports of goods and services (% of GDP),NE.EXP.GNFS.ZS,Viet Nam,VNM,74.1072862556183
Exports of goods and services (% of GDP),NE.EXP.GNFS.ZS,Virgin Islands (U.S.),VIR,47.0247498683518
Exports of goods and services (% of GDP),NE.EXP.GNFS.ZS,West Bank and Gaza,PSE,14.3267945006296
Exports of goods and services (% of GDP),NE.EXP.GNFS.ZS,"Yemen, Rep.",YEM,4.80920276121921
Exports of goods and services (% of GDP),NE.EXP.GNFS.ZS,Zambia,ZMB,35.3246757489657
Exports of goods and services (% of GDP),NE.EXP.GNFS.ZS,Zimbabwe,ZWE,19.9435777083308
Imports of goods and services (% of GDP),NE.IMP.GNFS.ZS,Afghanistan,AFG,..
Imports of goods and services (% of GDP),NE.IMP.GNFS.ZS,Albania,ALB,45.3446572805207
Imports of goods and services (% of GDP),NE.IMP.GNFS.ZS,Algeria,DZA,31.2742448207328
Imports of goods and services (% of GDP),NE.IMP.GNFS.ZS,American Samoa,ASM,95.230998509687
Imports of goods and services (% of GDP),NE.IMP.GNFS.ZS,Andorra,AND,..
Imports of goods and services (% of GDP),NE.IMP.GNFS.ZS,Angola,AGO,22.3564008849907
Imports of goods and services (% of GDP),NE.IMP.GNFS.ZS,Antigua and Barbuda,ATG,62.0018249944678
Imports of goods and services (% of GDP),NE.IMP.GNFS.ZS,Argentina,ARG,13.5667926798789
Imports of goods and services (% of GDP),NE.IMP.GNFS.ZS,Armenia,ARM,42.3336875987152
Imports of goods and services (% of GDP),NE.IMP.GNFS.ZS,Aruba,ABW,67.9206032637667
Imports of goods and services (% of GDP),NE.IMP.GNFS.ZS,Australia,AUS,21.6102583389859
Imports of goods and services (% of GDP),NE.IMP.GNFS.ZS,Austria,AUT,48.910092513867
Imports of goods and services (% of GDP),NE.IMP.GNFS.ZS,Azerbaijan,AZE,43.6496693432541
Imports of goods and services (% of GDP),NE.IMP.GNFS.ZS,"Bahamas, The",BHS,34.3610332550564
Imports of goods and services (% of GDP),NE.IMP.GNFS.ZS,Bahrain,BHR,62.2347072046616
Imports of goods and services (% of GDP),NE.IMP.GNFS.ZS,Bangladesh,BGD,17.4129456531683
Imports of goods and services (% of GDP),NE.IMP.GNFS.ZS,Barbados,BRB,..
Imports of goods and services (% of GDP),NE.IMP.GNFS.ZS,Belarus,BLR,62.6999757764695
Imports of goods and services (% of GDP),NE.IMP.GNFS.ZS,Belgium,BEL,79.43956490475
Imports of goods and services (% of GDP),NE.IMP.GNFS.ZS,Belize,BLZ,49.1925685375896
Imports of goods and services (% of GDP),NE.IMP.GNFS.ZS,Benin,BEN,31.3801402666294
Imports of goods and services (% of GDP),NE.IMP.GNFS.ZS,Bermuda,BMU,23.4198528067971
Imports of goods and services (% of GDP),NE.IMP.GNFS.ZS,Bhutan,BTN,49.2619189365981
Imports of goods and services (% of GDP),NE.IMP.GNFS.ZS,Bolivia,BOL,31.9130289632108
Imports of goods and services (% of GDP),NE.IMP.GNFS.ZS,Bosnia and Herzegovina,BIH,52.3353250902605
Imports of goods and services (% of GDP),NE.IMP.GNFS.ZS,Botswana,BWA,45.8533350055731
Imports of goods and services (% of GDP),NE.IMP.GNFS.ZS,Brazil,BRA,12.0670030342632
Imports of goods and services (% of GDP),NE.IMP.GNFS.ZS,British Virgin Islands,VGB,..
Imports of goods and services (% of GDP),NE.IMP.GNFS.ZS,Brunei Darussalam,BRN,37.7420239533927
Imports of goods and services (% of GDP),NE.IMP.GNFS.ZS,Bulgaria,BGR,58.9445838270742
Imports of goods and services (% of GDP),NE.IMP.GNFS.ZS,Burkina Faso,BFA,31.9772079951896
Imports of goods and services (% of GDP),NE.IMP.GNFS.ZS,Burundi,BDI,..
Imports of goods and services (% of GDP),NE.IMP.GNFS.ZS,Cabo Verde,CPV,53.9051911427786
Imports of goods and services (% of GDP),NE.IMP.GNFS.ZS,Cambodia,KHM,66.2727178808437
Imports of goods and services (% of GDP),NE.IMP.GNFS.ZS,Cameroon,CMR,21.6886527708619
Imports of goods and services (% of GDP),NE.IMP.GNFS.ZS,Canada,CAN,33.8611121122194
Imports of goods and services (% of GDP),NE.IMP.GNFS.ZS,Cayman Islands,CYM,..
Imports of goods and services (% of GDP),NE.IMP.GNFS.ZS,Central African Republic,CAF,35.7087643640963
Imports of goods and services (% of GDP),NE.IMP.GNFS.ZS,Chad,TCD,21.35002857974
Imports of goods and services (% of GDP),NE.IMP.GNFS.ZS,Channel Islands,CHI,..
Imports of goods and services (% of GDP),NE.IMP.GNFS.ZS,Chile,CHL,28.1347029779502
Imports of goods and services (% of GDP),NE.IMP.GNFS.ZS,China,CHN,16.9735199564368
Imports of goods and services (% of GDP),NE.IMP.GNFS.ZS,Colombia,COL,21.4855137060045
Imports of goods and services (% of GDP),NE.IMP.GNFS.ZS,Comoros,COM,26.4599841389376
Imports of goods and services (% of GDP),NE.IMP.GNFS.ZS,"Congo, Dem. Rep.",COD,36.885955975126
Imports of goods and services (% of GDP),NE.IMP.GNFS.ZS,"Congo, Rep.",COG,80.1912922339397
Imports of goods and services (% of GDP),NE.IMP.GNFS.ZS,Costa Rica,CRI,30.9183818764451
Imports of goods and services (% of GDP),NE.IMP.GNFS.ZS,Cote d'Ivoire,CIV,22.6240435858959
Imports of goods and services (% of GDP),NE.IMP.GNFS.ZS,Croatia,HRV,45.518985749099
Imports of goods and services (% of GDP),NE.IMP.GNFS.ZS,Cuba,CUB,12.2865819010971
Imports of goods and services (% of GDP),NE.IMP.GNFS.ZS,Curacao,CUW,76.057468709033
Imports of goods and services (% of GDP),NE.IMP.GNFS.ZS,Cyprus,CYP,68.538046229121
Imports of goods and services (% of GDP),NE.IMP.GNFS.ZS,Czechia,CZE,70.4386716580323
Imports of goods and services (% of GDP),NE.IMP.GNFS.ZS,Denmark,DNK,47.7088309101261
Imports of goods and services (% of GDP),NE.IMP.GNFS.ZS,Djibouti,DJI,109.307973495828
Imports of goods and services (% of GDP),NE.IMP.GNFS.ZS,Dominica,DMA,..
Imports of goods and services (% of GDP),NE.IMP.GNFS.ZS,Dominican Republic,DOM,27.5367900859185
Imports of goods and services (% of GDP),NE.IMP.GNFS.ZS,Ecuador,ECU,19.9952006437747
Imports of goods and services (% of GDP),NE.IMP.GNFS.ZS,"Egypt, Arab Rep.",EGY,19.9010851110947
Imports of goods and services (% of GDP),NE.IMP.GNFS.ZS,El Salvador,SLV,44.3605028722982
Imports of goods and services (% of GDP),NE.IMP.GNFS.ZS,Equatorial Guinea,GNQ,41.1879007790367
Imports of goods and services (% of GDP),NE.IMP.GNFS.ZS,Eritrea,ERI,..
Imports of goods and services (% of GDP),NE.IMP.GNFS.ZS,Estonia,EST,72.2693705459549
Imports of goods and services (% of GDP),NE.IMP.GNFS.ZS,Ethiopia,ETH,27.0869584993198
Imports of goods and services (% of GDP),NE.IMP.GNFS.ZS,Faroe Islands,FRO,50.0163690319038
Imports of goods and services (% of GDP),NE.IMP.GNFS.ZS,Fiji,FJI,..
Imports of goods and services (% of GDP),NE.IMP.GNFS.ZS,Finland,FIN,36.3888798750214
Imports of goods and services (% of GDP),NE.IMP.GNFS.ZS,France,FRA,31.8445463682721
Imports of goods and services (% of GDP),NE.IMP.GNFS.ZS,French Polynesia,PYF,34.0038608344667
Imports of goods and services (% of GDP),NE.IMP.GNFS.ZS,Gabon,GAB,26.0980337724197
Imports of goods and services (% of GDP),NE.IMP.GNFS.ZS,"Gambia, The",GMB,25.3584531644371
Imports of goods and services (% of GDP),NE.IMP.GNFS.ZS,Georgia,GEO,54.9269603042158
Imports of goods and services (% of GDP),NE.IMP.GNFS.ZS,Germany,DEU,34.3704482647463
Imports of goods and services (% of GDP),NE.IMP.GNFS.ZS,Ghana,GHA,36.6837602962245
Imports of goods and services (% of GDP),NE.IMP.GNFS.ZS,Gibraltar,GIB,..
Imports of goods and services (% of GDP),NE.IMP.GNFS.ZS,Greece,GRC,32.4781888673706
Imports of goods and services (% of GDP),NE.IMP.GNFS.ZS,Greenland,GRL,45.0726252078338
Imports of goods and services (% of GDP),NE.IMP.GNFS.ZS,Grenada,GRD,..
Imports of goods and services (% of GDP),NE.IMP.GNFS.ZS,Guam,GUM,51.4489069649212
Imports of goods and services (% of GDP),NE.IMP.GNFS.ZS,Guatemala,GTM,27.6196465223016
Imports of goods and services (% of GDP),NE.IMP.GNFS.ZS,Guinea,GIN,82.4679548110406
Imports of goods and services (% of GDP),NE.IMP.GNFS.ZS,Guinea-Bissau,GNB,30.5259420089505
Imports of goods and services (% of GDP),NE.IMP.GNFS.ZS,Guyana,GUY,..
Imports of goods and services (% of GDP),NE.IMP.GNFS.ZS,Haiti,HTI,29.8089312729643
Imports of goods and services (% of GDP),NE.IMP.GNFS.ZS,Honduras,HND,57.1016121691742
Imports of goods and services (% of GDP),NE.IMP.GNFS.ZS,"Hong Kong SAR, China",HKG,184.722102884528
Imports of goods and services (% of GDP),NE.IMP.GNFS.ZS,Hungary,HUN,77.8604810403383
Imports of goods and services (% of GDP),NE.IMP.GNFS.ZS,Iceland,ISL,40.2709935033725
Imports of goods and services (% of GDP),NE.IMP.GNFS.ZS,India,IND,20.9242508026814
Imports of goods and services (% of GDP),NE.IMP.GNFS.ZS,Indonesia,IDN,18.3323479486654
Imports of goods and services (% of GDP),NE.IMP.GNFS.ZS,"Iran, Islamic Rep.",IRN,19.5674601594385
Imports of goods and services (% of GDP),NE.IMP.GNFS.ZS,Iraq,IRQ,26.4797965093784
Imports of goods and services (% of GDP),NE.IMP.GNFS.ZS,Ireland,IRL,110.530093954898
Imports of goods and services (% of GDP),NE.IMP.GNFS.ZS,Isle of Man,IMN,..
Imports of goods and services (% of GDP),NE.IMP.GNFS.ZS,Israel,ISR,28.1030227462751
Imports of goods and services (% of GDP),NE.IMP.GNFS.ZS,Italy,ITA,25.6333978099156
Imports of goods and services (% of GDP),NE.IMP.GNFS.ZS,Jamaica,JAM,..
Imports of goods and services (% of GDP),NE.IMP.GNFS.ZS,Japan,JPN,15.2522776095286
Imports of goods and services (% of GDP),NE.IMP.GNFS.ZS,Jordan,JOR,54.3255078299008
Imports of goods and services (% of GDP),NE.IMP.GNFS.ZS,Kazakhstan,KAZ,28.4677079441317
Imports of goods and services (% of GDP),NE.IMP.GNFS.ZS,Kenya,KEN,21.6152747725065
Imports of goods and services (% of GDP),NE.IMP.GNFS.ZS,Kiribati,KIR,94.6525112374393
Imports of goods and services (% of GDP),NE.IMP.GNFS.ZS,"Korea, Dem. People's Rep.",PRK,..
Imports of goods and services (% of GDP),NE.IMP.GNFS.ZS,"Korea, Rep.",KOR,31.7867345733008
Imports of goods and services (% of GDP),NE.IMP.GNFS.ZS,Kosovo,XKX,51.1914075084587
Imports of goods and services (% of GDP),NE.IMP.GNFS.ZS,Kuwait,KWT,48.5253871133306
Imports of goods and services (% of GDP),NE.IMP.GNFS.ZS,Kyrgyz Republic,KGZ,69.9981651422372
Imports of goods and services (% of GDP),NE.IMP.GNFS.ZS,Lao PDR,LAO,41.8824634642904
Imports of goods and services (% of GDP),NE.IMP.GNFS.ZS,Latvia,LVA,61.4020987849952
Imports of goods and services (% of GDP),NE.IMP.GNFS.ZS,Lebanon,LBN,45.9974619033978
Imports of goods and services (% of GDP),NE.IMP.GNFS.ZS,Lesotho,LSO,90.53558249635
Imports of goods and services (% of GDP),NE.IMP.GNFS.ZS,Liberia,LBR,..
Imports of goods and services (% of GDP),NE.IMP.GNFS.ZS,Libya,LBY,26.5322885114747
Imports of goods and services (% of GDP),NE.IMP.GNFS.ZS,Liechtenstein,LIE,..
Imports of goods and services (% of GDP),NE.IMP.GNFS.ZS,Lithuania,LTU,66.9810247606071
Imports of goods and services (% of GDP),NE.IMP.GNFS.ZS,Luxembourg,LUX,157.338775636266
Imports of goods and services (% of GDP),NE.IMP.GNFS.ZS,"Macao SAR, China",MAC,36.0815250196803
Imports of goods and services (% of GDP),NE.IMP.GNFS.ZS,North Macedonia,MKD,65.5215662539194
Imports of goods and services (% of GDP),NE.IMP.GNFS.ZS,Madagascar,MDG,31.7421290495881
Imports of goods and services (% of GDP),NE.IMP.GNFS.ZS,Malawi,MWI,..
Imports of goods and services (% of GDP),NE.IMP.GNFS.ZS,Malaysia,MYS,60.1235645714491
Imports of goods and services (% of GDP),NE.IMP.GNFS.ZS,Maldives,MDV,72.7665791488222
Imports of goods and services (% of GDP),NE.IMP.GNFS.ZS,Mali,MLI,33.9537401380382
Imports of goods and services (% of GDP),NE.IMP.GNFS.ZS,Malta,MLT,100.193211495597
Imports of goods and services (% of GDP),NE.IMP.GNFS.ZS,Marshall Islands,MHL,79.8330525272547
Imports of goods and services (% of GDP),NE.IMP.GNFS.ZS,Mauritania,MRT,39.2281211248166
Imports of goods and services (% of GDP),NE.IMP.GNFS.ZS,Mauritius,MUS,65.2624869881261
Imports of goods and services (% of GDP),NE.IMP.GNFS.ZS,Mexico,MEX,38.8746261573743
Imports of goods and services (% of GDP),NE.IMP.GNFS.ZS,"Micronesia, Fed. Sts.",FSM,74.4615384615385
Imports of goods and services (% of GDP),NE.IMP.GNFS.ZS,Moldova,MDA,56.1381847838926
Imports of goods and services (% of GDP),NE.IMP.GNFS.ZS,Monaco,MCO,..
Imports of goods and services (% of GDP),NE.IMP.GNFS.ZS,Mongolia,MNG,50.1830431691832
Imports of goods and services (% of GDP),NE.IMP.GNFS.ZS,Montenegro,MNE,63.3539586772877
Imports of goods and services (% of GDP),NE.IMP.GNFS.ZS,Morocco,MAR,40.3880652392646
Imports of goods and services (% of GDP),NE.IMP.GNFS.ZS,Mozambique,MOZ,75.0124208061143
Imports of goods and services (% of GDP),NE.IMP.GNFS.ZS,Myanmar,MMR,..
Imports of goods and services (% of GDP),NE.IMP.GNFS.ZS,Namibia,NAM,58.9567205420598
Imports of goods and services (% of GDP),NE.IMP.GNFS.ZS,Nauru,NRU,97.7611940298508
Imports of goods and services (% of GDP),NE.IMP.GNFS.ZS,Nepal,NPL,33.9359080838193
Imports of goods and services (% of GDP),NE.IMP.GNFS.ZS,Netherlands,NLD,70.0560280487382
Imports of goods and services (% of GDP),NE.IMP.GNFS.ZS,New Caledonia,NCL,38.7641297598898
Imports of goods and services (% of GDP),NE.IMP.GNFS.ZS,New Zealand,NZL,25.7948734939094
Imports of goods and services (% of GDP),NE.IMP.GNFS.ZS,Nicaragua,NIC,54.9317014223508
Imports of goods and services (% of GDP),NE.IMP.GNFS.ZS,Niger,NER,24.3047703306361
Imports of goods and services (% of GDP),NE.IMP.GNFS.ZS,Nigeria,NGA,..
Imports of goods and services (% of GDP),NE.IMP.GNFS.ZS,Northern Mariana Islands,MNP,81.1382113821138
Imports of goods and services (% of GDP),NE.IMP.GNFS.ZS,Norway,NOR,33.1786709712824
Imports of goods and services (% of GDP),NE.IMP.GNFS.ZS,Oman,OMN,41.5446394571953
Imports of goods and services (% of GDP),NE.IMP.GNFS.ZS,Pakistan,PAK,15.9648616568916
Imports of goods and services (% of GDP),NE.IMP.GNFS.ZS,Palau,PLW,70.1160475156222
Imports of goods and services (% of GDP),NE.IMP.GNFS.ZS,Panama,PAN,42.6552163856241
Imports of goods and services (% of GDP),NE.IMP.GNFS.ZS,Papua New Guinea,PNG,..
Imports of goods and services (% of GDP),NE.IMP.GNFS.ZS,Paraguay,PRY,30.6160823269976
Imports of goods and services (% of GDP),NE.IMP.GNFS.ZS,Peru,PER,22.7885274554247
Imports of goods and services (% of GDP),NE.IMP.GNFS.ZS,Philippines,PHL,35.1030624218713
Imports of goods and services (% of GDP),NE.IMP.GNFS.ZS,Poland,POL,46.9594739437073
Imports of goods and services (% of GDP),NE.IMP.GNFS.ZS,Portugal,PRT,39.1672575583436
Imports of goods and services (% of GDP),NE.IMP.GNFS.ZS,Puerto Rico (US),PRI,41.5158807974567
Imports of goods and services (% of GDP),NE.IMP.GNFS.ZS,Qatar,QAT,41.8337693846697
Imports of goods and services (% of GDP),NE.IMP.GNFS.ZS,Romania,ROU,43.4761931163147
Imports of goods and services (% of GDP),NE.IMP.GNFS.ZS,Russian Federation,RUS,20.6636368626929
Imports of goods and services (% of GDP),NE.IMP.GNFS.ZS,Rwanda,RWA,34.0631039507003
Imports of goods and services (% of GDP),NE.IMP.GNFS.ZS,Samoa,WSM,46.4337971696257
Imports of goods and services (% of GDP),NE.IMP.GNFS.ZS,San Marino,SMR,147.077919840142
Imports of goods and services (% of GDP),NE.IMP.GNFS.ZS,Sao Tome and Principe,STP,..
Imports of goods and services (% of GDP),NE.IMP.GNFS.ZS,Saudi Arabia,SAU,28.7785737995774
Imports of goods and services (% of GDP),NE.IMP.GNFS.ZS,Senegal,SEN,32.5473111109457
Imports of goods and services (% of GDP),NE.IMP.GNFS.ZS,Serbia,SRB,51.2370236043431
Imports of goods and services (% of GDP),NE.IMP.GNFS.ZS,Seychelles,SYC,95.5159309851078
Imports of goods and services (% of GDP),NE.IMP.GNFS.ZS,Sierra Leone,SLE,28.954963320957
Imports of goods and services (% of GDP),NE.IMP.GNFS.ZS,Singapore,SGP,138.288991801068
Imports of goods and services (% of GDP),NE.IMP.GNFS.ZS,Sint Maarten (Dutch part),SXM,..
Imports of goods and services (% of GDP),NE.IMP.GNFS.ZS,Slovak Republic,SVK,90.4456925866891
Imports of goods and services (% of GDP),NE.IMP.GNFS.ZS,Slovenia,SVN,69.8018614128279
Imports of goods and services (% of GDP),NE.IMP.GNFS.ZS,Solomon Islands,SLB,45.8211540708853
Imports of goods and services (% of GDP),NE.IMP.GNFS.ZS,"Somalia, Fed. Rep.",SOM,58.225604612142
Imports of goods and services (% of GDP),NE.IMP.GNFS.ZS,South Africa,ZAF,27.7051693349827
Imports of goods and services (% of GDP),NE.IMP.GNFS.ZS,South Sudan,SSD,..
Imports of goods and services (% of GDP),NE.IMP.GNFS.ZS,Spain,ESP,29.6116448657886
Imports of goods and services (% of GDP),NE.IMP.GNFS.ZS,Sri Lanka,LKA,26.6475009822669
Imports of goods and services (% of GDP),NE.IMP.GNFS.ZS,St. Kitts and Nevis,KNA,..
Imports of goods and services (% of GDP),NE.IMP.GNFS.ZS,St. Lucia,LCA,..
Imports of goods and services (% of GDP),NE.IMP.GNFS.ZS,St. Martin (French part),MAF,..
Imports of goods and services (% of GDP),NE.IMP.GNFS.ZS,St. Vincent and the Grenadines,VCT,..
Imports of goods and services (% of GDP),NE.IMP.GNFS.ZS,Sudan,SDN,10.2771788829636
Imports of goods and services (% of GDP),NE.IMP.GNFS.ZS,Suriname,SUR,..
Imports of goods and services (% of GDP),NE.IMP.GNFS.ZS,Eswatini,SWZ,44.0715568407052
Imports of goods and services (% of GDP),NE.IMP.GNFS.ZS,Sweden,SWE,40.5144007206336
Imports of goods and services (% of GDP),NE.IMP.GNFS.ZS,Switzerland,CHE,56.7481985878047
Imports of goods and services (% of GDP),NE.IMP.GNFS.ZS,Syrian Arab Republic,SYR,45.4318376304087
Imports of goods and services (% of GDP),NE.IMP.GNFS.ZS,Tajikistan,TJK,42.5243154353964
Imports of goods and services (% of GDP),NE.IMP.GNFS.ZS,Tanzania,TZA,19.0704953363596
Imports of goods and services (% of GDP),NE.IMP.GNFS.ZS,Thailand,THA,53.5043433198287
Imports of goods and services (% of GDP),NE.IMP.GNFS.ZS,Timor-Leste,TLS,57.1541986370699
Imports of goods and services (% of GDP),NE.IMP.GNFS.ZS,Togo,TGO,39.7135422457229
Imports of goods and services (% of GDP),NE.IMP.GNFS.ZS,Tonga,TON,63.2716080195447
Imports of goods and services (% of GDP),NE.IMP.GNFS.ZS,Trinidad and Tobago,TTO,..
Imports of goods and services (% of GDP),NE.IMP.GNFS.ZS,Tunisia,TUN,48.7973687883644
Imports of goods and services (% of GDP),NE.IMP.GNFS.ZS,Turkiye,TUR,25.2379813745471
Imports of goods and services (% of GDP),NE.IMP.GNFS.ZS,Turkmenistan,TKM,39.8955708451494
Imports of goods and services (% of GDP),NE.IMP.GNFS.ZS,Turks and Caicos Islands,TCA,..
Imports of goods and services (% of GDP),NE.IMP.GNFS.ZS,Tuvalu,TUV,..
Imports of goods and services (% of GDP),NE.IMP.GNFS.ZS,Uganda,UGA,18.7821976075312
Imports of goods and services (% of GDP),NE.IMP.GNFS.ZS,Ukraine,UKR,56.2225854554037
Imports of goods and services (% of GDP),NE.IMP.GNFS.ZS,United Arab Emirates,ARE,70.9202657048941
Imports of goods and services (% of GDP),NE.IMP.GNFS.ZS,United Kingdom,GBR,30.7779753635731
Imports of goods and services (% of GDP),NE.IMP.GNFS.ZS,United States,USA,14.6499800035794
Imports of goods and services (% of GDP),NE.IMP.GNFS.ZS,Uruguay,URY,21.5389007769197
Imports of goods and services (% of GDP),NE.IMP.GNFS.ZS,Uzbekistan,UZB,16.8592313302917
Imports of goods and services (% of GDP),NE.IMP.GNFS.ZS,Vanuatu,VUT,58.9095577026671
Imports of goods and services (% of GDP),NE.IMP.GNFS.ZS,"Venezuela, RB",VEN,10.1888131140714
Imports of goods and services (% of GDP),NE.IMP.GNFS.ZS,Viet Nam,VNM,71.3022217174998
Imports of goods and services (% of GDP),NE.IMP.GNFS.ZS,Virgin Islands (U.S.),VIR,66.2717219589258
Imports of goods and services (% of GDP),NE.IMP.GNFS.ZS,West Bank and Gaza,PSE,51.0957196827087
Imports of goods and services (% of GDP),NE.IMP.GNFS.ZS,"Yemen, Rep.",YEM,26.2723415296367
Imports of goods and services (% of GDP),NE.IMP.GNFS.ZS,Zambia,ZMB,38.6338855056502
Imports of goods and services (% of GDP),NE.IMP.GNFS.ZS,Zimbabwe,ZWE,31.2754599511169
Gross capital formation (% of GDP),NE.GDI.TOTL.ZS,Afghanistan,AFG,..
Gross capital formation (% of GDP),NE.GDI.TOTL.ZS,Albania,ALB,26.814346013014
Gross capital formation (% of GDP),NE.GDI.TOTL.ZS,Algeria,DZA,51.6415142855742
Gross capital formation (% of GDP),NE.GDI.TOTL.ZS,American Samoa,ASM,..
Gross capital formation (% of GDP),NE.GDI.TOTL.ZS,Andorra,AND,..
Gross capital formation (% of GDP),NE.GDI.TOTL.ZS,Angola,AGO,30.134293482854
Gross capital formation (% of GDP),NE.GDI.TOTL.ZS,Antigua and Barbuda,ATG,..
Gross capital formation (% of GDP),NE.GDI.TOTL.ZS,Argentina,ARG,17.6632278606203
Gross capital formation (% of GDP),NE.GDI.TOTL.ZS,Armenia,ARM,18.0155086734171
Gross capital formation (% of GDP),NE.GDI.TOTL.ZS,Aruba,ABW,20.5749571545811
Gross capital formation (% of GDP),NE.GDI.TOTL.ZS,Australia,AUS,25.3483902403269
Gross capital formation (% of GDP),NE.GDI.TOTL.ZS,Austria,AUT,24.4571707244108
Gross capital formation (% of GDP),NE.GDI.TOTL.ZS,Azerbaijan,AZE,25.6813382496045
Gross capital formation (% of GDP),NE.GDI.TOTL.ZS,"Bahamas, The",BHS,25.7808751862233
Gross capital formation (% of GDP),NE.GDI.TOTL.ZS,Bahrain,BHR,27.8856988345954
Gross capital formation (% of GDP),NE.GDI.TOTL.ZS,Bangladesh,BGD,30.2397639179985
Gross capital formation (% of GDP),NE.GDI.TOTL.ZS,Barbados,BRB,..
Gross capital formation (% of GDP),NE.GDI.TOTL.ZS,Belarus,BLR,26.4775827022928
Gross capital formation (% of GDP),NE.GDI.TOTL.ZS,Belgium,BEL,24.1815766017974
Gross capital formation (% of GDP),NE.GDI.TOTL.ZS,Belize,BLZ,17.9729353607653
Gross capital formation (% of GDP),NE.GDI.TOTL.ZS,Benin,BEN,20.2720396046954
Gross capital formation (% of GDP),NE.GDI.TOTL.ZS,Bermuda,BMU,12.8032086210967
Gross capital formation (% of GDP),NE.GDI.TOTL.ZS,Bhutan,BTN,56.3993877727553
Gross capital formation (% of GDP),NE.GDI.TOTL.ZS,Bolivia,BOL,21.0573618533858
Gross capital formation (% of GDP),NE.GDI.TOTL.ZS,Bosnia and Herzegovina,BIH,23.3303836437325
Gross capital formation (% of GDP),NE.GDI.TOTL.ZS,Botswana,BWA,22.0676982064961
Gross capital formation (% of GDP),NE.GDI.TOTL.ZS,Brazil,BRA,14.9695469727335
Gross capital formation (% of GDP),NE.GDI.TOTL.ZS,British Virgin Islands,VGB,..
Gross capital formation (% of GDP),NE.GDI.TOTL.ZS,Brunei Darussalam,BRN,34.6202628541232
Gross capital formation (% of GDP),NE.GDI.TOTL.ZS,Bulgaria,BGR,18.9624324900328
Gross capital formation (% of GDP),NE.GDI.TOTL.ZS,Burkina Faso,BFA,20.7955479484027
Gross capital formation (% of GDP),NE.GDI.TOTL.ZS,Burundi,BDI,..
Gross capital formation (% of GDP),NE.GDI.TOTL.ZS,Cabo Verde,CPV,28.5553782407275
Gross capital formation (% of GDP),NE.GDI.TOTL.ZS,Cambodia,KHM,30.3850325759008
Gross capital formation (% of GDP),NE.GDI.TOTL.ZS,Cameroon,CMR,19.8180548448427
Gross capital formation (% of GDP),NE.GDI.TOTL.ZS,Canada,CAN,22.7611201594839
Gross capital formation (% of GDP),NE.GDI.TOTL.ZS,Cayman Islands,CYM,..
Gross capital formation (% of GDP),NE.GDI.TOTL.ZS,Central African Republic,CAF,22.463467946845
Gross capital formation (% of GDP),NE.GDI.TOTL.ZS,Chad,TCD,18.3585890168831
Gross capital formation (% of GDP),NE.GDI.TOTL.ZS,Channel Islands,CHI,..
Gross capital formation (% of GDP),NE.GDI.TOTL.ZS,Chile,CHL,23.7087902931288
Gross capital formation (% of GDP),NE.GDI.TOTL.ZS,China,CHN,42.1386166189127
Gross capital formation (% of GDP),NE.GDI.TOTL.ZS,Colombia,COL,23.1674195572494
Gross capital formation (% of GDP),NE.GDI.TOTL.ZS,Comoros,COM,12.5606730066488
Gross capital formation (% of GDP),NE.GDI.TOTL.ZS,"Congo, Dem. Rep.",COD,25.730139110082
Gross capital formation (% of GDP),NE.GDI.TOTL.ZS,"Congo, Rep.",COG,71.266855758205
Gross capital formation (% of GDP),NE.GDI.TOTL.ZS,Costa Rica,CRI,18.888940977993
Gross capital formation (% of GDP),NE.GDI.TOTL.ZS,Cote d'Ivoire,CIV,23.1954091913848
Gross capital formation (% of GDP),NE.GDI.TOTL.ZS,Croatia,HRV,19.8968461847519
Gross capital formation (% of GDP),NE.GDI.TOTL.ZS,Cuba,CUB,9.56020685555022
Gross capital formation (% of GDP),NE.GDI.TOTL.ZS,Curacao,CUW,28.6395276670698
Gross capital formation (% of GDP),NE.GDI.TOTL.ZS,Cyprus,CYP,17.0541463112928
Gross capital formation (% of GDP),NE.GDI.TOTL.ZS,Czechia,CZE,25.0750046974725
Gross capital formation (% of GDP),NE.GDI.TOTL.ZS,Denmark,DNK,21.680712423112
Gross capital formation (% of GDP),NE.GDI.TOTL.ZS,Djibouti,DJI,21.9359401140492
Gross capital formation (% of GDP),NE.GDI.TOTL.ZS,Dominica,DMA,..
Gross capital formation (% of GDP),NE.GDI.TOTL.ZS,Dominican Republic,DOM,22.1728652705364
Gross capital formation (% of GDP),NE.GDI.TOTL.ZS,Ecuador,ECU,20.2460508591084
Gross capital formation (% of GDP),NE.GDI.TOTL.ZS,"Egypt, Arab Rep.",EGY,15.0402303092936
Gross capital formation (% of GDP),NE.GDI.TOTL.ZS,El Salvador,SLV,15.967514115536
Gross capital formation (% of GDP),NE.GDI.TOTL.ZS,Equatorial Guinea,GNQ,16.6986459903143
Gross capital formation (% of GDP),NE.GDI.TOTL.ZS,Eritrea,ERI,..
Gross capital formation (% of GDP),NE.GDI.TOTL.ZS,Estonia,EST,24.7023530937166
Gross capital formation (% of GDP),NE.GDI.TOTL.ZS,Ethiopia,ETH,37.3487629699646
Gross capital formation (% of GDP),NE.GDI.TOTL.ZS,Faroe Islands,FRO,22.1636691977062
Gross capital formation (% of GDP),NE.GDI.TOTL.ZS,Fiji,FJI,..
Gross capital formation (% of GDP),NE.GDI.TOTL.ZS,Finland,FIN,23.5883124649425
Gross capital formation (% of GDP),NE.GDI.TOTL.ZS,France,FRA,21.5978606152326
Gross capital formation (% of GDP),NE.GDI.TOTL.ZS,French Polynesia,PYF,18.3657938165901
Gross capital formation (% of GDP),NE.GDI.TOTL.ZS,Gabon,GAB,26.9822610431075
Gross capital formation (% of GDP),NE.GDI.TOTL.ZS,"Gambia, The",GMB,24.919934192266
Gross capital formation (% of GDP),NE.GDI.TOTL.ZS,Georgia,GEO,28.9031069953219
Gross capital formation (% of GDP),NE.GDI.TOTL.ZS,Germany,DEU,19.7122567843741
Gross capital formation (% of GDP),NE.GDI.TOTL.ZS,Ghana,GHA,25.4556554537134
Gross capital formation (% of GDP),NE.GDI.TOTL.ZS,Gibraltar,GIB,..
Gross capital formation (% of GDP),NE.GDI.TOTL.ZS,Greece,GRC,12.4680861540635
Gross capital formation (% of GDP),NE.GDI.TOTL.ZS,Greenland,GRL,24.4966719162409
Gross capital formation (% of GDP),NE.GDI.TOTL.ZS,Grenada,GRD,..
Gross capital formation (% of GDP),NE.GDI.TOTL.ZS,Guam,GUM,..
Gross capital formation (% of GDP),NE.GDI.TOTL.ZS,Guatemala,GTM,13.8619677416617
Gross capital formation (% of GDP),NE.GDI.TOTL.ZS,Guinea,GIN,52.6698445118375
Gross capital formation (% of GDP),NE.GDI.TOTL.ZS,Guinea-Bissau,GNB,17.6713587535475
Gross capital formation (% of GDP),NE.GDI.TOTL.ZS,Guyana,GUY,..
Gross capital formation (% of GDP),NE.GDI.TOTL.ZS,Haiti,HTI,13.5922278864188
Gross capital formation (% of GDP),NE.GDI.TOTL.ZS,Honduras,HND,23.3771285357634
Gross capital formation (% of GDP),NE.GDI.TOTL.ZS,"Hong Kong SAR, China",HKG,21.5074050489079
Gross capital formation (% of GDP),NE.GDI.TOTL.ZS,Hungary,HUN,22.0321821931455
Gross capital formation (% of GDP),NE.GDI.TOTL.ZS,Iceland,ISL,20.8155538899524
Gross capital formation (% of GDP),NE.GDI.TOTL.ZS,India,IND,30.172690580036
Gross capital formation (% of GDP),NE.GDI.TOTL.ZS,Indonesia,IDN,33.8587393039462
Gross capital formation (% of GDP),NE.GDI.TOTL.ZS,"Iran, Islamic Rep.",IRN,33.8794450615252
Gross capital formation (% of GDP),NE.GDI.TOTL.ZS,Iraq,IRQ,17.8772047937279
Gross capital formation (% of GDP),NE.GDI.TOTL.ZS,Ireland,IRL,35.6293704495612
Gross capital formation (% of GDP),NE.GDI.TOTL.ZS,Isle of Man,IMN,..
Gross capital formation (% of GDP),NE.GDI.TOTL.ZS,Israel,ISR,23.0646486702564
Gross capital formation (% of GDP),NE.GDI.TOTL.ZS,Italy,ITA,17.7118639941996
Gross capital formation (% of GDP),NE.GDI.TOTL.ZS,Jamaica,JAM,..
Gross capital formation (% of GDP),NE.GDI.TOTL.ZS,Japan,JPN,24.8355973184149
Gross capital formation (% of GDP),NE.GDI.TOTL.ZS,Jordan,JOR,23.4044187563796
Gross capital formation (% of GDP),NE.GDI.TOTL.ZS,Kazakhstan,KAZ,27.8275828886455
Gross capital formation (% of GDP),NE.GDI.TOTL.ZS,Kenya,KEN,19.3484358309332
Gross capital formation (% of GDP),NE.GDI.TOTL.ZS,Kiribati,KIR,29.9666237865772
Gross capital formation (% of GDP),NE.GDI.TOTL.ZS,"Korea, Dem. People's Rep.",PRK,..
Gross capital formation (% of GDP),NE.GDI.TOTL.ZS,"Korea, Rep.",KOR,29.9823963274728
Gross capital formation (% of GDP),NE.GDI.TOTL.ZS,Kosovo,XKX,33.5220002547509
Gross capital formation (% of GDP),NE.GDI.TOTL.ZS,Kuwait,KWT,29.9591125059994
Gross capital formation (% of GDP),NE.GDI.TOTL.ZS,Kyrgyz Republic,KGZ,33.9391792937351
Gross capital formation (% of GDP),NE.GDI.TOTL.ZS,Lao PDR,LAO,29.0076540961796
Gross capital formation (% of GDP),NE.GDI.TOTL.ZS,Latvia,LVA,21.7559480147378
Gross capital formation (% of GDP),NE.GDI.TOTL.ZS,Lebanon,LBN,23.1425713718061
Gross capital formation (% of GDP),NE.GDI.TOTL.ZS,Lesotho,LSO,28.7760063691053
Gross capital formation (% of GDP),NE.GDI.TOTL.ZS,Liberia,LBR,..
Gross capital formation (% of GDP),NE.GDI.TOTL.ZS,Libya,LBY,13.8004674607543
Gross capital formation (% of GDP),NE.GDI.TOTL.ZS,Liechtenstein,LIE,..
Gross capital formation (% of GDP),NE.GDI.TOTL.ZS,Lithuania,LTU,20.2876398712687
Gross capital formation (% of GDP),NE.GDI.TOTL.ZS,Luxembourg,LUX,17.9319132619894
Gross capital formation (% of GDP),NE.GDI.TOTL.ZS,"Macao SAR, China",MAC,21.8986528399403
Gross capital formation (% of GDP),NE.GDI.TOTL.ZS,North Macedonia,MKD,32.5096882119049
Gross capital formation (% of GDP),NE.GDI.TOTL.ZS,Madagascar,MDG,16.3659933895724
Gross capital formation (% of GDP),NE.GDI.TOTL.ZS,Malawi,MWI,..
Gross capital formation (% of GDP),NE.GDI.TOTL.ZS,Malaysia,MYS,25.9955119994004
Gross capital formation (% of GDP),NE.GDI.TOTL.ZS,Maldives,MDV,39.7662853405846
Gross capital formation (% of GDP),NE.GDI.TOTL.ZS,Mali,MLI,27.3161677115008
Gross capital formation (% of GDP),NE.GDI.TOTL.ZS,Malta,MLT,21.9401763037172
Gross capital formation (% of GDP),NE.GDI.TOTL.ZS,Marshall Islands,MHL,20.8306243805748
Gross capital formation (% of GDP),NE.GDI.TOTL.ZS,Mauritania,MRT,31.2776418660843
Gross capital formation (% of GDP),NE.GDI.TOTL.ZS,Mauritius,MUS,17.0515093773708
Gross capital formation (% of GDP),NE.GDI.TOTL.ZS,Mexico,MEX,24.3433923355958
Gross capital formation (% of GDP),NE.GDI.TOTL.ZS,"Micronesia, Fed. Sts.",FSM,..
Gross capital formation (% of GDP),NE.GDI.TOTL.ZS,Moldova,MDA,21.9868853235417
Gross capital formation (% of GDP),NE.GDI.TOTL.ZS,Monaco,MCO,..
Gross capital formation (% of GDP),NE.GDI.TOTL.ZS,Mongolia,MNG,22.6294099437432
Gross capital formation (% of GDP),NE.GDI.TOTL.ZS,Montenegro,MNE,24.9598939884942
Gross capital formation (% of GDP),NE.GDI.TOTL.ZS,Morocco,MAR,31.9579912798641
Gross capital formation (% of GDP),NE.GDI.TOTL.ZS,Mozambique,MOZ,46.2803958702032
Gross capital formation (% of GDP),NE.GDI.TOTL.ZS,Myanmar,MMR,..
Gross capital formation (% of GDP),NE.GDI.TOTL.ZS,Namibia,NAM,22.0299428254904
Gross capital formation (% of GDP),NE.GDI.TOTL.ZS,Nauru,NRU,..
Gross capital formation (% of GDP),NE.GDI.TOTL.ZS,Nepal,NPL,28.2409991995242
Gross capital formation (% of GDP),NE.GDI.TOTL.ZS,Netherlands,NLD,19.7764432256049
Gross capital formation (% of GDP),NE.GDI.TOTL.ZS,New Caledonia,NCL,29.2358447236138
Gross capital formation (% of GDP),NE.GDI.TOTL.ZS,New Zealand,NZL,23.1657261077796
Gross capital formation (% of GDP),NE.GDI.TOTL.ZS,Nicaragua,NIC,31.2003868955466
Gross capital formation (% of GDP),NE.GDI.TOTL.ZS,Niger,NER,27.5210696310413
Gross capital formation (% of GDP),NE.GDI.TOTL.ZS,Nigeria,NGA,..
Gross capital formation (% of GDP),NE.GDI.TOTL.ZS,Northern Mariana Islands,MNP,..
Gross capital formation (% of GDP),NE.GDI.TOTL.ZS,Norway,NOR,27.7264215581661
Gross capital formation (% of GDP),NE.GDI.TOTL.ZS,Oman,OMN,36.0864748848963
Gross capital formation (% of GDP),NE.GDI.TOTL.ZS,Pakistan,PAK,15.9357468463989
Gross capital formation (% of GDP),NE.GDI.TOTL.ZS,Palau,PLW,28.7378750670262
Gross capital formation (% of GDP),NE.GDI.TOTL.ZS,Panama,PAN,40.2623341033399
Gross capital formation (% of GDP),NE.GDI.TOTL.ZS,Papua New Guinea,PNG,..
Gross capital formation (% of GDP),NE.GDI.TOTL.ZS,Paraguay,PRY,19.806173956137
Gross capital formation (% of GDP),NE.GDI.TOTL.ZS,Peru,PER,22.0213133889585
Gross capital formation (% of GDP),NE.GDI.TOTL.ZS,Philippines,PHL,24.618503101685
Gross capital formation (% of GDP),NE.GDI.TOTL.ZS,Poland,POL,20.0873009067718
Gross capital formation (% of GDP),NE.GDI.TOTL.ZS,Portugal,PRT,16.0283624571119
Gross capital formation (% of GDP),NE.GDI.TOTL.ZS,Puerto Rico (US),PRI,8.07529852870562
Gross capital formation (% of GDP),NE.GDI.TOTL.ZS,Qatar,QAT,48.8690827894008
Gross capital formation (% of GDP),NE.GDI.TOTL.ZS,Romania,ROU,23.6646873522112
Gross capital formation (% of GDP),NE.GDI.TOTL.ZS,Russian Federation,RUS,23.0954224731096
Gross capital formation (% of GDP),NE.GDI.TOTL.ZS,Rwanda,RWA,25.8958453602119
Gross capital formation (% of GDP),NE.GDI.TOTL.ZS,Samoa,WSM,35.4648816749749
Gross capital formation (% of GDP),NE.GDI.TOTL.ZS,San Marino,SMR,15.7691979335881
Gross capital formation (% of GDP),NE.GDI.TOTL.ZS,Sao Tome and Principe,STP,..
Gross capital formation (% of GDP),NE.GDI.TOTL.ZS,Saudi Arabia,SAU,28.1170520868555
Gross capital formation (% of GDP),NE.GDI.TOTL.ZS,Senegal,SEN,25.3616730282266
Gross capital formation (% of GDP),NE.GDI.TOTL.ZS,Serbia,SRB,18.1669241245312
Gross capital formation (% of GDP),NE.GDI.TOTL.ZS,Seychelles,SYC,25.1347394249892
Gross capital formation (% of GDP),NE.GDI.TOTL.ZS,Sierra Leone,SLE,17.6618966541204
Gross capital formation (% of GDP),NE.GDI.TOTL.ZS,Singapore,SGP,26.3971777576543
Gross capital formation (% of GDP),NE.GDI.TOTL.ZS,Sint Maarten (Dutch part),SXM,..
Gross capital formation (% of GDP),NE.GDI.TOTL.ZS,Slovak Republic,SVK,24.5392697834922
Gross capital formation (% of GDP),NE.GDI.TOTL.ZS,Slovenia,SVN,18.8479088939625
Gross capital formation (% of GDP),NE.GDI.TOTL.ZS,Solomon Islands,SLB,17.2166308860163
Gross capital formation (% of GDP),NE.GDI.TOTL.ZS,"Somalia, Fed. Rep.",SOM,12.8456368959279
Gross capital formation (% of GDP),NE.GDI.TOTL.ZS,South Africa,ZAF,16.9604522948246
Gross capital formation (% of GDP),NE.GDI.TOTL.ZS,South Sudan,SSD,..
Gross capital formation (% of GDP),NE.GDI.TOTL.ZS,Spain,ESP,19.0611122143393
Gross capital formation (% of GDP),NE.GDI.TOTL.ZS,Sri Lanka,LKA,36.453044458329
Gross capital formation (% of GDP),NE.GDI.TOTL.ZS,St. Kitts and Nevis,KNA,..
Gross capital formation (% of GDP),NE.GDI.TOTL.ZS,St. Lucia,LCA,..
Gross capital formation (% of GDP),NE.GDI.TOTL.ZS,St. Martin (French part),MAF,..
Gross capital formation (% of GDP),NE.GDI.TOTL.ZS,St. Vincent and the Grenadines,VCT,..
Gross capital formation (% of GDP),NE.GDI.TOTL.ZS,Sudan,SDN,9.3059152625505
Gross capital formation (% of GDP),NE.GDI.TOTL.ZS,Suriname,SUR,..
Gross capital formation (% of GDP),NE.GDI.TOTL.ZS,Eswatini,SWZ,17.3577663965022
Gross capital formation (% of GDP),NE.GDI.TOTL.ZS,Sweden,SWE,24.3491111935187
Gross capital formation (% of GDP),NE.GDI.TOTL.ZS,Switzerland,CHE,25.561928395454
Gross capital formation (% of GDP),NE.GDI.TOTL.ZS,Syrian Arab Republic,SYR,..
Gross capital formation (% of GDP),NE.GDI.TOTL.ZS,Tajikistan,TJK,40.5223187316003
Gross capital formation (% of GDP),NE.GDI.TOTL.ZS,Tanzania,TZA,32.1747860509655
Gross capital formation (% of GDP),NE.GDI.TOTL.ZS,Thailand,THA,21.1054892015174
Gross capital formation (% of GDP),NE.GDI.TOTL.ZS,Timor-Leste,TLS,39.8487595941984
Gross capital formation (% of GDP),NE.GDI.TOTL.ZS,Togo,TGO,20.1572457451871
Gross capital formation (% of GDP),NE.GDI.TOTL.ZS,Tonga,TON,24.6899407124926
Gross capital formation (% of GDP),NE.GDI.TOTL.ZS,Trinidad and Tobago,TTO,19.554532751341
Gross capital formation (% of GDP),NE.GDI.TOTL.ZS,Tunisia,TUN,20.4750075823644
Gross capital formation (% of GDP),NE.GDI.TOTL.ZS,Turkiye,TUR,29.8288300175216
Gross capital formation (% of GDP),NE.GDI.TOTL.ZS,Turkmenistan,TKM,..
Gross capital formation (% of GDP),NE.GDI.TOTL.ZS,Turks and Caicos Islands,TCA,..
Gross capital formation (% of GDP),NE.GDI.TOTL.ZS,Tuvalu,TUV,..
Gross capital formation (% of GDP),NE.GDI.TOTL.ZS,Uganda,UGA,25.4152882648293
Gross capital formation (% of GDP),NE.GDI.TOTL.ZS,Ukraine,UKR,21.7241623615989
Gross capital formation (% of GDP),NE.GDI.TOTL.ZS,United Arab Emirates,ARE,20.9292537892622
Gross capital formation (% of GDP),NE.GDI.TOTL.ZS,United Kingdom,GBR,18.5956388685899
Gross capital formation (% of GDP),NE.GDI.TOTL.ZS,United States,USA,21.0106376645574
Gross capital formation (% of GDP),NE.GDI.TOTL.ZS,Uruguay,URY,17.3891577314177
Gross capital formation (% of GDP),NE.GDI.TOTL.ZS,Uzbekistan,UZB,25.7592542108704
Gross capital formation (% of GDP),NE.GDI.TOTL.ZS,Vanuatu,VUT,25.5704936446263
Gross capital formation (% of GDP),NE.GDI.TOTL.ZS,"Venezuela, RB",VEN,10.2452932078279
Gross capital formation (% of GDP),NE.GDI.TOTL.ZS,Viet Nam,VNM,31.7245390951042
Gross capital formation (% of GDP),NE.GDI.TOTL.ZS,Virgin Islands (U.S.),VIR,..
Gross capital formation (% of GDP),NE.GDI.TOTL.ZS,West Bank and Gaza,PSE,25.2528334220468
Gross capital formation (% of GDP),NE.GDI.TOTL.ZS,"Yemen, Rep.",YEM,1.42925784388708
Gross capital formation (% of GDP),NE.GDI.TOTL.ZS,Zambia,ZMB,38.2062329128451
Gross capital formation (% of GDP),NE.GDI.TOTL.ZS,Zimbabwe,ZWE,9.86174106545716
"Revenue, excluding grants (% of GDP)",GC.REV.XGRT.GD.ZS,Afghanistan,AFG,1.267800990371E-05
"Revenue, excluding grants (% of GDP)",GC.REV.XGRT.GD.ZS,Albania,ALB,2.40204329650426E-05
"Revenue, excluding grants (% of GDP)",GC.REV.XGRT.GD.ZS,Algeria,DZA,..
"Revenue, excluding grants (% of GDP)",GC.REV.XGRT.GD.ZS,American Samoa,ASM,..
"Revenue, excluding grants (% of GDP)",GC.REV.XGRT.GD.ZS,Andorra,AND,..
"Revenue, excluding grants (% of GDP)",GC.REV.XGRT.GD.ZS,Angola,AGO,1.38523290189674E-08
"Revenue, excluding grants (% of GDP)",GC.REV.XGRT.GD.ZS,Antigua and Barbuda,ATG,..
"Revenue, excluding grants (% of GDP)",GC.REV.XGRT.GD.ZS,Argentina,ARG,2.12567013071388E-05
"Revenue, excluding grants (% of GDP)",GC.REV.XGRT.GD.ZS,Armenia,ARM,2.28347288987701E-08
"Revenue, excluding grants (% of GDP)",GC.REV.XGRT.GD.ZS,Aruba,ABW,..
"Revenue, excluding grants (% of GDP)",GC.REV.XGRT.GD.ZS,Australia,AUS,2.47656119982625E-08
"Revenue, excluding grants (% of GDP)",GC.REV.XGRT.GD.ZS,Austria,AUT,4.40859644565007E-05
"Revenue, excluding grants (% of GDP)",GC.REV.XGRT.GD.ZS,Azerbaijan,AZE,3.49198678696968E-05
"Revenue, excluding grants (% of GDP)",GC.REV.XGRT.GD.ZS,"Bahamas, The",BHS,1.67435935240596E-05
"Revenue, excluding grants (% of GDP)",GC.REV.XGRT.GD.ZS,Bahrain,BHR,1.46728962944562E-05
"Revenue, excluding grants (% of GDP)",GC.REV.XGRT.GD.ZS,Bangladesh,BGD,8.52279611186147E-09
"Revenue, excluding grants (% of GDP)",GC.REV.XGRT.GD.ZS,Barbados,BRB,2.52273067617101E-05
"Revenue, excluding grants (% of GDP)",GC.REV.XGRT.GD.ZS,Belarus,BLR,2.89426479552181E-05
"Revenue, excluding grants (% of GDP)",GC.REV.XGRT.GD.ZS,Belgium,BEL,3.85059202911962E-05
"Revenue, excluding grants (% of GDP)",GC.REV.XGRT.GD.ZS,Belize,BLZ,2.2402981893079E-05
"Revenue, excluding grants (% of GDP)",GC.REV.XGRT.GD.ZS,Benin,BEN,..
"Revenue, excluding grants (% of GDP)",GC.REV.XGRT.GD.ZS,Bermuda,BMU,..
"Revenue, excluding grants (% of GDP)",GC.REV.XGRT.GD.ZS,Bhutan,BTN,1.72190894098346E-05
"Revenue, excluding grants (% of GDP)",GC.REV.XGRT.GD.ZS,Bolivia,BOL,..
"Revenue, excluding grants (% of GDP)",GC.REV.XGRT.GD.ZS,Bosnia and Herzegovina,BIH,3.76865280367733E-05
"Revenue, excluding grants (% of GDP)",GC.REV.XGRT.GD.ZS,Botswana,BWA,3.47739399743256E-05
"Revenue, excluding grants (% of GDP)",GC.REV.XGRT.GD.ZS,Brazil,BRA,2.61732253878481E-08
"Revenue, excluding grants (% of GDP)",GC.REV.XGRT.GD.ZS,British Virgin Islands,VGB,..
"Revenue, excluding grants (% of GDP)",GC.REV.XGRT.GD.ZS,Brunei Darussalam,BRN,..
"Revenue, excluding grants (% of GDP)",GC.REV.XGRT.GD.ZS,Bulgaria,BGR,3.21690408687145E-05
"Revenue, excluding grants (% of GDP)",GC.REV.XGRT.GD.ZS,Burkina Faso,BFA,1.61772531489629E-08
"Revenue, excluding grants (% of GDP)",GC.REV.XGRT.GD.ZS,Burundi,BDI,1.50173672044376E-08
"Revenue, excluding grants (% of GDP)",GC.REV.XGRT.GD.ZS,Cabo Verde,CPV,1.97921439913298E-05
"Revenue, excluding grants (% of GDP)",GC.REV.XGRT.GD.ZS,Cambodia,KHM,1.30895413607509E-08
"Revenue, excluding grants (% of GDP)",GC.REV.XGRT.GD.ZS,Cameroon,CMR,1.45180049310914E-08
"Revenue, excluding grants (% of GDP)",GC.REV.XGRT.GD.ZS,Canada,CAN,1.78650755134574E-05
"Revenue, excluding grants (% of GDP)",GC.REV.XGRT.GD.ZS,Cayman Islands,CYM,..
"Revenue, excluding grants (% of GDP)",GC.REV.XGRT.GD.ZS,Central African Republic,CAF,7.300229997522E-06
"Revenue, excluding grants (% of GDP)",GC.REV.XGRT.GD.ZS,Chad,TCD,..
"Revenue, excluding grants (% of GDP)",GC.REV.XGRT.GD.ZS,Channel Islands,CHI,..
"Revenue, excluding grants (% of GDP)",GC.REV.XGRT.GD.ZS,Chile,CHL,2.08570992768314E-08
"Revenue, excluding grants (% of GDP)",GC.REV.XGRT.GD.ZS,China,CHN,1.53260734925308E-08
"Revenue, excluding grants (% of GDP)",GC.REV.XGRT.GD.ZS,Colombia,COL,2.42234212822217E-08
"Revenue, excluding grants (% of GDP)",GC.REV.XGRT.GD.ZS,Comoros,COM,..
"Revenue, excluding grants (% of GDP)",GC.REV.XGRT.GD.ZS,"Congo, Dem. Rep.",COD,8.91022315714011E-09
"Revenue, excluding grants (% of GDP)",GC.REV.XGRT.GD.ZS,"Congo, Rep.",COG,1.94852908143228E-08
"Revenue, excluding grants (% of GDP)",GC.REV.XGRT.GD.ZS,Costa Rica,CRI,2.40079934601382E-08
"Revenue, excluding grants (% of GDP)",GC.REV.XGRT.GD.ZS,Cote d'Ivoire,CIV,1.17312326393918E-08
"Revenue, excluding grants (% of GDP)",GC.REV.XGRT.GD.ZS,Croatia,HRV,3.86089462020441E-05
"Revenue, excluding grants (% of GDP)",GC.REV.XGRT.GD.ZS,Cuba,CUB,..
"Revenue, excluding grants (% of GDP)",GC.REV.XGRT.GD.ZS,Curacao,CUW,..
"Revenue, excluding grants (% of GDP)",GC.REV.XGRT.GD.ZS,Cyprus,CYP,3.83242374913063E-05
"Revenue, excluding grants (% of GDP)",GC.REV.XGRT.GD.ZS,Czechia,CZE,3.14907403010099E-08
"Revenue, excluding grants (% of GDP)",GC.REV.XGRT.GD.ZS,Denmark,DNK,3.80360359648306E-08
"Revenue, excluding grants (% of GDP)",GC.REV.XGRT.GD.ZS,Djibouti,DJI,..
"Revenue, excluding grants (% of GDP)",GC.REV.XGRT.GD.ZS,Dominica,DMA,..
"Revenue, excluding grants (% of GDP)",GC.REV.XGRT.GD.ZS,Dominican Republic,DOM,1.48272975668341E-08
"Revenue, excluding grants (% of GDP)",GC.REV.XGRT.GD.ZS,Ecuador,ECU,2.86412079559639E-05
"Revenue, excluding grants (% of GDP)",GC.REV.XGRT.GD.ZS,"Egypt, Arab Rep.",EGY,..
"Revenue, excluding grants (% of GDP)",GC.REV.XGRT.GD.ZS,El Salvador,SLV,2.36888663981418E-05
"Revenue, excluding grants (% of GDP)",GC.REV.XGRT.GD.ZS,Equatorial Guinea,GNQ,1.68112858378161E-08
"Revenue, excluding grants (% of GDP)",GC.REV.XGRT.GD.ZS,Eritrea,ERI,..
"Revenue, excluding grants (% of GDP)",GC.REV.XGRT.GD.ZS,Estonia,EST,3.54410497581252E-05
"Revenue, excluding grants (% of GDP)",GC.REV.XGRT.GD.ZS,Ethiopia,ETH,9.35821730559491E-06
"Revenue, excluding grants (% of GDP)",GC.REV.XGRT.GD.ZS,Faroe Islands,FRO,..
"Revenue, excluding grants (% of GDP)",GC.REV.XGRT.GD.ZS,Fiji,FJI,2.5697964039251E-05
"Revenue, excluding grants (% of GDP)",GC.REV.XGRT.GD.ZS,Finland,FIN,3.79719725380939E-05
"Revenue, excluding grants (% of GDP)",GC.REV.XGRT.GD.ZS,France,FRA,4.44509842015877E-08
"Revenue, excluding grants (% of GDP)",GC.REV.XGRT.GD.ZS,French Polynesia,PYF,..
"Revenue, excluding grants (% of GDP)",GC.REV.XGRT.GD.ZS,Gabon,GAB,1.73920605706899E-08
"Revenue, excluding grants (% of GDP)",GC.REV.XGRT.GD.ZS,"Gambia, The",GMB,..
"Revenue, excluding grants (% of GDP)",GC.REV.XGRT.GD.ZS,Georgia,GEO,2.78302738489317E-05
"Revenue, excluding grants (% of GDP)",GC.REV.XGRT.GD.ZS,Germany,DEU,2.88217362865039E-08
"Revenue, excluding grants (% of GDP)",GC.REV.XGRT.GD.ZS,Ghana,GHA,1.4158943435454E-05
"Revenue, excluding grants (% of GDP)",GC.REV.XGRT.GD.ZS,Gibraltar,GIB,..
"Revenue, excluding grants (% of GDP)",GC.REV.XGRT.GD.ZS,Greece,GRC,4.63937185703594E-05
"Revenue, excluding grants (% of GDP)",GC.REV.XGRT.GD.ZS,Greenland,GRL,..
"Revenue, excluding grants (% of GDP)",GC.REV.XGRT.GD.ZS,Grenada,GRD,..
"Revenue, excluding grants (% of GDP)",GC.REV.XGRT.GD.ZS,Guam,GUM,..
"Revenue, excluding grants (% of GDP)",GC.REV.XGRT.GD.ZS,Guatemala,GTM,1.19784847034266E-05
"Revenue, excluding grants (% of GDP)",GC.REV.XGRT.GD.ZS,Guinea,GIN,..
"Revenue, excluding grants (% of GDP)",GC.REV.XGRT.GD.ZS,Guinea-Bissau,GNB,..
"Revenue, excluding grants (% of GDP)",GC.REV.XGRT.GD.ZS,Guyana,GUY,..
"Revenue, excluding grants (% of GDP)",GC.REV.XGRT.GD.ZS,Haiti,HTI,..
"Revenue, excluding grants (% of GDP)",GC.REV.XGRT.GD.ZS,Honduras,HND,..
"Revenue, excluding grants (% of GDP)",GC.REV.XGRT.GD.ZS,"Hong Kong SAR, China",HKG,..
"Revenue, excluding grants (% of GDP)",GC.REV.XGRT.GD.ZS,Hungary,HUN,4.04933311828894E-08
"Revenue, excluding grants (% of GDP)",GC.REV.XGRT.GD.ZS,Iceland,ISL,4.73067430377658E-08
"Revenue, excluding grants (% of GDP)",GC.REV.XGRT.GD.ZS,India,IND,1.28510169890546E-08
"Revenue, excluding grants (% of GDP)",GC.REV.XGRT.GD.ZS,Indonesia,IDN,..
"Revenue, excluding grants (% of GDP)",GC.REV.XGRT.GD.ZS,"Iran, Islamic Rep.",IRN,..
"Revenue, excluding grants (% of GDP)",GC.REV.XGRT.GD.ZS,Iraq,IRQ,2.75845069887305E-08
"Revenue, excluding grants (% of GDP)",GC.REV.XGRT.GD.ZS,Ireland,IRL,2.56859421608947E-05
"Revenue, excluding grants (% of GDP)",GC.REV.XGRT.GD.ZS,Isle of Man,IMN,..
"Revenue, excluding grants (% of GDP)",GC.REV.XGRT.GD.ZS,Israel,ISR,3.15501933208396E-05
"Revenue, excluding grants (% of GDP)",GC.REV.XGRT.GD.ZS,Italy,ITA,3.98892763245145E-08
"Revenue, excluding grants (% of GDP)",GC.REV.XGRT.GD.ZS,Jamaica,JAM,2.68205974811553E-08
"Revenue, excluding grants (% of GDP)",GC.REV.XGRT.GD.ZS,Japan,JPN,..
"Revenue, excluding grants (% of GDP)",GC.REV.XGRT.GD.ZS,Jordan,JOR,2.20087683212616E-05
"Revenue, excluding grants (% of GDP)",GC.REV.XGRT.GD.ZS,Kazakhstan,KAZ,1.3747856002674E-08
"Revenue, excluding grants (% of GDP)",GC.REV.XGRT.GD.ZS,Kenya,KEN,1.90657755300719E-08
"Revenue, excluding grants (% of GDP)",GC.REV.XGRT.GD.ZS,Kiribati,KIR,0.0799338909511441
"Revenue, excluding grants (% of GDP)",GC.REV.XGRT.GD.ZS,"Korea, Dem. People's Rep.",PRK,..
"Revenue, excluding grants (% of GDP)",GC.REV.XGRT.GD.ZS,"Korea, Rep.",KOR,2.44609578618772E-11
"Revenue, excluding grants (% of GDP)",GC.REV.XGRT.GD.ZS,Kosovo,XKX,..
"Revenue, excluding grants (% of GDP)",GC.REV.XGRT.GD.ZS,Kuwait,KWT,..
"Revenue, excluding grants (% of GDP)",GC.REV.XGRT.GD.ZS,Kyrgyz Republic,KGZ,2.81308467721619E-05
"Revenue, excluding grants (% of GDP)",GC.REV.XGRT.GD.ZS,Lao PDR,LAO,1.46965906311156E-08
"Revenue, excluding grants (% of GDP)",GC.REV.XGRT.GD.ZS,Latvia,LVA,2.98586049719461E-05
"Revenue, excluding grants (% of GDP)",GC.REV.XGRT.GD.ZS,Lebanon,LBN,1.77400851322845E-08
"Revenue, excluding grants (% of GDP)",GC.REV.XGRT.GD.ZS,Lesotho,LSO,3.54153992233639E-05
"Revenue, excluding grants (% of GDP)",GC.REV.XGRT.GD.ZS,Liberia,LBR,..
"Revenue, excluding grants (% of GDP)",GC.REV.XGRT.GD.ZS,Libya,LBY,..
"Revenue, excluding grants (% of GDP)",GC.REV.XGRT.GD.ZS,Liechtenstein,LIE,..
"Revenue, excluding grants (% of GDP)",GC.REV.XGRT.GD.ZS,Lithuania,LTU,3.17748038314408E-05
"Revenue, excluding grants (% of GDP)",GC.REV.XGRT.GD.ZS,Luxembourg,LUX,3.95213156943946E-05
"Revenue, excluding grants (% of GDP)",GC.REV.XGRT.GD.ZS,"Macao SAR, China",MAC,3.03056660278111E-05
"Revenue, excluding grants (% of GDP)",GC.REV.XGRT.GD.ZS,North Macedonia,MKD,2.64266581396952E-05
"Revenue, excluding grants (% of GDP)",GC.REV.XGRT.GD.ZS,Madagascar,MDG,1.00501781607407E-08
"Revenue, excluding grants (% of GDP)",GC.REV.XGRT.GD.ZS,Malawi,MWI,1.11687741539547E-08
"Revenue, excluding grants (% of GDP)",GC.REV.XGRT.GD.ZS,Malaysia,MYS,1.69977908273231E-05
"Revenue, excluding grants (% of GDP)",GC.REV.XGRT.GD.ZS,Maldives,MDV,2.69559744674186E-05
"Revenue, excluding grants (% of GDP)",GC.REV.XGRT.GD.ZS,Mali,MLI,1.34432280356057E-08
"Revenue, excluding grants (% of GDP)",GC.REV.XGRT.GD.ZS,Malta,MLT,3.61052607302714E-05
"Revenue, excluding grants (% of GDP)",GC.REV.XGRT.GD.ZS,Marshall Islands,MHL,0.0313977760158573
"Revenue, excluding grants (% of GDP)",GC.REV.XGRT.GD.ZS,Mauritania,MRT,..
"Revenue, excluding grants (% of GDP)",GC.REV.XGRT.GD.ZS,Mauritius,MUS,2.19084045678294E-05
"Revenue, excluding grants (% of GDP)",GC.REV.XGRT.GD.ZS,Mexico,MEX,1.91915888767099E-05
"Revenue, excluding grants (% of GDP)",GC.REV.XGRT.GD.ZS,"Micronesia, Fed. Sts.",FSM,0.0277505412307692
"Revenue, excluding grants (% of GDP)",GC.REV.XGRT.GD.ZS,Moldova,MDA,2.57144155907706E-05
"Revenue, excluding grants (% of GDP)",GC.REV.XGRT.GD.ZS,Monaco,MCO,..
"Revenue, excluding grants (% of GDP)",GC.REV.XGRT.GD.ZS,Mongolia,MNG,2.11456921230939E-08
"Revenue, excluding grants (% of GDP)",GC.REV.XGRT.GD.ZS,Montenegro,MNE,..
"Revenue, excluding grants (% of GDP)",GC.REV.XGRT.GD.ZS,Morocco,MAR,2.33285547256612E-05
"Revenue, excluding grants (% of GDP)",GC.REV.XGRT.GD.ZS,Mozambique,MOZ,2.13937577828951E-05
"Revenue, excluding grants (% of GDP)",GC.REV.XGRT.GD.ZS,Myanmar,MMR,1.67898357483953E-08
"Revenue, excluding grants (% of GDP)",GC.REV.XGRT.GD.ZS,Namibia,NAM,3.10662242067809E-05
"Revenue, excluding grants (% of GDP)",GC.REV.XGRT.GD.ZS,Nauru,NRU,9.38404129104478E-05
"Revenue, excluding grants (% of GDP)",GC.REV.XGRT.GD.ZS,Nepal,NPL,1.85759336570249E-05
"Revenue, excluding grants (% of GDP)",GC.REV.XGRT.GD.ZS,Netherlands,NLD,3.94819314749887E-05
"Revenue, excluding grants (% of GDP)",GC.REV.XGRT.GD.ZS,New Caledonia,NCL,..
"Revenue, excluding grants (% of GDP)",GC.REV.XGRT.GD.ZS,New Zealand,NZL,3.23409240668956E-05
"Revenue, excluding grants (% of GDP)",GC.REV.XGRT.GD.ZS,Nicaragua,NIC,1.73827290426753E-05
"Revenue, excluding grants (% of GDP)",GC.REV.XGRT.GD.ZS,Niger,NER,..
"Revenue, excluding grants (% of GDP)",GC.REV.XGRT.GD.ZS,Nigeria,NGA,..
"Revenue, excluding grants (% of GDP)",GC.REV.XGRT.GD.ZS,Northern Mariana Islands,MNP,..
"Revenue, excluding grants (% of GDP)",GC.REV.XGRT.GD.ZS,Norway,NOR,4.51821625880326E-08
"Revenue, excluding grants (% of GDP)",GC.REV.XGRT.GD.ZS,Oman,OMN,..
"Revenue, excluding grants (% of GDP)",GC.REV.XGRT.GD.ZS,Pakistan,PAK,..
"Revenue, excluding grants (% of GDP)",GC.REV.XGRT.GD.ZS,Palau,PLW,0.024719242429724
"Revenue, excluding grants (% of GDP)",GC.REV.XGRT.GD.ZS,Panama,PAN,1.26851464174451E-05
"Revenue, excluding grants (% of GDP)",GC.REV.XGRT.GD.ZS,Papua New Guinea,PNG,1.39232871020413E-05
"Revenue, excluding grants (% of GDP)",GC.REV.XGRT.GD.ZS,Paraguay,PRY,1.68648796626492E-08
"Revenue, excluding grants (% of GDP)",GC.REV.XGRT.GD.ZS,Peru,PER,1.82765652241581E-05
"Revenue, excluding grants (% of GDP)",GC.REV.XGRT.GD.ZS,Philippines,PHL,1.45097320228406E-08
"Revenue, excluding grants (% of GDP)",GC.REV.XGRT.GD.ZS,Poland,POL,3.28126112028125E-05
"Revenue, excluding grants (% of GDP)",GC.REV.XGRT.GD.ZS,Portugal,PRT,3.72639343776862E-05
"Revenue, excluding grants (% of GDP)",GC.REV.XGRT.GD.ZS,Puerto Rico (US),PRI,..
"Revenue, excluding grants (% of GDP)",GC.REV.XGRT.GD.ZS,Qatar,QAT,..
"Revenue, excluding grants (% of GDP)",GC.REV.XGRT.GD.ZS,Romania,ROU,3.01447052108474E-05
"Revenue, excluding grants (% of GDP)",GC.REV.XGRT.GD.ZS,Russian Federation,RUS,2.42684308208386E-08
"Revenue, excluding grants (% of GDP)",GC.REV.XGRT.GD.ZS,Rwanda,RWA,2.00240726339695E-08
"Revenue, excluding grants (% of GDP)",GC.REV.XGRT.GD.ZS,Samoa,WSM,0.0288003811968643
"Revenue, excluding grants (% of GDP)",GC.REV.XGRT.GD.ZS,San Marino,SMR,4.23911886715764E-05
"Revenue, excluding grants (% of GDP)",GC.REV.XGRT.GD.ZS,Sao Tome and Principe,STP,..
"Revenue, excluding grants (% of GDP)",GC.REV.XGRT.GD.ZS,Saudi Arabia,SAU,2.00963081215631E-08
"Revenue, excluding grants (% of GDP)",GC.REV.XGRT.GD.ZS,Senegal,SEN,2.08189569523218E-08
"Revenue, excluding grants (% of GDP)",GC.REV.XGRT.GD.ZS,Serbia,SRB,3.83245677810821E-08
"Revenue, excluding grants (% of GDP)",GC.REV.XGRT.GD.ZS,Seychelles,SYC,..
"Revenue, excluding grants (% of GDP)",GC.REV.XGRT.GD.ZS,Sierra Leone,SLE,..
"Revenue, excluding grants (% of GDP)",GC.REV.XGRT.GD.ZS,Singapore,SGP,1.84319139446154E-05
"Revenue, excluding grants (% of GDP)",GC.REV.XGRT.GD.ZS,Sint Maarten (Dutch part),SXM,..
"Revenue, excluding grants (% of GDP)",GC.REV.XGRT.GD.ZS,Slovak Republic,SVK,3.55755211921731E-05
"Revenue, excluding grants (% of GDP)",GC.REV.XGRT.GD.ZS,Slovenia,SVN,4.26928843776503E-05
"Revenue, excluding grants (% of GDP)",GC.REV.XGRT.GD.ZS,Solomon Islands,SLB,2.75713499257654E-05
"Revenue, excluding grants (% of GDP)",GC.REV.XGRT.GD.ZS,"Somalia, Fed. Rep.",SOM,..
"Revenue, excluding grants (% of GDP)",GC.REV.XGRT.GD.ZS,South Africa,ZAF,2.90406590055608E-08
"Revenue, excluding grants (% of GDP)",GC.REV.XGRT.GD.ZS,South Sudan,SSD,..
"Revenue, excluding grants (% of GDP)",GC.REV.XGRT.GD.ZS,Spain,ESP,2.71288470631817E-08
"Revenue, excluding grants (% of GDP)",GC.REV.XGRT.GD.ZS,Sri Lanka,LKA,1.31558457987543E-08
"Revenue, excluding grants (% of GDP)",GC.REV.XGRT.GD.ZS,St. Kitts and Nevis,KNA,2.81318859186068E-05
"Revenue, excluding grants (% of GDP)",GC.REV.XGRT.GD.ZS,St. Lucia,LCA,2.01305432828484E-05
"Revenue, excluding grants (% of GDP)",GC.REV.XGRT.GD.ZS,St. Martin (French part),MAF,..
"Revenue, excluding grants (% of GDP)",GC.REV.XGRT.GD.ZS,St. Vincent and the Grenadines,VCT,2.69523610264621E-05
"Revenue, excluding grants (% of GDP)",GC.REV.XGRT.GD.ZS,Sudan,SDN,8.77413482505213E-06
"Revenue, excluding grants (% of GDP)",GC.REV.XGRT.GD.ZS,Suriname,SUR,..
"Revenue, excluding grants (% of GDP)",GC.REV.XGRT.GD.ZS,Eswatini,SWZ,2.52664783140127E-05
"Revenue, excluding grants (% of GDP)",GC.REV.XGRT.GD.ZS,Sweden,SWE,3.41274507996151E-08
"Revenue, excluding grants (% of GDP)",GC.REV.XGRT.GD.ZS,Switzerland,CHE,1.7450134882961E-05
"Revenue, excluding grants (% of GDP)",GC.REV.XGRT.GD.ZS,Syrian Arab Republic,SYR,..
"Revenue, excluding grants (% of GDP)",GC.REV.XGRT.GD.ZS,Tajikistan,TJK,..
"Revenue, excluding grants (% of GDP)",GC.REV.XGRT.GD.ZS,Tanzania,TZA,1.24026980577624E-08
"Revenue, excluding grants (% of GDP)",GC.REV.XGRT.GD.ZS,Thailand,THA,2.05484735970389E-08
"Revenue, excluding grants (% of GDP)",GC.REV.XGRT.GD.ZS,Timor-Leste,TLS,4.72205853997299E-05
"Revenue, excluding grants (% of GDP)",GC.REV.XGRT.GD.ZS,Togo,TGO,1.46929766207646E-08
"Revenue, excluding grants (% of GDP)",GC.REV.XGRT.GD.ZS,Tonga,TON,2.39322380104693E-05
"Revenue, excluding grants (% of GDP)",GC.REV.XGRT.GD.ZS,Trinidad and Tobago,TTO,3.12390699061461E-05
"Revenue, excluding grants (% of GDP)",GC.REV.XGRT.GD.ZS,Tunisia,TUN,..
"Revenue, excluding grants (% of GDP)",GC.REV.XGRT.GD.ZS,Turkiye,TUR,3.09443928114178E-08
"Revenue, excluding grants (% of GDP)",GC.REV.XGRT.GD.ZS,Turkmenistan,TKM,..
"Revenue, excluding grants (% of GDP)",GC.REV.XGRT.GD.ZS,Turks and Caicos Islands,TCA,..
"Revenue, excluding grants (% of GDP)",GC.REV.XGRT.GD.ZS,Tuvalu,TUV,..
"Revenue, excluding grants (% of GDP)",GC.REV.XGRT.GD.ZS,Uganda,UGA,1.19616232810417E-08
"Revenue, excluding grants (% of GDP)",GC.REV.XGRT.GD.ZS,Ukraine,UKR,3.12027331643307E-05
"Revenue, excluding grants (% of GDP)",GC.REV.XGRT.GD.ZS,United Arab Emirates,ARE,3.7708262004086E-06
"Revenue, excluding grants (% of GDP)",GC.REV.XGRT.GD.ZS,United Kingdom,GBR,3.3389765831735E-08
"Revenue, excluding grants (% of GDP)",GC.REV.XGRT.GD.ZS,United States,USA,1.86497171879137E-08
"Revenue, excluding grants (% of GDP)",GC.REV.XGRT.GD.ZS,Uruguay,URY,3.31100434313663E-05
"Revenue, excluding grants (% of GDP)",GC.REV.XGRT.GD.ZS,Uzbekistan,UZB,1.97287802715406E-08
"Revenue, excluding grants (% of GDP)",GC.REV.XGRT.GD.ZS,Vanuatu,VUT,2.25030074900572E-05
"Revenue, excluding grants (% of GDP)",GC.REV.XGRT.GD.ZS,"Venezuela, RB",VEN,..
"Revenue, excluding grants (% of GDP)",GC.REV.XGRT.GD.ZS,Viet Nam,VNM,..
"Revenue, excluding grants (% of GDP)",GC.REV.XGRT.GD.ZS,Virgin Islands (U.S.),VIR,..
"Revenue, excluding grants (% of GDP)",GC.REV.XGRT.GD.ZS,West Bank and Gaza,PSE,..
"Revenue, excluding grants (% of GDP)",GC.REV.XGRT.GD.ZS,"Yemen, Rep.",YEM,..
"Revenue, excluding grants (% of GDP)",GC.REV.XGRT.GD.ZS,Zambia,ZMB,1.813243574767E-05
"Revenue, excluding grants (% of GDP)",GC.REV.XGRT.GD.ZS,Zimbabwe,ZWE,1.71946521196172E-05
Market capitalization of listed domestic companies (% of GDP),CM.MKT.LCAP.GD.ZS,Afghanistan,AFG,..
Market capitalization of listed domestic companies (% of GDP),CM.MKT.LCAP.GD.ZS,Albania,ALB,..
Market capitalization of listed domestic companies (% of GDP),CM.MKT.LCAP.GD.ZS,Algeria,DZA,0.229127480378834
Market capitalization of listed domestic companies (% of GDP),CM.MKT.LCAP.GD.ZS,American Samoa,ASM,..
Market capitalization of listed domestic companies (% of GDP),CM.MKT.LCAP.GD.ZS,Andorra,AND,..
Market capitalization of listed domestic companies (% of GDP),CM.MKT.LCAP.GD.ZS,Angola,AGO,..
Market capitalization of listed domestic companies (% of GDP),CM.MKT.LCAP.GD.ZS,Antigua and Barbuda,ATG,..
Market capitalization of listed domestic companies (% of GDP),CM.MKT.LCAP.GD.ZS,Argentina,ARG,11.4076106061133
Market capitalization of listed domestic companies (% of GDP),CM.MKT.LCAP.GD.ZS,Armenia,ARM,..
Market capitalization of listed domestic companies (% of GDP),CM.MKT.LCAP.GD.ZS,Aruba,ABW,..
Market capitalization of listed domestic companies (% of GDP),CM.MKT.LCAP.GD.ZS,Australia,AUS,104.696759321256
Market capitalization of listed domestic companies (% of GDP),CM.MKT.LCAP.GD.ZS,Austria,AUT,30.7291374574845
Market capitalization of listed domestic companies (% of GDP),CM.MKT.LCAP.GD.ZS,Azerbaijan,AZE,..
Market capitalization of listed domestic companies (% of GDP),CM.MKT.LCAP.GD.ZS,"Bahamas, The",BHS,..
Market capitalization of listed domestic companies (% of GDP),CM.MKT.LCAP.GD.ZS,Bahrain,BHR,57.235890609995
Market capitalization of listed domestic companies (% of GDP),CM.MKT.LCAP.GD.ZS,Bangladesh,BGD,26.5508730809515
Market capitalization of listed domestic companies (% of GDP),CM.MKT.LCAP.GD.ZS,Barbados,BRB,54.5680752828393
Market capitalization of listed domestic companies (% of GDP),CM.MKT.LCAP.GD.ZS,Belarus,BLR,2.59567890788739
Market capitalization of listed domestic companies (% of GDP),CM.MKT.LCAP.GD.ZS,Belgium,BEL,79.7315946747612
Market capitalization of listed domestic companies (% of GDP),CM.MKT.LCAP.GD.ZS,Belize,BLZ,..
Market capitalization of listed domestic companies (% of GDP),CM.MKT.LCAP.GD.ZS,Benin,BEN,..
Market capitalization of listed domestic companies (% of GDP),CM.MKT.LCAP.GD.ZS,Bermuda,BMU,36.5458141628288
Market capitalization of listed domestic companies (% of GDP),CM.MKT.LCAP.GD.ZS,Bhutan,BTN,..
Market capitalization of listed domestic companies (% of GDP),CM.MKT.LCAP.GD.ZS,Bolivia,BOL,..
Market capitalization of listed domestic companies (% of GDP),CM.MKT.LCAP.GD.ZS,Bosnia and Herzegovina,BIH,..
Market capitalization of listed domestic companies (% of GDP),CM.MKT.LCAP.GD.ZS,Botswana,BWA,..
Market capitalization of listed domestic companies (% of GDP),CM.MKT.LCAP.GD.ZS,Brazil,BRA,42.243234543327
Market capitalization of listed domestic companies (% of GDP),CM.MKT.LCAP.GD.ZS,British Virgin Islands,VGB,..
Market capitalization of listed domestic companies (% of GDP),CM.MKT.LCAP.GD.ZS,Brunei Darussalam,BRN,..
Market capitalization of listed domestic companies (% of GDP),CM.MKT.LCAP.GD.ZS,Bulgaria,BGR,..
Market capitalization of listed domestic companies (% of GDP),CM.MKT.LCAP.GD.ZS,Burkina Faso,BFA,..
Market capitalization of listed domestic companies (% of GDP),CM.MKT.LCAP.GD.ZS,Burundi,BDI,..
Market capitalization of listed domestic companies (% of GDP),CM.MKT.LCAP.GD.ZS,Cabo Verde,CPV,..
Market capitalization of listed domestic companies (% of GDP),CM.MKT.LCAP.GD.ZS,Cambodia,KHM,..
Market capitalization of listed domestic companies (% of GDP),CM.MKT.LCAP.GD.ZS,Cameroon,CMR,..
Market capitalization of listed domestic companies (% of GDP),CM.MKT.LCAP.GD.ZS,Canada,CAN,130.466596582731
Market capitalization of listed domestic companies (% of GDP),CM.MKT.LCAP.GD.ZS,Cayman Islands,CYM,..
Market capitalization of listed domestic companies (% of GDP),CM.MKT.LCAP.GD.ZS,Central African Republic,CAF,..
Market capitalization of listed domestic companies (% of GDP),CM.MKT.LCAP.GD.ZS,Chad,TCD,..
Market capitalization of listed domestic companies (% of GDP),CM.MKT.LCAP.GD.ZS,Channel Islands,CHI,..
Market capitalization of listed domestic companies (% of GDP),CM.MKT.LCAP.GD.ZS,Chile,CHL,85.2152277842727
Market capitalization of listed domestic companies (% of GDP),CM.MKT.LCAP.GD.ZS,China,CHN,63.9029590501553
Market capitalization of listed domestic companies (% of GDP),CM.MKT.LCAP.GD.ZS,Colombia,COL,36.7213432955425
Market capitalization of listed domestic companies (% of GDP),CM.MKT.LCAP.GD.ZS,Comoros,COM,..
Market capitalization of listed domestic companies (% of GDP),CM.MKT.LCAP.GD.ZS,"Congo, Dem. Rep.",COD,..
Market capitalization of listed domestic companies (% of GDP),CM.MKT.LCAP.GD.ZS,"Congo, Rep.",COG,..
Market capitalization of listed domestic companies (% of GDP),CM.MKT.LCAP.GD.ZS,Costa Rica,CRI,4.95827999336993
Market capitalization of listed domestic companies (% of GDP),CM.MKT.LCAP.GD.ZS,Cote d'Ivoire,CIV,25.5406546882353
Market capitalization of listed domestic companies (% of GDP),CM.MKT.LCAP.GD.ZS,Croatia,HRV,38.329603534201
Market capitalization of listed domestic companies (% of GDP),CM.MKT.LCAP.GD.ZS,Cuba,CUB,..
Market capitalization of listed domestic companies (% of GDP),CM.MKT.LCAP.GD.ZS,Curacao,CUW,..
Market capitalization of listed domestic companies (% of GDP),CM.MKT.LCAP.GD.ZS,Cyprus,CYP,11.9323284463061
Market capitalization of listed domestic companies (% of GDP),CM.MKT.LCAP.GD.ZS,Czechia,CZE,..
Market capitalization of listed domestic companies (% of GDP),CM.MKT.LCAP.GD.ZS,Denmark,DNK,..
Market capitalization of listed domestic companies (% of GDP),CM.MKT.LCAP.GD.ZS,Djibouti,DJI,..
Market capitalization of listed domestic companies (% of GDP),CM.MKT.LCAP.GD.ZS,Dominica,DMA,..
Market capitalization of listed domestic companies (% of GDP),CM.MKT.LCAP.GD.ZS,Dominican Republic,DOM,..
Market capitalization of listed domestic companies (% of GDP),CM.MKT.LCAP.GD.ZS,Ecuador,ECU,..
Market capitalization of listed domestic companies (% of GDP),CM.MKT.LCAP.GD.ZS,"Egypt, Arab Rep.",EGY,10.0237151349692
Market capitalization of listed domestic companies (% of GDP),CM.MKT.LCAP.GD.ZS,El Salvador,SLV,..
Market capitalization of listed domestic companies (% of GDP),CM.MKT.LCAP.GD.ZS,Equatorial Guinea,GNQ,..
Market capitalization of listed domestic companies (% of GDP),CM.MKT.LCAP.GD.ZS,Eritrea,ERI,..
Market capitalization of listed domestic companies (% of GDP),CM.MKT.LCAP.GD.ZS,Estonia,EST,..
Market capitalization of listed domestic companies (% of GDP),CM.MKT.LCAP.GD.ZS,Ethiopia,ETH,..
Market capitalization of listed domestic companies (% of GDP),CM.MKT.LCAP.GD.ZS,Faroe Islands,FRO,..
Market capitalization of listed domestic companies (% of GDP),CM.MKT.LCAP.GD.ZS,Fiji,FJI,..
Market capitalization of listed domestic companies (% of GDP),CM.MKT.LCAP.GD.ZS,Finland,FIN,..
Market capitalization of listed domestic companies (% of GDP),CM.MKT.LCAP.GD.ZS,France,FRA,87.3963704443473
Market capitalization of listed domestic companies (% of GDP),CM.MKT.LCAP.GD.ZS,French Polynesia,PYF,..
Market capitalization of listed domestic companies (% of GDP),CM.MKT.LCAP.GD.ZS,Gabon,GAB,..
Market capitalization of listed domestic companies (% of GDP),CM.MKT.LCAP.GD.ZS,"Gambia, The",GMB,..
Market capitalization of listed domestic companies (% of GDP),CM.MKT.LCAP.GD.ZS,Georgia,GEO,..
Market capitalization of listed domestic companies (% of GDP),CM.MKT.LCAP.GD.ZS,Germany,DEU,48.5197743240464
Market capitalization of listed domestic companies (% of GDP),CM.MKT.LCAP.GD.ZS,Ghana,GHA,..
Market capitalization of listed domestic companies (% of GDP),CM.MKT.LCAP.GD.ZS,Gibraltar,GIB,..
Market capitalization of listed domestic companies (% of GDP),CM.MKT.LCAP.GD.ZS,Greece,GRC,19.2457692157776
Market capitalization of listed domestic companies (% of GDP),CM.MKT.LCAP.GD.ZS,Greenland,GRL,..
Market capitalization of listed domestic companies (% of GDP),CM.MKT.LCAP.GD.ZS,Grenada,GRD,..
Market capitalization of listed domestic companies (% of GDP),CM.MKT.LCAP.GD.ZS,Guam,GUM,..
Market capitalization of listed domestic companies (% of GDP),CM.MKT.LCAP.GD.ZS,Guatemala,GTM,..
Market capitalization of listed domestic companies (% of GDP),CM.MKT.LCAP.GD.ZS,Guinea,GIN,..
Market capitalization of listed domestic companies (% of GDP),CM.MKT.LCAP.GD.ZS,Guinea-Bissau,GNB,..
Market capitalization of listed domestic companies (% of GDP),CM.MKT.LCAP.GD.ZS,Guyana,GUY,..
Market capitalization of listed domestic companies (% of GDP),CM.MKT.LCAP.GD.ZS,Haiti,HTI,..
Market capitalization of listed domestic companies (% of GDP),CM.MKT.LCAP.GD.ZS,Honduras,HND,..
Market capitalization of listed domestic companies (% of GDP),CM.MKT.LCAP.GD.ZS,"Hong Kong SAR, China",HKG,995.21049131838
Market capitalization of listed domestic companies (% of GDP),CM.MKT.LCAP.GD.ZS,Hungary,HUN,17.4854504189959
Market capitalization of listed domestic companies (% of GDP),CM.MKT.LCAP.GD.ZS,Iceland,ISL,..
Market capitalization of listed domestic companies (% of GDP),CM.MKT.LCAP.GD.ZS,India,IND,76.0981248580096
Market capitalization of listed domestic companies (% of GDP),CM.MKT.LCAP.GD.ZS,Indonesia,IDN,45.6892490757793
Market capitalization of listed domestic companies (% of GDP),CM.MKT.LCAP.GD.ZS,"Iran, Islamic Rep.",IRN,21.1040926813376
Market capitalization of listed domestic companies (% of GDP),CM.MKT.LCAP.GD.ZS,Iraq,IRQ,..
Market capitalization of listed domestic companies (% of GDP),CM.MKT.LCAP.GD.ZS,Ireland,IRL,39.2325885390859
Market capitalization of listed domestic companies (% of GDP),CM.MKT.LCAP.GD.ZS,Isle of Man,IMN,..
Market capitalization of listed domestic companies (% of GDP),CM.MKT.LCAP.GD.ZS,Israel,ISR,66.4667214161756
Market capitalization of listed domestic companies (% of GDP),CM.MKT.LCAP.GD.ZS,Italy,ITA,..
Market capitalization of listed domestic companies (% of GDP),CM.MKT.LCAP.GD.ZS,Jamaica,JAM,43.4192234831727
Market capitalization of listed domestic companies (% of GDP),CM.MKT.LCAP.GD.ZS,Japan,JPN,99.0331516365327
Market capitalization of listed domestic companies (% of GDP),CM.MKT.LCAP.GD.ZS,Jordan,JOR,61.6003503237498
Market capitalization of listed domestic companies (% of GDP),CM.MKT.LCAP.GD.ZS,Kazakhstan,KAZ,29.2553221457192
Market capitalization of listed domestic companies (% of GDP),CM.MKT.LCAP.GD.ZS,Kenya,KEN,..
Market capitalization of listed domestic companies (% of GDP),CM.MKT.LCAP.GD.ZS,Kiribati,KIR,..
Market capitalization of listed domestic companies (% of GDP),CM.MKT.LCAP.GD.ZS,"Korea, Dem. People's Rep.",PRK,..
Market capitalization of listed domestic companies (% of GDP),CM.MKT.LCAP.GD.ZS,"Korea, Rep.",KOR,79.4440535898387
Market capitalization of listed domestic companies (% of GDP),CM.MKT.LCAP.GD.ZS,Kosovo,XKX,..
Market capitalization of listed domestic companies (% of GDP),CM.MKT.LCAP.GD.ZS,Kuwait,KWT,..
Market capitalization of listed domestic companies (% of GDP),CM.MKT.LCAP.GD.ZS,Kyrgyz Republic,KGZ,..
Market capitalization of listed domestic companies (% of GDP),CM.MKT.LCAP.GD.ZS,Lao PDR,LAO,..
Market capitalization of listed domestic companies (% of GDP),CM.MKT.LCAP.GD.ZS,Latvia,LVA,..
Market capitalization of listed domestic companies (% of GDP),CM.MKT.LCAP.GD.ZS,Lebanon,LBN,23.7012079238305
Market capitalization of listed domestic companies (% of GDP),CM.MKT.LCAP.GD.ZS,Lesotho,LSO,..
Market capitalization of listed domestic companies (% of GDP),CM.MKT.LCAP.GD.ZS,Liberia,LBR,..
Market capitalization of listed domestic companies (% of GDP),CM.MKT.LCAP.GD.ZS,Libya,LBY,..
Market capitalization of listed domestic companies (% of GDP),CM.MKT.LCAP.GD.ZS,Liechtenstein,LIE,..
Market capitalization of listed domestic companies (% of GDP),CM.MKT.LCAP.GD.ZS,Lithuania,LTU,..
Market capitalization of listed domestic companies (% of GDP),CM.MKT.LCAP.GD.ZS,Luxembourg,LUX,97.8997356843619
Market capitalization of listed domestic companies (% of GDP),CM.MKT.LCAP.GD.ZS,"Macao SAR, China",MAC,..
Market capitalization of listed domestic companies (% of GDP),CM.MKT.LCAP.GD.ZS,North Macedonia,MKD,..
Market capitalization of listed domestic companies (% of GDP),CM.MKT.LCAP.GD.ZS,Madagascar,MDG,..
Market capitalization of listed domestic companies (% of GDP),CM.MKT.LCAP.GD.ZS,Malawi,MWI,..
Market capitalization of listed domestic companies (% of GDP),CM.MKT.LCAP.GD.ZS,Malaysia,MYS,119.429409980014
Market capitalization of listed domestic companies (% of GDP),CM.MKT.LCAP.GD.ZS,Maldives,MDV,..
Market capitalization of listed domestic companies (% of GDP),CM.MKT.LCAP.GD.ZS,Mali,MLI,..
Market capitalization of listed domestic companies (% of GDP),CM.MKT.LCAP.GD.ZS,Malta,MLT,36.8637102461806
Market capitalization of listed domestic companies (% of GDP),CM.MKT.LCAP.GD.ZS,Marshall Islands,MHL,..
Market capitalization of listed domestic companies (% of GDP),CM.MKT.LCAP.GD.ZS,Mauritania,MRT,..
Market capitalization of listed domestic companies (% of GDP),CM.MKT.LCAP.GD.ZS,Mauritius,MUS,59.3234569824054
Market capitalization of listed domestic companies (% of GDP),CM.MKT.LCAP.GD.ZS,Mexico,MEX,31.5409987585363
Market capitalization of listed domestic companies (% of GDP),CM.MKT.LCAP.GD.ZS,"Micronesia, Fed. Sts.",FSM,..
Market capitalization of listed domestic companies (% of GDP),CM.MKT.LCAP.GD.ZS,Moldova,MDA,..
Market capitalization of listed domestic companies (% of GDP),CM.MKT.LCAP.GD.ZS,Monaco,MCO,..
Market capitalization of listed domestic companies (% of GDP),CM.MKT.LCAP.GD.ZS,Mongolia,MNG,..
Market capitalization of listed domestic companies (% of GDP),CM.MKT.LCAP.GD.ZS,Montenegro,MNE,..
Market capitalization of listed domestic companies (% of GDP),CM.MKT.LCAP.GD.ZS,Morocco,MAR,51.6072402972498
Market capitalization of listed domestic companies (% of GDP),CM.MKT.LCAP.GD.ZS,Mozambique,MOZ,..
Market capitalization of listed domestic companies (% of GDP),CM.MKT.LCAP.GD.ZS,Myanmar,MMR,..
Market capitalization of listed domestic companies (% of GDP),CM.MKT.LCAP.GD.ZS,Namibia,NAM,21.7957002861547
Market capitalization of listed domestic companies (% of GDP),CM.MKT.LCAP.GD.ZS,Nauru,NRU,..
Market capitalization of listed domestic companies (% of GDP),CM.MKT.LCAP.GD.ZS,Nepal,NPL,..
Market capitalization of listed domestic companies (% of GDP),CM.MKT.LCAP.GD.ZS,Netherlands,NLD,101.073868205409
Market capitalization of listed domestic companies (% of GDP),CM.MKT.LCAP.GD.ZS,New Caledonia,NCL,..
Market capitalization of listed domestic companies (% of GDP),CM.MKT.LCAP.GD.ZS,New Zealand,NZL,42.3312652583119
Market capitalization of listed domestic companies (% of GDP),CM.MKT.LCAP.GD.ZS,Nicaragua,NIC,..
Market capitalization of listed domestic companies (% of GDP),CM.MKT.LCAP.GD.ZS,Niger,NER,..
Market capitalization of listed domestic companies (% of GDP),CM.MKT.LCAP.GD.ZS,Nigeria,NGA,7.36253513008307
Market capitalization of listed domestic companies (% of GDP),CM.MKT.LCAP.GD.ZS,Northern Mariana Islands,MNP,..
Market capitalization of listed domestic companies (% of GDP),CM.MKT.LCAP.GD.ZS,Norway,NOR,62.340776578694
Market capitalization of listed domestic companies (% of GDP),CM.MKT.LCAP.GD.ZS,Oman,OMN,30.9938176539677
Market capitalization of listed domestic companies (% of GDP),CM.MKT.LCAP.GD.ZS,Pakistan,PAK,..
Market capitalization of listed domestic companies (% of GDP),CM.MKT.LCAP.GD.ZS,Palau,PLW,..
Market capitalization of listed domestic companies (% of GDP),CM.MKT.LCAP.GD.ZS,Panama,PAN,22.6970801474641
Market capitalization of listed domestic companies (% of GDP),CM.MKT.LCAP.GD.ZS,Papua New Guinea,PNG,7.9153607574728
Market capitalization of listed domestic companies (% of GDP),CM.MKT.LCAP.GD.ZS,Paraguay,PRY,..
Market capitalization of listed domestic companies (% of GDP),CM.MKT.LCAP.GD.ZS,Peru,PER,42.2562660609831
Market capitalization of listed domestic companies (% of GDP),CM.MKT.LCAP.GD.ZS,Philippines,PHL,75.2409695225553
Market capitalization of listed domestic companies (% of GDP),CM.MKT.LCAP.GD.ZS,Poland,POL,29.3054989683132
Market capitalization of listed domestic companies (% of GDP),CM.MKT.LCAP.GD.ZS,Portugal,PRT,27.7526498262106
Market capitalization of listed domestic companies (% of GDP),CM.MKT.LCAP.GD.ZS,Puerto Rico (US),PRI,..
Market capitalization of listed domestic companies (% of GDP),CM.MKT.LCAP.GD.ZS,Qatar,QAT,102.037633976359
Market capitalization of listed domestic companies (% of GDP),CM.MKT.LCAP.GD.ZS,Romania,ROU,9.75369202072756
Market capitalization of listed domestic companies (% of GDP),CM.MKT.LCAP.GD.ZS,Russian Federation,RUS,48.7200957478332
Market capitalization of listed domestic companies (% of GDP),CM.MKT.LCAP.GD.ZS,Rwanda,RWA,..
Market capitalization of listed domestic companies (% of GDP),CM.MKT.LCAP.GD.ZS,Samoa,WSM,..
Market capitalization of listed domestic companies (% of GDP),CM.MKT.LCAP.GD.ZS,San Marino,SMR,..
Market capitalization of listed domestic companies (% of GDP),CM.MKT.LCAP.GD.ZS,Sao Tome and Principe,STP,..
Market capitalization of listed domestic companies (% of GDP),CM.MKT.LCAP.GD.ZS,Saudi Arabia,SAU,65.1159785322029
Market capitalization of listed domestic companies (% of GDP),CM.MKT.LCAP.GD.ZS,Senegal,SEN,..
Market capitalization of listed domestic companies (% of GDP),CM.MKT.LCAP.GD.ZS,Serbia,SRB,..
Market capitalization of listed domestic companies (% of GDP),CM.MKT.LCAP.GD.ZS,Seychelles,SYC,..
Market capitalization of listed domestic companies (% of GDP),CM.MKT.LCAP.GD.ZS,Sierra Leone,SLE,..
Market capitalization of listed domestic companies (% of GDP),CM.MKT.LCAP.GD.ZS,Singapore,SGP,200.354957719034
Market capitalization of listed domestic companies (% of GDP),CM.MKT.LCAP.GD.ZS,Sint Maarten (Dutch part),SXM,..
Market capitalization of listed domestic companies (% of GDP),CM.MKT.LCAP.GD.ZS,Slovak Republic,SVK,..
Market capitalization of listed domestic companies (% of GDP),CM.MKT.LCAP.GD.ZS,Slovenia,SVN,11.8815726069095
Market capitalization of listed domestic companies (% of GDP),CM.MKT.LCAP.GD.ZS,Solomon Islands,SLB,..
Market capitalization of listed domestic companies (% of GDP),CM.MKT.LCAP.GD.ZS,"Somalia, Fed. Rep.",SOM,..
Market capitalization of listed domestic companies (% of GDP),CM.MKT.LCAP.GD.ZS,South Africa,ZAF,293.993488633205
Market capitalization of listed domestic companies (% of GDP),CM.MKT.LCAP.GD.ZS,South Sudan,SSD,..
Market capitalization of listed domestic companies (% of GDP),CM.MKT.LCAP.GD.ZS,Spain,ESP,56.6808082016392
Market capitalization of listed domestic companies (% of GDP),CM.MKT.LCAP.GD.ZS,Sri Lanka,LKA,21.225828436206
Market capitalization of listed domestic companies (% of GDP),CM.MKT.LCAP.GD.ZS,St. Kitts and Nevis,KNA,..
Market capitalization of listed domestic companies (% of GDP),CM.MKT.LCAP.GD.ZS,St. Lucia,LCA,..
Market capitalization of listed domestic companies (% of GDP),CM.MKT.LCAP.GD.ZS,St. Martin (French part),MAF,..
Market capitalization of listed domestic companies (% of GDP),CM.MKT.LCAP.GD.ZS,St. Vincent and the Grenadines,VCT,..
Market capitalization of listed domestic companies (% of GDP),CM.MKT.LCAP.GD.ZS,Sudan,SDN,..
Market capitalization of listed domestic companies (% of GDP),CM.MKT.LCAP.GD.ZS,Suriname,SUR,..
Market capitalization of listed domestic companies (% of GDP),CM.MKT.LCAP.GD.ZS,Eswatini,SWZ,..
Market capitalization of listed domestic companies (% of GDP),CM.MKT.LCAP.GD.ZS,Sweden,SWE,..
Market capitalization of listed domestic companies (% of GDP),CM.MKT.LCAP.GD.ZS,Switzerland,CHE,204.007104415449
Market capitalization of listed domestic companies (% of GDP),CM.MKT.LCAP.GD.ZS,Syrian Arab Republic,SYR,..
Market capitalization of listed domestic companies (% of GDP),CM.MKT.LCAP.GD.ZS,Tajikistan,TJK,..
Market capitalization of listed domestic companies (% of GDP),CM.MKT.LCAP.GD.ZS,Tanzania,TZA,..
Market capitalization of listed domestic companies (% of GDP),CM.MKT.LCAP.GD.ZS,Thailand,THA,104.739096376679
Market capitalization of listed domestic companies (% of GDP),CM.MKT.LCAP.GD.ZS,Timor-Leste,TLS,..
Market capitalization of listed domestic companies (% of GDP),CM.MKT.LCAP.GD.ZS,Togo,TGO,..
Market capitalization of listed domestic companies (% of GDP),CM.MKT.LCAP.GD.ZS,Tonga,TON,..
Market capitalization of listed domestic companies (% of GDP),CM.MKT.LCAP.GD.ZS,Trinidad and Tobago,TTO,..
Market capitalization of listed domestic companies (% of GDP),CM.MKT.LCAP.GD.ZS,Tunisia,TUN,19.0491121619026
Market capitalization of listed domestic companies (% of GDP),CM.MKT.LCAP.GD.ZS,Turkiye,TUR,19.7245502231899
Market capitalization of listed domestic companies (% of GDP),CM.MKT.LCAP.GD.ZS,Turkmenistan,TKM,..
Market capitalization of listed domestic companies (% of GDP),CM.MKT.LCAP.GD.ZS,Turks and Caicos Islands,TCA,..
Market capitalization of listed domestic companies (% of GDP),CM.MKT.LCAP.GD.ZS,Tuvalu,TUV,..
Market capitalization of listed domestic companies (% of GDP),CM.MKT.LCAP.GD.ZS,Uganda,UGA,..
Market capitalization of listed domestic companies (% of GDP),CM.MKT.LCAP.GD.ZS,Ukraine,UKR,4.77023033306238
Market capitalization of listed domestic companies (% of GDP),CM.MKT.LCAP.GD.ZS,United Arab Emirates,ARE,55.8562273946487
Market capitalization of listed domestic companies (% of GDP),CM.MKT.LCAP.GD.ZS,United Kingdom,GBR,..
Market capitalization of listed domestic companies (% of GDP),CM.MKT.LCAP.GD.ZS,United States,USA,146.306705272649
Market capitalization of listed domestic companies (% of GDP),CM.MKT.LCAP.GD.ZS,Uruguay,URY,..
Market capitalization of listed domestic companies (% of GDP),CM.MKT.LCAP.GD.ZS,Uzbekistan,UZB,..
Market capitalization of listed domestic companies (% of GDP),CM.MKT.LCAP.GD.ZS,Vanuatu,VUT,..
Market capitalization of listed domestic companies (% of GDP),CM.MKT.LCAP.GD.ZS,"Venezuela, RB",VEN,..
Market capitalization of listed domestic companies (% of GDP),CM.MKT.LCAP.GD.ZS,Viet Nam,VNM,28.4804887315354
Market capitalization of listed domestic companies (% of GDP),CM.MKT.LCAP.GD.ZS,Virgin Islands (U.S.),VIR,..
Market capitalization of listed domestic companies (% of GDP),CM.MKT.LCAP.GD.ZS,West Bank and Gaza,PSE,22.0060498266841
Market capitalization of listed domestic companies (% of GDP),CM.MKT.LCAP.GD.ZS,"Yemen, Rep.",YEM,..
Market capitalization of listed domestic companies (% of GDP),CM.MKT.LCAP.GD.ZS,Zambia,ZMB,..
Market capitalization of listed domestic companies (% of GDP),CM.MKT.LCAP.GD.ZS,Zimbabwe,ZWE,..
Military expenditure (% of GDP),MS.MIL.XPND.GD.ZS,Afghanistan,AFG,0.956772140958855
Military expenditure (% of GDP),MS.MIL.XPND.GD.ZS,Albania,ALB,1.10358100880452
Military expenditure (% of GDP),MS.MIL.XPND.GD.ZS,Algeria,DZA,5.65271835420787
Military expenditure (% of GDP),MS.MIL.XPND.GD.ZS,American Samoa,ASM,..
Military expenditure (% of GDP),MS.MIL.XPND.GD.ZS,Andorra,AND,..
Military expenditure (% of GDP),MS.MIL.XPND.GD.ZS,Angola,AGO,2.73333494465123
Military expenditure (% of GDP),MS.MIL.XPND.GD.ZS,Antigua and Barbuda,ATG,..
Military expenditure (% of GDP),MS.MIL.XPND.GD.ZS,Argentina,ARG,0.809245362717563
Military expenditure (% of GDP),MS.MIL.XPND.GD.ZS,Armenia,ARM,4.09034921699325
Military expenditure (% of GDP),MS.MIL.XPND.GD.ZS,Aruba,ABW,..
Military expenditure (% of GDP),MS.MIL.XPND.GD.ZS,Australia,AUS,2.0896214779767
Military expenditure (% of GDP),MS.MIL.XPND.GD.ZS,Austria,AUT,0.73372291194157
Military expenditure (% of GDP),MS.MIL.XPND.GD.ZS,Azerbaijan,AZE,3.68852730317814
Military expenditure (% of GDP),MS.MIL.XPND.GD.ZS,"Bahamas, The",BHS,..
Military expenditure (% of GDP),MS.MIL.XPND.GD.ZS,Bahrain,BHR,4.67063531353135
Military expenditure (% of GDP),MS.MIL.XPND.GD.ZS,Bangladesh,BGD,1.22590049912782
Military expenditure (% of GDP),MS.MIL.XPND.GD.ZS,Barbados,BRB,..
Military expenditure (% of GDP),MS.MIL.XPND.GD.ZS,Belarus,BLR,1.52328091923032
Military expenditure (% of GDP),MS.MIL.XPND.GD.ZS,Belgium,BEL,0.898085290562566
Military expenditure (% of GDP),MS.MIL.XPND.GD.ZS,Belize,BLZ,0.96275814780823
Military expenditure (% of GDP),MS.MIL.XPND.GD.ZS,Benin,BEN,0.673596727016815
Military expenditure (% of GDP),MS.MIL.XPND.GD.ZS,Bermuda,BMU,..
Military expenditure (% of GDP),MS.MIL.XPND.GD.ZS,Bhutan,BTN,..
Military expenditure (% of GDP),MS.MIL.XPND.GD.ZS,Bolivia,BOL,1.53046784866919
Military expenditure (% of GDP),MS.MIL.XPND.GD.ZS,Bosnia and Herzegovina,BIH,0.922772270069199
Military expenditure (% of GDP),MS.MIL.XPND.GD.ZS,Botswana,BWA,3.41066258273304
Military expenditure (% of GDP),MS.MIL.XPND.GD.ZS,Brazil,BRA,1.34797541299482
Military expenditure (% of GDP),MS.MIL.XPND.GD.ZS,British Virgin Islands,VGB,..
Military expenditure (% of GDP),MS.MIL.XPND.GD.ZS,Brunei Darussalam,BRN,3.53938463904119
Military expenditure (% of GDP),MS.MIL.XPND.GD.ZS,Bulgaria,BGR,1.24384580804927
Military expenditure (% of GDP),MS.MIL.XPND.GD.ZS,Burkina Faso,BFA,1.16533335437179
Military expenditure (% of GDP),MS.MIL.XPND.GD.ZS,Burundi,BDI,2.2431638636818
Military expenditure (% of GDP),MS.MIL.XPND.GD.ZS,Cabo Verde,CPV,0.550048040403016
Military expenditure (% of GDP),MS.MIL.XPND.GD.ZS,Cambodia,KHM,1.43955694700576
Military expenditure (% of GDP),MS.MIL.XPND.GD.ZS,Cameroon,CMR,1.14642434992604
Military expenditure (% of GDP),MS.MIL.XPND.GD.ZS,Canada,CAN,1.16416156719089
Military expenditure (% of GDP),MS.MIL.XPND.GD.ZS,Cayman Islands,CYM,..
Military expenditure (% of GDP),MS.MIL.XPND.GD.ZS,Central African Republic,CAF,1.47163796004867
Military expenditure (% of GDP),MS.MIL.XPND.GD.ZS,Chad,TCD,2.31170355001725
Military expenditure (% of GDP),MS.MIL.XPND.GD.ZS,Channel Islands,CHI,..
Military expenditure (% of GDP),MS.MIL.XPND.GD.ZS,Chile,CHL,1.92415844717468
Military expenditure (% of GDP),MS.MIL.XPND.GD.ZS,China,CHN,1.7688865902507
Military expenditure (% of GDP),MS.MIL.XPND.GD.ZS,Colombia,COL,3.07113102611539
Military expenditure (% of GDP),MS.MIL.XPND.GD.ZS,Comoros,COM,..
Military expenditure (% of GDP),MS.MIL.XPND.GD.ZS,"Congo, Dem. Rep.",COD,1.02563437176754
Military expenditure (% of GDP),MS.MIL.XPND.GD.ZS,"Congo, Rep.",COG,4.59480614297478
Military expenditure (% of GDP),MS.MIL.XPND.GD.ZS,Costa Rica,CRI,..
Military expenditure (% of GDP),MS.MIL.XPND.GD.ZS,Cote d'Ivoire,CIV,1.24585910179804
Military expenditure (% of GDP),MS.MIL.XPND.GD.ZS,Croatia,HRV,1.58922538500355
Military expenditure (% of GDP),MS.MIL.XPND.GD.ZS,Cuba,CUB,3.07218792501319
Military expenditure (% of GDP),MS.MIL.XPND.GD.ZS,Curacao,CUW,..
Military expenditure (% of GDP),MS.MIL.XPND.GD.ZS,Cyprus,CYP,1.40455761221209
Military expenditure (% of GDP),MS.MIL.XPND.GD.ZS,Czechia,CZE,0.986634400365061
Military expenditure (% of GDP),MS.MIL.XPND.GD.ZS,Denmark,DNK,1.15107146564238
Military expenditure (% of GDP),MS.MIL.XPND.GD.ZS,Djibouti,DJI,..
Military expenditure (% of GDP),MS.MIL.XPND.GD.ZS,Dominica,DMA,..
Military expenditure (% of GDP),MS.MIL.XPND.GD.ZS,Dominican Republic,DOM,0.63403055291349
Military expenditure (% of GDP),MS.MIL.XPND.GD.ZS,Ecuador,ECU,2.57311675623471
Military expenditure (% of GDP),MS.MIL.XPND.GD.ZS,"Egypt, Arab Rep.",EGY,1.66660515243227
Military expenditure (% of GDP),MS.MIL.XPND.GD.ZS,El Salvador,SLV,1.02350295230491
Military expenditure (% of GDP),MS.MIL.XPND.GD.ZS,Equatorial Guinea,GNQ,1.23948977462594
Military expenditure (% of GDP),MS.MIL.XPND.GD.ZS,Eritrea,ERI,..
Military expenditure (% of GDP),MS.MIL.XPND.GD.ZS,Estonia,EST,2.02803563355143
Military expenditure (% of GDP),MS.MIL.XPND.GD.ZS,Ethiopia,ETH,0.683567210395797
Military expenditure (% of GDP),MS.MIL.XPND.GD.ZS,Faroe Islands,FRO,..
Military expenditure (% of GDP),MS.MIL.XPND.GD.ZS,Fiji,FJI,1.10379290217157
Military expenditure (% of GDP),MS.MIL.XPND.GD.ZS,Finland,FIN,1.43150516649128
Military expenditure (% of GDP),MS.MIL.XPND.GD.ZS,France,FRA,1.85171809616119
Military expenditure (% of GDP),MS.MIL.XPND.GD.ZS,French Polynesia,PYF,..
Military expenditure (% of GDP),MS.MIL.XPND.GD.ZS,Gabon,GAB,1.44754580418175
Military expenditure (% of GDP),MS.MIL.XPND.GD.ZS,"Gambia, The",GMB,..
Military expenditure (% of GDP),MS.MIL.XPND.GD.ZS,Georgia,GEO,2.04079266789767
Military expenditure (% of GDP),MS.MIL.XPND.GD.ZS,Germany,DEU,1.12912506140277
Military expenditure (% of GDP),MS.MIL.XPND.GD.ZS,Ghana,GHA,0.291412454265461
Military expenditure (% of GDP),MS.MIL.XPND.GD.ZS,Gibraltar,GIB,..
Military expenditure (% of GDP),MS.MIL.XPND.GD.ZS,Greece,GRC,2.57279833754101
Military expenditure (% of GDP),MS.MIL.XPND.GD.ZS,Greenland,GRL,..
Military expenditure (% of GDP),MS.MIL.XPND.GD.ZS,Grenada,GRD,..
Military expenditure (% of GDP),MS.MIL.XPND.GD.ZS,Guam,GUM,..
Military expenditure (% of GDP),MS.MIL.XPND.GD.ZS,Guatemala,GTM,0.440496512523365
Military expenditure (% of GDP),MS.MIL.XPND.GD.ZS,Guinea,GIN,1.88200742269539
Military expenditure (% of GDP),MS.MIL.XPND.GD.ZS,Guinea-Bissau,GNB,1.26454587592398
Military expenditure (% of GDP),MS.MIL.XPND.GD.ZS,Guyana,GUY,1.15412827584568
Military expenditure (% of GDP),MS.MIL.XPND.GD.ZS,Haiti,HTI,0.0492315360368918
Military expenditure (% of GDP),MS.MIL.XPND.GD.ZS,Honduras,HND,1.53155567439147
Military expenditure (% of GDP),MS.MIL.XPND.GD.ZS,"Hong Kong SAR, China",HKG,..
Military expenditure (% of GDP),MS.MIL.XPND.GD.ZS,Hungary,HUN,0.999116487545317
Military expenditure (% of GDP),MS.MIL.XPND.GD.ZS,Iceland,ISL,..
Military expenditure (% of GDP),MS.MIL.XPND.GD.ZS,India,IND,2.54315152114541
Military expenditure (% of GDP),MS.MIL.XPND.GD.ZS,Indonesia,IDN,0.792220213496852
Military expenditure (% of GDP),MS.MIL.XPND.GD.ZS,"Iran, Islamic Rep.",IRN,2.79643556281004
Military expenditure (% of GDP),MS.MIL.XPND.GD.ZS,Iraq,IRQ,3.55013476903527
Military expenditure (% of GDP),MS.MIL.XPND.GD.ZS,Ireland,IRL,0.327907586700795
Military expenditure (% of GDP),MS.MIL.XPND.GD.ZS,Isle of Man,IMN,..
Military expenditure (% of GDP),MS.MIL.XPND.GD.ZS,Israel,ISR,5.41748768749926
Military expenditure (% of GDP),MS.MIL.XPND.GD.ZS,Italy,ITA,1.32773387933426
Military expenditure (% of GDP),MS.MIL.XPND.GD.ZS,Jamaica,JAM,0.954831298098327
Military expenditure (% of GDP),MS.MIL.XPND.GD.ZS,Japan,JPN,0.929516775505971
Military expenditure (% of GDP),MS.MIL.XPND.GD.ZS,Jordan,JOR,4.43550630070496
Military expenditure (% of GDP),MS.MIL.XPND.GD.ZS,Kazakhstan,KAZ,0.933551765285713
Military expenditure (% of GDP),MS.MIL.XPND.GD.ZS,Kenya,KEN,1.24730980077159
Military expenditure (% of GDP),MS.MIL.XPND.GD.ZS,Kiribati,KIR,..
Military expenditure (% of GDP),MS.MIL.XPND.GD.ZS,"Korea, Dem. People's Rep.",PRK,..
Military expenditure (% of GDP),MS.MIL.XPND.GD.ZS,"Korea, Rep.",KOR,2.3357998421426
Military expenditure (% of GDP),MS.MIL.XPND.GD.ZS,Kosovo,XKX,0.777866853947473
Military expenditure (% of GDP),MS.MIL.XPND.GD.ZS,Kuwait,KWT,5.89351944288143
Military expenditure (% of GDP),MS.MIL.XPND.GD.ZS,Kyrgyz Republic,KGZ,3.34401777586688
Military expenditure (% of GDP),MS.MIL.XPND.GD.ZS,Lao PDR,LAO,..
Military expenditure (% of GDP),MS.MIL.XPND.GD.ZS,Latvia,LVA,1.50174457900413
Military expenditure (% of GDP),MS.MIL.XPND.GD.ZS,Lebanon,LBN,5.09598055264963
Military expenditure (% of GDP),MS.MIL.XPND.GD.ZS,Lesotho,LSO,1.96388842698486
Military expenditure (% of GDP),MS.MIL.XPND.GD.ZS,Liberia,LBR,0.451842751842752
Military expenditure (% of GDP),MS.MIL.XPND.GD.ZS,Libya,LBY,..
Military expenditure (% of GDP),MS.MIL.XPND.GD.ZS,Liechtenstein,LIE,..
Military expenditure (% of GDP),MS.MIL.XPND.GD.ZS,Lithuania,LTU,1.48013833220254
Military expenditure (% of GDP),MS.MIL.XPND.GD.ZS,Luxembourg,LUX,0.378949157263331
Military expenditure (% of GDP),MS.MIL.XPND.GD.ZS,"Macao SAR, China",MAC,..
Military expenditure (% of GDP),MS.MIL.XPND.GD.ZS,North Macedonia,MKD,0.970115977909212
Military expenditure (% of GDP),MS.MIL.XPND.GD.ZS,Madagascar,MDG,0.501387044175783
Military expenditure (% of GDP),MS.MIL.XPND.GD.ZS,Malawi,MWI,0.452047625154312
Military expenditure (% of GDP),MS.MIL.XPND.GD.ZS,Malaysia,MYS,1.3843347942822
Military expenditure (% of GDP),MS.MIL.XPND.GD.ZS,Maldives,MDV,..
Military expenditure (% of GDP),MS.MIL.XPND.GD.ZS,Mali,MLI,2.58613087357125
Military expenditure (% of GDP),MS.MIL.XPND.GD.ZS,Malta,MLT,0.496660141239844
Military expenditure (% of GDP),MS.MIL.XPND.GD.ZS,Marshall Islands,MHL,..
Military expenditure (% of GDP),MS.MIL.XPND.GD.ZS,Mauritania,MRT,2.14548780076745
Military expenditure (% of GDP),MS.MIL.XPND.GD.ZS,Mauritius,MUS,0.174701755953711
Military expenditure (% of GDP),MS.MIL.XPND.GD.ZS,Mexico,MEX,0.480046272445401
Military expenditure (% of GDP),MS.MIL.XPND.GD.ZS,"Micronesia, Fed. Sts.",FSM,..
Military expenditure (% of GDP),MS.MIL.XPND.GD.ZS,Moldova,MDA,0.344191282076352
Military expenditure (% of GDP),MS.MIL.XPND.GD.ZS,Monaco,MCO,..
Military expenditure (% of GDP),MS.MIL.XPND.GD.ZS,Mongolia,MNG,0.863910995114833
Military expenditure (% of GDP),MS.MIL.XPND.GD.ZS,Montenegro,MNE,1.41128063506996
Military expenditure (% of GDP),MS.MIL.XPND.GD.ZS,Morocco,MAR,2.98211832955753
Military expenditure (% of GDP),MS.MIL.XPND.GD.ZS,Mozambique,MOZ,0.919413170302599
Military expenditure (% of GDP),MS.MIL.XPND.GD.ZS,Myanmar,MMR,4.08929730356682
Military expenditure (% of GDP),MS.MIL.XPND.GD.ZS,Namibia,NAM,3.97104492479212
Military expenditure (% of GDP),MS.MIL.XPND.GD.ZS,Nauru,NRU,..
Military expenditure (% of GDP),MS.MIL.XPND.GD.ZS,Nepal,NPL,1.46937461345505
Military expenditure (% of GDP),MS.MIL.XPND.GD.ZS,Netherlands,NLD,1.14449960079147
Military expenditure (% of GDP),MS.MIL.XPND.GD.ZS,New Caledonia,NCL,..
Military expenditure (% of GDP),MS.MIL.XPND.GD.ZS,New Zealand,NZL,1.03552843699621
Military expenditure (% of GDP),MS.MIL.XPND.GD.ZS,Nicaragua,NIC,0.639876675817232
Military expenditure (% of GDP),MS.MIL.XPND.GD.ZS,Niger,NER,1.59964624315915
Military expenditure (% of GDP),MS.MIL.XPND.GD.ZS,Nigeria,NGA,0.432947784673169
Military expenditure (% of GDP),MS.MIL.XPND.GD.ZS,Northern Mariana Islands,MNP,..
Military expenditure (% of GDP),MS.MIL.XPND.GD.ZS,Norway,NOR,1.61734383599671
Military expenditure (% of GDP),MS.MIL.XPND.GD.ZS,Oman,OMN,10.5631262289399
Military expenditure (% of GDP),MS.MIL.XPND.GD.ZS,Pakistan,PAK,3.20377671550622
Military expenditure (% of GDP),MS.MIL.XPND.GD.ZS,Palau,PLW,..
Military expenditure (% of GDP),MS.MIL.XPND.GD.ZS,Panama,PAN,..
Military expenditure (% of GDP),MS.MIL.XPND.GD.ZS,Papua New Guinea,PNG,0.381076923076923
Military expenditure (% of GDP),MS.MIL.XPND.GD.ZS,Paraguay,PRY,0.950953301628568
Military expenditure (% of GDP),MS.MIL.XPND.GD.ZS,Peru,PER,1.32190839942957
Military expenditure (% of GDP),MS.MIL.XPND.GD.ZS,Philippines,PHL,1.04558514673889
Military expenditure (% of GDP),MS.MIL.XPND.GD.ZS,Poland,POL,1.93589358828699
Military expenditure (% of GDP),MS.MIL.XPND.GD.ZS,Portugal,PRT,1.54200474856982
Military expenditure (% of GDP),MS.MIL.XPND.GD.ZS,Puerto Rico (US),PRI,..
Military expenditure (% of GDP),MS.MIL.XPND.GD.ZS,Qatar,QAT,..
Military expenditure (% of GDP),MS.MIL.XPND.GD.ZS,Romania,ROU,1.42770454147789
Military expenditure (% of GDP),MS.MIL.XPND.GD.ZS,Russian Federation,RUS,5.42514770504505
Military expenditure (% of GDP),MS.MIL.XPND.GD.ZS,Rwanda,RWA,1.24050679129546
Military expenditure (% of GDP),MS.MIL.XPND.GD.ZS,Samoa,WSM,..
Military expenditure (% of GDP),MS.MIL.XPND.GD.ZS,San Marino,SMR,..
Military expenditure (% of GDP),MS.MIL.XPND.GD.ZS,Sao Tome and Principe,STP,..
Military expenditure (% of GDP),MS.MIL.XPND.GD.ZS,Saudi Arabia,SAU,9.56048239449097
Military expenditure (% of GDP),MS.MIL.XPND.GD.ZS,Senegal,SEN,1.60209745363896
Military expenditure (% of GDP),MS.MIL.XPND.GD.ZS,Serbia,SRB,1.85741974312422
Military expenditure (% of GDP),MS.MIL.XPND.GD.ZS,Seychelles,SYC,1.39771684213413
Military expenditure (% of GDP),MS.MIL.XPND.GD.ZS,Sierra Leone,SLE,0.714168280060902
Military expenditure (% of GDP),MS.MIL.XPND.GD.ZS,Singapore,SGP,3.09531096262441
Military expenditure (% of GDP),MS.MIL.XPND.GD.ZS,Sint Maarten (Dutch part),SXM,..
Military expenditure (% of GDP),MS.MIL.XPND.GD.ZS,Slovak Republic,SVK,1.11122582751499
Military expenditure (% of GDP),MS.MIL.XPND.GD.ZS,Slovenia,SVN,1.01508115640424
Military expenditure (% of GDP),MS.MIL.XPND.GD.ZS,Solomon Islands,SLB,..
Military expenditure (% of GDP),MS.MIL.XPND.GD.ZS,"Somalia, Fed. Rep.",SOM,0.6454606954404
Military expenditure (% of GDP),MS.MIL.XPND.GD.ZS,South Africa,ZAF,0.971046764986093
Military expenditure (% of GDP),MS.MIL.XPND.GD.ZS,South Sudan,SSD,4.84674935905441
Military expenditure (% of GDP),MS.MIL.XPND.GD.ZS,Spain,ESP,1.12848106845526
Military expenditure (% of GDP),MS.MIL.XPND.GD.ZS,Sri Lanka,LKA,1.97935533284589
Military expenditure (% of GDP),MS.MIL.XPND.GD.ZS,St. Kitts and Nevis,KNA,..
Military expenditure (% of GDP),MS.MIL.XPND.GD.ZS,St. Lucia,LCA,..
Military expenditure (% of GDP),MS.MIL.XPND.GD.ZS,St. Martin (French part),MAF,..
Military expenditure (% of GDP),MS.MIL.XPND.GD.ZS,St. Vincent and the Grenadines,VCT,..
Military expenditure (% of GDP),MS.MIL.XPND.GD.ZS,Sudan,SDN,2.27850721551928
Military expenditure (% of GDP),MS.MIL.XPND.GD.ZS,Suriname,SUR,..
Military expenditure (% of GDP),MS.MIL.XPND.GD.ZS,Eswatini,SWZ,2.07382569653681
Military expenditure (% of GDP),MS.MIL.XPND.GD.ZS,Sweden,SWE,1.05595798245271
Military expenditure (% of GDP),MS.MIL.XPND.GD.ZS,Switzerland,CHE,0.664750475412517
Military expenditure (% of GDP),MS.MIL.XPND.GD.ZS,Syrian Arab Republic,SYR,..
Military expenditure (% of GDP),MS.MIL.XPND.GD.ZS,Tajikistan,TJK,1.20806716554116
Military expenditure (% of GDP),MS.MIL.XPND.GD.ZS,Tanzania,TZA,1.09369193376988
Military expenditure (% of GDP),MS.MIL.XPND.GD.ZS,Thailand,THA,1.32516695969445
Military expenditure (% of GDP),MS.MIL.XPND.GD.ZS,Timor-Leste,TLS,1.59859756097561
Military expenditure (% of GDP),MS.MIL.XPND.GD.ZS,Togo,TGO,1.36106759176365
Military expenditure (% of GDP),MS.MIL.XPND.GD.ZS,Tonga,TON,..
Military expenditure (% of GDP),MS.MIL.XPND.GD.ZS,Trinidad and Tobago,TTO,0.914265892901233
Military expenditure (% of GDP),MS.MIL.XPND.GD.ZS,Tunisia,TUN,2.22498472970201
Military expenditure (% of GDP),MS.MIL.XPND.GD.ZS,Turkiye,TUR,2.05032437865497
Military expenditure (% of GDP),MS.MIL.XPND.GD.ZS,Turkmenistan,TKM,..
Military expenditure (% of GDP),MS.MIL.XPND.GD.ZS,Turks and Caicos Islands,TCA,..
Military expenditure (% of GDP),MS.MIL.XPND.GD.ZS,Tuvalu,TUV,..
Military expenditure (% of GDP),MS.MIL.XPND.GD.ZS,Uganda,UGA,1.00333547376504
Military expenditure (% of GDP),MS.MIL.XPND.GD.ZS,Ukraine,UKR,3.66861786886462
Military expenditure (% of GDP),MS.MIL.XPND.GD.ZS,United Arab Emirates,ARE,..
Military expenditure (% of GDP),MS.MIL.XPND.GD.ZS,United Kingdom,GBR,1.98449096820719
Military expenditure (% of GDP),MS.MIL.XPND.GD.ZS,United States,USA,3.40260233575118
Military expenditure (% of GDP),MS.MIL.XPND.GD.ZS,Uruguay,URY,1.8091708739885
Military expenditure (% of GDP),MS.MIL.XPND.GD.ZS,Uzbekistan,UZB,..
Military expenditure (% of GDP),MS.MIL.XPND.GD.ZS,Vanuatu,VUT,..
Military expenditure (% of GDP),MS.MIL.XPND.GD.ZS,"Venezuela, RB",VEN,0.454046014282467
Military expenditure (% of GDP),MS.MIL.XPND.GD.ZS,Viet Nam,VNM,1.95056176952778
Military expenditure (% of GDP),MS.MIL.XPND.GD.ZS,Virgin Islands (U.S.),VIR,..
Military expenditure (% of GDP),MS.MIL.XPND.GD.ZS,West Bank and Gaza,PSE,..
Military expenditure (% of GDP),MS.MIL.XPND.GD.ZS,"Yemen, Rep.",YEM,..
Military expenditure (% of GDP),MS.MIL.XPND.GD.ZS,Zambia,ZMB,1.42930472392762
Military expenditure (% of GDP),MS.MIL.XPND.GD.ZS,Zimbabwe,ZWE,1.74198491851131
Mobile cellular subscriptions (per 100 people),IT.CEL.SETS.P2,Afghanistan,AFG,62.2553
Mobile cellular subscriptions (per 100 people),IT.CEL.SETS.P2,Albania,ALB,116.284
Mobile cellular subscriptions (per 100 people),IT.CEL.SETS.P2,Algeria,DZA,115.154
Mobile cellular subscriptions (per 100 people),IT.CEL.SETS.P2,American Samoa,ASM,..
Mobile cellular subscriptions (per 100 people),IT.CEL.SETS.P2,Andorra,AND,105.474
Mobile cellular subscriptions (per 100 people),IT.CEL.SETS.P2,Angola,AGO,44.5502
Mobile cellular subscriptions (per 100 people),IT.CEL.SETS.P2,Antigua and Barbuda,ATG,200.069
Mobile cellular subscriptions (per 100 people),IT.CEL.SETS.P2,Argentina,ARG,145.147
Mobile cellular subscriptions (per 100 people),IT.CEL.SETS.P2,Armenia,ARM,117.671
Mobile cellular subscriptions (per 100 people),IT.CEL.SETS.P2,Aruba,ABW,..
Mobile cellular subscriptions (per 100 people),IT.CEL.SETS.P2,Australia,AUS,109.129
Mobile cellular subscriptions (per 100 people),IT.CEL.SETS.P2,Austria,AUT,126.798
Mobile cellular subscriptions (per 100 people),IT.CEL.SETS.P2,Azerbaijan,AZE,103.248
Mobile cellular subscriptions (per 100 people),IT.CEL.SETS.P2,"Bahamas, The",BHS,92.8219
Mobile cellular subscriptions (per 100 people),IT.CEL.SETS.P2,Bahrain,BHR,209.489
Mobile cellular subscriptions (per 100 people),IT.CEL.SETS.P2,Bangladesh,BGD,84.5595
Mobile cellular subscriptions (per 100 people),IT.CEL.SETS.P2,Barbados,BRB,118.816
Mobile cellular subscriptions (per 100 people),IT.CEL.SETS.P2,Belarus,BLR,120.432
Mobile cellular subscriptions (per 100 people),IT.CEL.SETS.P2,Belgium,BEL,110.749
Mobile cellular subscriptions (per 100 people),IT.CEL.SETS.P2,Belize,BLZ,61.1256
Mobile cellular subscriptions (per 100 people),IT.CEL.SETS.P2,Benin,BEN,76.0182
Mobile cellular subscriptions (per 100 people),IT.CEL.SETS.P2,Bermuda,BMU,100.697
Mobile cellular subscriptions (per 100 people),IT.CEL.SETS.P2,Bhutan,BTN,93.3821
Mobile cellular subscriptions (per 100 people),IT.CEL.SETS.P2,Bolivia,BOL,90.3953
Mobile cellular subscriptions (per 100 people),IT.CEL.SETS.P2,Bosnia and Herzegovina,BIH,98.0144
Mobile cellular subscriptions (per 100 people),IT.CEL.SETS.P2,Botswana,BWA,147.173
Mobile cellular subscriptions (per 100 people),IT.CEL.SETS.P2,Brazil,BRA,120.101
Mobile cellular subscriptions (per 100 people),IT.CEL.SETS.P2,British Virgin Islands,VGB,117.153
Mobile cellular subscriptions (per 100 people),IT.CEL.SETS.P2,Brunei Darussalam,BRN,122.427
Mobile cellular subscriptions (per 100 people),IT.CEL.SETS.P2,Bulgaria,BGR,125.906
Mobile cellular subscriptions (per 100 people),IT.CEL.SETS.P2,Burkina Faso,BFA,79.6698
Mobile cellular subscriptions (per 100 people),IT.CEL.SETS.P2,Burundi,BDI,47.6697
Mobile cellular subscriptions (per 100 people),IT.CEL.SETS.P2,Cabo Verde,CPV,117.442
Mobile cellular subscriptions (per 100 people),IT.CEL.SETS.P2,Cambodia,KHM,125.628
Mobile cellular subscriptions (per 100 people),IT.CEL.SETS.P2,Cameroon,CMR,79.8046
Mobile cellular subscriptions (per 100 people),IT.CEL.SETS.P2,Canada,CAN,84.5919
Mobile cellular subscriptions (per 100 people),IT.CEL.SETS.P2,Cayman Islands,CYM,151.594
Mobile cellular subscriptions (per 100 people),IT.CEL.SETS.P2,Central African Republic,CAF,26.4836
Mobile cellular subscriptions (per 100 people),IT.CEL.SETS.P2,Chad,TCD,36.9556
Mobile cellular subscriptions (per 100 people),IT.CEL.SETS.P2,Channel Islands,CHI,..
Mobile cellular subscriptions (per 100 people),IT.CEL.SETS.P2,Chile,CHL,127.565
Mobile cellular subscriptions (per 100 people),IT.CEL.SETS.P2,China,CHN,97.2139
Mobile cellular subscriptions (per 100 people),IT.CEL.SETS.P2,Colombia,COL,123.71
Mobile cellular subscriptions (per 100 people),IT.CEL.SETS.P2,Comoros,COM,61.2598
Mobile cellular subscriptions (per 100 people),IT.CEL.SETS.P2,"Congo, Dem. Rep.",COD,34.4099
Mobile cellular subscriptions (per 100 people),IT.CEL.SETS.P2,"Congo, Rep.",COG,103.858
Mobile cellular subscriptions (per 100 people),IT.CEL.SETS.P2,Costa Rica,CRI,171.166
Mobile cellular subscriptions (per 100 people),IT.CEL.SETS.P2,Cote d'Ivoire,CIV,105.625
Mobile cellular subscriptions (per 100 people),IT.CEL.SETS.P2,Croatia,HRV,106.718
Mobile cellular subscriptions (per 100 people),IT.CEL.SETS.P2,Cuba,CUB,35.3989
Mobile cellular subscriptions (per 100 people),IT.CEL.SETS.P2,Curacao,CUW,111.242
Mobile cellular subscriptions (per 100 people),IT.CEL.SETS.P2,Cyprus,CYP,132.637
Mobile cellular subscriptions (per 100 people),IT.CEL.SETS.P2,Czechia,CZE,118.544
Mobile cellular subscriptions (per 100 people),IT.CEL.SETS.P2,Denmark,DNK,121.941
Mobile cellular subscriptions (per 100 people),IT.CEL.SETS.P2,Djibouti,DJI,33.2718
Mobile cellular subscriptions (per 100 people),IT.CEL.SETS.P2,Dominica,DMA,112.697
Mobile cellular subscriptions (per 100 people),IT.CEL.SETS.P2,Dominican Republic,DOM,82.5303
Mobile cellular subscriptions (per 100 people),IT.CEL.SETS.P2,Ecuador,ECU,84.1088
Mobile cellular subscriptions (per 100 people),IT.CEL.SETS.P2,"Egypt, Arab Rep.",EGY,96.2092
Mobile cellular subscriptions (per 100 people),IT.CEL.SETS.P2,El Salvador,SLV,155.42
Mobile cellular subscriptions (per 100 people),IT.CEL.SETS.P2,Equatorial Guinea,GNQ,38.1684
Mobile cellular subscriptions (per 100 people),IT.CEL.SETS.P2,Eritrea,ERI,16.1936
Mobile cellular subscriptions (per 100 people),IT.CEL.SETS.P2,Estonia,EST,144.235
Mobile cellular subscriptions (per 100 people),IT.CEL.SETS.P2,Ethiopia,ETH,47.9993
Mobile cellular subscriptions (per 100 people),IT.CEL.SETS.P2,Faroe Islands,FRO,110.024
Mobile cellular subscriptions (per 100 people),IT.CEL.SETS.P2,Fiji,FJI,113.656
Mobile cellular subscriptions (per 100 people),IT.CEL.SETS.P2,Finland,FIN,131.383
Mobile cellular subscriptions (per 100 people),IT.CEL.SETS.P2,France,FRA,103.817
Mobile cellular subscriptions (per 100 people),IT.CEL.SETS.P2,French Polynesia,PYF,100.334
Mobile cellular subscriptions (per 100 people),IT.CEL.SETS.P2,Gabon,GAB,141.05
Mobile cellular subscriptions (per 100 people),IT.CEL.SETS.P2,"Gambia, The",GMB,124.274
Mobile cellular subscriptions (per 100 people),IT.CEL.SETS.P2,Georgia,GEO,145.881
Mobile cellular subscriptions (per 100 people),IT.CEL.SETS.P2,Germany,DEU,125.024
Mobile cellular subscriptions (per 100 people),IT.CEL.SETS.P2,Ghana,GHA,130.481
Mobile cellular subscriptions (per 100 people),IT.CEL.SETS.P2,Gibraltar,GIB,122.218
Mobile cellular subscriptions (per 100 people),IT.CEL.SETS.P2,Greece,GRC,116.365
Mobile cellular subscriptions (per 100 people),IT.CEL.SETS.P2,Greenland,GRL,..
Mobile cellular subscriptions (per 100 people),IT.CEL.SETS.P2,Grenada,GRD,103.338
Mobile cellular subscriptions (per 100 people),IT.CEL.SETS.P2,Guam,GUM,..
Mobile cellular subscriptions (per 100 people),IT.CEL.SETS.P2,Guatemala,GTM,112.267
Mobile cellular subscriptions (per 100 people),IT.CEL.SETS.P2,Guinea,GIN,92.0233
Mobile cellular subscriptions (per 100 people),IT.CEL.SETS.P2,Guinea-Bissau,GNB,70.1916
Mobile cellular subscriptions (per 100 people),IT.CEL.SETS.P2,Guyana,GUY,76.5713
Mobile cellular subscriptions (per 100 people),IT.CEL.SETS.P2,Haiti,HTI,60.9477
Mobile cellular subscriptions (per 100 people),IT.CEL.SETS.P2,Honduras,HND,83.2181
Mobile cellular subscriptions (per 100 people),IT.CEL.SETS.P2,"Hong Kong SAR, China",HKG,237.378
Mobile cellular subscriptions (per 100 people),IT.CEL.SETS.P2,Hungary,HUN,101.442
Mobile cellular subscriptions (per 100 people),IT.CEL.SETS.P2,Iceland,ISL,119.679
Mobile cellular subscriptions (per 100 people),IT.CEL.SETS.P2,India,IND,83.9178
Mobile cellular subscriptions (per 100 people),IT.CEL.SETS.P2,Indonesia,IDN,145.704
Mobile cellular subscriptions (per 100 people),IT.CEL.SETS.P2,"Iran, Islamic Rep.",IRN,96.0722
Mobile cellular subscriptions (per 100 people),IT.CEL.SETS.P2,Iraq,IRQ,86.9439
Mobile cellular subscriptions (per 100 people),IT.CEL.SETS.P2,Ireland,IRL,102.558
Mobile cellular subscriptions (per 100 people),IT.CEL.SETS.P2,Isle of Man,IMN,..
Mobile cellular subscriptions (per 100 people),IT.CEL.SETS.P2,Israel,ISR,128.745
Mobile cellular subscriptions (per 100 people),IT.CEL.SETS.P2,Italy,ITA,142.127
Mobile cellular subscriptions (per 100 people),IT.CEL.SETS.P2,Jamaica,JAM,116.279
Mobile cellular subscriptions (per 100 people),IT.CEL.SETS.P2,Japan,JPN,131.215
Mobile cellular subscriptions (per 100 people),IT.CEL.SETS.P2,Jordan,JOR,98.122
Mobile cellular subscriptions (per 100 people),IT.CEL.SETS.P2,Kazakhstan,KAZ,139.051
Mobile cellular subscriptions (per 100 people),IT.CEL.SETS.P2,Kenya,KEN,80.9772
Mobile cellular subscriptions (per 100 people),IT.CEL.SETS.P2,Kiribati,KIR,43.89
Mobile cellular subscriptions (per 100 people),IT.CEL.SETS.P2,"Korea, Dem. People's Rep.",PRK,14.032
Mobile cellular subscriptions (per 100 people),IT.CEL.SETS.P2,"Korea, Rep.",KOR,119.49
Mobile cellular subscriptions (per 100 people),IT.CEL.SETS.P2,Kosovo,XKX,..
Mobile cellular subscriptions (per 100 people),IT.CEL.SETS.P2,Kuwait,KWT,191.294
Mobile cellular subscriptions (per 100 people),IT.CEL.SETS.P2,Kyrgyz Republic,KGZ,124.639
Mobile cellular subscriptions (per 100 people),IT.CEL.SETS.P2,Lao PDR,LAO,57.2966
Mobile cellular subscriptions (per 100 people),IT.CEL.SETS.P2,Latvia,LVA,135.227
Mobile cellular subscriptions (per 100 people),IT.CEL.SETS.P2,Lebanon,LBN,67.642
Mobile cellular subscriptions (per 100 people),IT.CEL.SETS.P2,Lesotho,LSO,107.158
Mobile cellular subscriptions (per 100 people),IT.CEL.SETS.P2,Liberia,LBR,65.5437
Mobile cellular subscriptions (per 100 people),IT.CEL.SETS.P2,Libya,LBY,115.499
Mobile cellular subscriptions (per 100 people),IT.CEL.SETS.P2,Liechtenstein,LIE,117.767
Mobile cellular subscriptions (per 100 people),IT.CEL.SETS.P2,Lithuania,LTU,146.55
Mobile cellular subscriptions (per 100 people),IT.CEL.SETS.P2,Luxembourg,LUX,130.933
Mobile cellular subscriptions (per 100 people),IT.CEL.SETS.P2,"Macao SAR, China",MAC,310.568
Mobile cellular subscriptions (per 100 people),IT.CEL.SETS.P2,North Macedonia,MKD,104.55
Mobile cellular subscriptions (per 100 people),IT.CEL.SETS.P2,Madagascar,MDG,30.6447
Mobile cellular subscriptions (per 100 people),IT.CEL.SETS.P2,Malawi,MWI,40.8844
Mobile cellular subscriptions (per 100 people),IT.CEL.SETS.P2,Malaysia,MYS,136.725
Mobile cellular subscriptions (per 100 people),IT.CEL.SETS.P2,Maldives,MDV,183.197
Mobile cellular subscriptions (per 100 people),IT.CEL.SETS.P2,Mali,MLI,105.348
Mobile cellular subscriptions (per 100 people),IT.CEL.SETS.P2,Malta,MLT,128.599
Mobile cellular subscriptions (per 100 people),IT.CEL.SETS.P2,Marshall Islands,MHL,..
Mobile cellular subscriptions (per 100 people),IT.CEL.SETS.P2,Mauritania,MRT,88.4383
Mobile cellular subscriptions (per 100 people),IT.CEL.SETS.P2,Mauritius,MUS,140.424
Mobile cellular subscriptions (per 100 people),IT.CEL.SETS.P2,Mexico,MEX,91.3942
Mobile cellular subscriptions (per 100 people),IT.CEL.SETS.P2,"Micronesia, Fed. Sts.",FSM,21.4641
Mobile cellular subscriptions (per 100 people),IT.CEL.SETS.P2,Moldova,MDA,117.008
Mobile cellular subscriptions (per 100 people),IT.CEL.SETS.P2,Monaco,MCO,89.3256
Mobile cellular subscriptions (per 100 people),IT.CEL.SETS.P2,Mongolia,MNG,110.746
Mobile cellular subscriptions (per 100 people),IT.CEL.SETS.P2,Montenegro,MNE,166.72
Mobile cellular subscriptions (per 100 people),IT.CEL.SETS.P2,Morocco,MAR,118.532
Mobile cellular subscriptions (per 100 people),IT.CEL.SETS.P2,Mozambique,MOZ,54.9641
Mobile cellular subscriptions (per 100 people),IT.CEL.SETS.P2,Myanmar,MMR,98.2343
Mobile cellular subscriptions (per 100 people),IT.CEL.SETS.P2,Namibia,NAM,109.05
Mobile cellular subscriptions (per 100 people),IT.CEL.SETS.P2,Nauru,NRU,88.7892
Mobile cellular subscriptions (per 100 people),IT.CEL.SETS.P2,Nepal,NPL,114.898
Mobile cellular subscriptions (per 100 people),IT.CEL.SETS.P2,Netherlands,NLD,121.42
Mobile cellular subscriptions (per 100 people),IT.CEL.SETS.P2,New Caledonia,NCL,..
Mobile cellular subscriptions (per 100 people),IT.CEL.SETS.P2,New Zealand,NZL,129.381
Mobile cellular subscriptions (per 100 people),IT.CEL.SETS.P2,Nicaragua,NIC,124.273
Mobile cellular subscriptions (per 100 people),IT.CEL.SETS.P2,Niger,NER,36.1205
Mobile cellular subscriptions (per 100 people),IT.CEL.SETS.P2,Nigeria,NGA,78.9701
Mobile cellular subscriptions (per 100 people),IT.CEL.SETS.P2,Northern Mariana Islands,MNP,..
Mobile cellular subscriptions (per 100 people),IT.CEL.SETS.P2,Norway,NOR,109.427
Mobile cellular subscriptions (per 100 people),IT.CEL.SETS.P2,Oman,OMN,153.291
Mobile cellular subscriptions (per 100 people),IT.CEL.SETS.P2,Pakistan,PAK,62.0013
Mobile cellular subscriptions (per 100 people),IT.CEL.SETS.P2,Palau,PLW,..
Mobile cellular subscriptions (per 100 people),IT.CEL.SETS.P2,Panama,PAN,127.616
Mobile cellular subscriptions (per 100 people),IT.CEL.SETS.P2,Papua New Guinea,PNG,42.2017
Mobile cellular subscriptions (per 100 people),IT.CEL.SETS.P2,Paraguay,PRY,119.848
Mobile cellular subscriptions (per 100 people),IT.CEL.SETS.P2,Peru,PER,119.655
Mobile cellular subscriptions (per 100 people),IT.CEL.SETS.P2,Philippines,PHL,112.518
Mobile cellular subscriptions (per 100 people),IT.CEL.SETS.P2,Poland,POL,138.519
Mobile cellular subscriptions (per 100 people),IT.CEL.SETS.P2,Portugal,PRT,111.847
Mobile cellular subscriptions (per 100 people),IT.CEL.SETS.P2,Puerto Rico (US),PRI,93.5607
Mobile cellular subscriptions (per 100 people),IT.CEL.SETS.P2,Qatar,QAT,140.518
Mobile cellular subscriptions (per 100 people),IT.CEL.SETS.P2,Romania,ROU,115.791
Mobile cellular subscriptions (per 100 people),IT.CEL.SETS.P2,Russian Federation,RUS,157.174
Mobile cellular subscriptions (per 100 people),IT.CEL.SETS.P2,Rwanda,RWA,74.8502
Mobile cellular subscriptions (per 100 people),IT.CEL.SETS.P2,Samoa,WSM,74.2058
Mobile cellular subscriptions (per 100 people),IT.CEL.SETS.P2,San Marino,SMR,107.052
Mobile cellular subscriptions (per 100 people),IT.CEL.SETS.P2,Sao Tome and Principe,STP,87.4112
Mobile cellular subscriptions (per 100 people),IT.CEL.SETS.P2,Saudi Arabia,SAU,156.041
Mobile cellular subscriptions (per 100 people),IT.CEL.SETS.P2,Senegal,SEN,101.011
Mobile cellular subscriptions (per 100 people),IT.CEL.SETS.P2,Serbia,SRB,129.177
Mobile cellular subscriptions (per 100 people),IT.CEL.SETS.P2,Seychelles,SYC,138.277
Mobile cellular subscriptions (per 100 people),IT.CEL.SETS.P2,Sierra Leone,SLE,87.1476
Mobile cellular subscriptions (per 100 people),IT.CEL.SETS.P2,Singapore,SGP,151.682
Mobile cellular subscriptions (per 100 people),IT.CEL.SETS.P2,Sint Maarten (Dutch part),SXM,..
Mobile cellular subscriptions (per 100 people),IT.CEL.SETS.P2,Slovak Republic,SVK,128.792
Mobile cellular subscriptions (per 100 people),IT.CEL.SETS.P2,Slovenia,SVN,115.736
Mobile cellular subscriptions (per 100 people),IT.CEL.SETS.P2,Solomon Islands,SLB,62.8903
Mobile cellular subscriptions (per 100 people),IT.CEL.SETS.P2,"Somalia, Fed. Rep.",SOM,46.3667
Mobile cellular subscriptions (per 100 people),IT.CEL.SETS.P2,South Africa,ZAF,143.929
Mobile cellular subscriptions (per 100 people),IT.CEL.SETS.P2,South Sudan,SSD,24.9305
Mobile cellular subscriptions (per 100 people),IT.CEL.SETS.P2,Spain,ESP,110.247
Mobile cellular subscriptions (per 100 people),IT.CEL.SETS.P2,Sri Lanka,LKA,117.738
Mobile cellular subscriptions (per 100 people),IT.CEL.SETS.P2,St. Kitts and Nevis,KNA,162.683
Mobile cellular subscriptions (per 100 people),IT.CEL.SETS.P2,St. Lucia,LCA,100.57
Mobile cellular subscriptions (per 100 people),IT.CEL.SETS.P2,St. Martin (French part),MAF,..
Mobile cellular subscriptions (per 100 people),IT.CEL.SETS.P2,St. Vincent and the Grenadines,VCT,105.924
Mobile cellular subscriptions (per 100 people),IT.CEL.SETS.P2,Sudan,SDN,67.3955
Mobile cellular subscriptions (per 100 people),IT.CEL.SETS.P2,Suriname,SUR,137.281
Mobile cellular subscriptions (per 100 people),IT.CEL.SETS.P2,Eswatini,SWZ,86.5588
Mobile cellular subscriptions (per 100 people),IT.CEL.SETS.P2,Sweden,SWE,126.402
Mobile cellular subscriptions (per 100 people),IT.CEL.SETS.P2,Switzerland,CHE,134.236
Mobile cellular subscriptions (per 100 people),IT.CEL.SETS.P2,Syrian Arab Republic,SYR,69.5529
Mobile cellular subscriptions (per 100 people),IT.CEL.SETS.P2,Tajikistan,TJK,106.027
Mobile cellular subscriptions (per 100 people),IT.CEL.SETS.P2,Tanzania,TZA,74.3984
Mobile cellular subscriptions (per 100 people),IT.CEL.SETS.P2,Thailand,THA,168.881
Mobile cellular subscriptions (per 100 people),IT.CEL.SETS.P2,Timor-Leste,TLS,121.478
Mobile cellular subscriptions (per 100 people),IT.CEL.SETS.P2,Togo,TGO,70.0588
Mobile cellular subscriptions (per 100 people),IT.CEL.SETS.P2,Tonga,TON,75.8121
Mobile cellular subscriptions (per 100 people),IT.CEL.SETS.P2,Trinidad and Tobago,TTO,150.717
Mobile cellular subscriptions (per 100 people),IT.CEL.SETS.P2,Tunisia,TUN,123.883
Mobile cellular subscriptions (per 100 people),IT.CEL.SETS.P2,Turkiye,TUR,91.9287
Mobile cellular subscriptions (per 100 people),IT.CEL.SETS.P2,Turkmenistan,TKM,134.826
Mobile cellular subscriptions (per 100 people),IT.CEL.SETS.P2,Turks and Caicos Islands,TCA,..
Mobile cellular subscriptions (per 100 people),IT.CEL.SETS.P2,Tuvalu,TUV,69.5334
Mobile cellular subscriptions (per 100 people),IT.CEL.SETS.P2,Uganda,UGA,58.8634
Mobile cellular subscriptions (per 100 people),IT.CEL.SETS.P2,Ukraine,UKR,133.169
Mobile cellular subscriptions (per 100 people),IT.CEL.SETS.P2,United Arab Emirates,ARE,220.412
Mobile cellular subscriptions (per 100 people),IT.CEL.SETS.P2,United Kingdom,GBR,119.787
Mobile cellular subscriptions (per 100 people),IT.CEL.SETS.P2,United States,USA,102.752
Mobile cellular subscriptions (per 100 people),IT.CEL.SETS.P2,Uruguay,URY,151.415
Mobile cellular subscriptions (per 100 people),IT.CEL.SETS.P2,Uzbekistan,UZB,74.367
Mobile cellular subscriptions (per 100 people),IT.CEL.SETS.P2,Vanuatu,VUT,80.3431
Mobile cellular subscriptions (per 100 people),IT.CEL.SETS.P2,"Venezuela, RB",VEN,89.7131
Mobile cellular subscriptions (per 100 people),IT.CEL.SETS.P2,Viet Nam,VNM,128.298
Mobile cellular subscriptions (per 100 people),IT.CEL.SETS.P2,Virgin Islands (U.S.),VIR,..
Mobile cellular subscriptions (per 100 people),IT.CEL.SETS.P2,West Bank and Gaza,PSE,80.1511
Mobile cellular subscriptions (per 100 people),IT.CEL.SETS.P2,"Yemen, Rep.",YEM,51.179
Mobile cellular subscriptions (per 100 people),IT.CEL.SETS.P2,Zambia,ZMB,71.0461
Mobile cellular subscriptions (per 100 people),IT.CEL.SETS.P2,Zimbabwe,ZWE,88.21
High-technology exports (% of manufactured exports),TX.VAL.TECH.MF.ZS,Afghanistan,AFG,..
High-technology exports (% of manufactured exports),TX.VAL.TECH.MF.ZS,Albania,ALB,0.784313365143227
High-technology exports (% of manufactured exports),TX.VAL.TECH.MF.ZS,Algeria,DZA,0.489614088330072
High-technology exports (% of manufactured exports),TX.VAL.TECH.MF.ZS,American Samoa,ASM,..
High-technology exports (% of manufactured exports),TX.VAL.TECH.MF.ZS,Andorra,AND,24.4309106376305
High-technology exports (% of manufactured exports),TX.VAL.TECH.MF.ZS,Angola,AGO,12.9883050935056
High-technology exports (% of manufactured exports),TX.VAL.TECH.MF.ZS,Antigua and Barbuda,ATG,0.0260556980755776
High-technology exports (% of manufactured exports),TX.VAL.TECH.MF.ZS,Argentina,ARG,8.9823994804111
High-technology exports (% of manufactured exports),TX.VAL.TECH.MF.ZS,Armenia,ARM,6.13769143045383
High-technology exports (% of manufactured exports),TX.VAL.TECH.MF.ZS,Aruba,ABW,4.04238531863215
High-technology exports (% of manufactured exports),TX.VAL.TECH.MF.ZS,Australia,AUS,20.6275044745549
High-technology exports (% of manufactured exports),TX.VAL.TECH.MF.ZS,Austria,AUT,14.4532591877111
High-technology exports (% of manufactured exports),TX.VAL.TECH.MF.ZS,Azerbaijan,AZE,2.8122107826307
High-technology exports (% of manufactured exports),TX.VAL.TECH.MF.ZS,"Bahamas, The",BHS,2.10443665797755
High-technology exports (% of manufactured exports),TX.VAL.TECH.MF.ZS,Bahrain,BHR,1.05834005006869
High-technology exports (% of manufactured exports),TX.VAL.TECH.MF.ZS,Bangladesh,BGD,0.242933626284075
High-technology exports (% of manufactured exports),TX.VAL.TECH.MF.ZS,Barbados,BRB,..
High-technology exports (% of manufactured exports),TX.VAL.TECH.MF.ZS,Belarus,BLR,4.87527975282095
High-technology exports (% of manufactured exports),TX.VAL.TECH.MF.ZS,Belgium,BEL,13.3312451633933
High-technology exports (% of manufactured exports),TX.VAL.TECH.MF.ZS,Belize,BLZ,0
High-technology exports (% of manufactured exports),TX.VAL.TECH.MF.ZS,Benin,BEN,1.24487830227425
High-technology exports (% of manufactured exports),TX.VAL.TECH.MF.ZS,Bermuda,BMU,48.7853656585815
High-technology exports (% of manufactured exports),TX.VAL.TECH.MF.ZS,Bhutan,BTN,..
High-technology exports (% of manufactured exports),TX.VAL.TECH.MF.ZS,Bolivia,BOL,4.45996657268455
High-technology exports (% of manufactured exports),TX.VAL.TECH.MF.ZS,Bosnia and Herzegovina,BIH,2.73442380884611
High-technology exports (% of manufactured exports),TX.VAL.TECH.MF.ZS,Botswana,BWA,0.424915581396886
High-technology exports (% of manufactured exports),TX.VAL.TECH.MF.ZS,Brazil,BRA,16.0001642772964
High-technology exports (% of manufactured exports),TX.VAL.TECH.MF.ZS,British Virgin Islands,VGB,..
High-technology exports (% of manufactured exports),TX.VAL.TECH.MF.ZS,Brunei Darussalam,BRN,13.5766744202278
High-technology exports (% of manufactured exports),TX.VAL.TECH.MF.ZS,Bulgaria,BGR,8.98610305298707
High-technology exports (% of manufactured exports),TX.VAL.TECH.MF.ZS,Burkina Faso,BFA,5.94496725526008
High-technology exports (% of manufactured exports),TX.VAL.TECH.MF.ZS,Burundi,BDI,3.1959825567903
High-technology exports (% of manufactured exports),TX.VAL.TECH.MF.ZS,Cabo Verde,CPV,..
High-technology exports (% of manufactured exports),TX.VAL.TECH.MF.ZS,Cambodia,KHM,1.8586809100055
High-technology exports (% of manufactured exports),TX.VAL.TECH.MF.ZS,Cameroon,CMR,5.61841773540935
High-technology exports (% of manufactured exports),TX.VAL.TECH.MF.ZS,Canada,CAN,14.0996116936098
High-technology exports (% of manufactured exports),TX.VAL.TECH.MF.ZS,Cayman Islands,CYM,..
High-technology exports (% of manufactured exports),TX.VAL.TECH.MF.ZS,Central African Republic,CAF,11.77186175421
High-technology exports (% of manufactured exports),TX.VAL.TECH.MF.ZS,Chad,TCD,..
High-technology exports (% of manufactured exports),TX.VAL.TECH.MF.ZS,Channel Islands,CHI,..
High-technology exports (% of manufactured exports),TX.VAL.TECH.MF.ZS,Chile,CHL,8.42437955941115
High-technology exports (% of manufactured exports),TX.VAL.TECH.MF.ZS,China,CHN,30.2545232296357
High-technology exports (% of manufactured exports),TX.VAL.TECH.MF.ZS,Colombia,COL,10.1857957756345
High-technology exports (% of manufactured exports),TX.VAL.TECH.MF.ZS,Comoros,COM,0.230530375770608
High-technology exports (% of manufactured exports),TX.VAL.TECH.MF.ZS,"Congo, Dem. Rep.",COD,0.310225164953757
High-technology exports (% of manufactured exports),TX.VAL.TECH.MF.ZS,"Congo, Rep.",COG,1.15950410511852
High-technology exports (% of manufactured exports),TX.VAL.TECH.MF.ZS,Costa Rica,CRI,18.4424705219172
High-technology exports (% of manufactured exports),TX.VAL.TECH.MF.ZS,Cote d'Ivoire,CIV,8.59367223098391
High-technology exports (% of manufactured exports),TX.VAL.TECH.MF.ZS,Croatia,HRV,14.4016994474882
High-technology exports (% of manufactured exports),TX.VAL.TECH.MF.ZS,Cuba,CUB,35.0033320156303
High-technology exports (% of manufactured exports),TX.VAL.TECH.MF.ZS,Curacao,CUW,..
High-technology exports (% of manufactured exports),TX.VAL.TECH.MF.ZS,Cyprus,CYP,13.3285149968646
High-technology exports (% of manufactured exports),TX.VAL.TECH.MF.ZS,Czechia,CZE,16.8728021438796
High-technology exports (% of manufactured exports),TX.VAL.TECH.MF.ZS,Denmark,DNK,14.8833242354843
High-technology exports (% of manufactured exports),TX.VAL.TECH.MF.ZS,Djibouti,DJI,..
High-technology exports (% of manufactured exports),TX.VAL.TECH.MF.ZS,Dominica,DMA,9.62334924307427
High-technology exports (% of manufactured exports),TX.VAL.TECH.MF.ZS,Dominican Republic,DOM,4.42181482516597
High-technology exports (% of manufactured exports),TX.VAL.TECH.MF.ZS,Ecuador,ECU,9.19247360777488
High-technology exports (% of manufactured exports),TX.VAL.TECH.MF.ZS,"Egypt, Arab Rep.",EGY,0.504375385317036
High-technology exports (% of manufactured exports),TX.VAL.TECH.MF.ZS,El Salvador,SLV,5.37320139679434
High-technology exports (% of manufactured exports),TX.VAL.TECH.MF.ZS,Equatorial Guinea,GNQ,..
High-technology exports (% of manufactured exports),TX.VAL.TECH.MF.ZS,Eritrea,ERI,..
High-technology exports (% of manufactured exports),TX.VAL.TECH.MF.ZS,Estonia,EST,21.9072583684186
High-technology exports (% of manufactured exports),TX.VAL.TECH.MF.ZS,Ethiopia,ETH,6.82740269371127
High-technology exports (% of manufactured exports),TX.VAL.TECH.MF.ZS,Faroe Islands,FRO,..
High-technology exports (% of manufactured exports),TX.VAL.TECH.MF.ZS,Fiji,FJI,2.84203358700427
High-technology exports (% of manufactured exports),TX.VAL.TECH.MF.ZS,Finland,FIN,10.052829776298
High-technology exports (% of manufactured exports),TX.VAL.TECH.MF.ZS,France,FRA,27.9331801598168
High-technology exports (% of manufactured exports),TX.VAL.TECH.MF.ZS,French Polynesia,PYF,22.2084033244462
High-technology exports (% of manufactured exports),TX.VAL.TECH.MF.ZS,Gabon,GAB,1.5764201645108
High-technology exports (% of manufactured exports),TX.VAL.TECH.MF.ZS,"Gambia, The",GMB,0
High-technology exports (% of manufactured exports),TX.VAL.TECH.MF.ZS,Georgia,GEO,3.44853487096684
High-technology exports (% of manufactured exports),TX.VAL.TECH.MF.ZS,Germany,DEU,18.0827014214761
High-technology exports (% of manufactured exports),TX.VAL.TECH.MF.ZS,Ghana,GHA,2.29813974435795
High-technology exports (% of manufactured exports),TX.VAL.TECH.MF.ZS,Gibraltar,GIB,..
High-technology exports (% of manufactured exports),TX.VAL.TECH.MF.ZS,Greece,GRC,13.7270081175833
High-technology exports (% of manufactured exports),TX.VAL.TECH.MF.ZS,Greenland,GRL,4.80662545173762
High-technology exports (% of manufactured exports),TX.VAL.TECH.MF.ZS,Grenada,GRD,32.2183671192355
High-technology exports (% of manufactured exports),TX.VAL.TECH.MF.ZS,Guam,GUM,..
High-technology exports (% of manufactured exports),TX.VAL.TECH.MF.ZS,Guatemala,GTM,5.81591535262668
High-technology exports (% of manufactured exports),TX.VAL.TECH.MF.ZS,Guinea,GIN,0.899971742078623
High-technology exports (% of manufactured exports),TX.VAL.TECH.MF.ZS,Guinea-Bissau,GNB,..
High-technology exports (% of manufactured exports),TX.VAL.TECH.MF.ZS,Guyana,GUY,0.197005796128114
High-technology exports (% of manufactured exports),TX.VAL.TECH.MF.ZS,Haiti,HTI,..
High-technology exports (% of manufactured exports),TX.VAL.TECH.MF.ZS,Honduras,HND,2.83717179282699
High-technology exports (% of manufactured exports),TX.VAL.TECH.MF.ZS,"Hong Kong SAR, China",HKG,13.4708648681174
High-technology exports (% of manufactured exports),TX.VAL.TECH.MF.ZS,Hungary,HUN,17.5764530213374
High-technology exports (% of manufactured exports),TX.VAL.TECH.MF.ZS,Iceland,ISL,23.3894322573227
High-technology exports (% of manufactured exports),TX.VAL.TECH.MF.ZS,India,IND,7.66325704378624
High-technology exports (% of manufactured exports),TX.VAL.TECH.MF.ZS,Indonesia,IDN,7.99860974921307
High-technology exports (% of manufactured exports),TX.VAL.TECH.MF.ZS,"Iran, Islamic Rep.",IRN,1.39878294404259
High-technology exports (% of manufactured exports),TX.VAL.TECH.MF.ZS,Iraq,IRQ,..
High-technology exports (% of manufactured exports),TX.VAL.TECH.MF.ZS,Ireland,IRL,32.8418171476767
High-technology exports (% of manufactured exports),TX.VAL.TECH.MF.ZS,Isle of Man,IMN,..
High-technology exports (% of manufactured exports),TX.VAL.TECH.MF.ZS,Israel,ISR,21.8196172712291
High-technology exports (% of manufactured exports),TX.VAL.TECH.MF.ZS,Italy,ITA,8.29074616964551
High-technology exports (% of manufactured exports),TX.VAL.TECH.MF.ZS,Jamaica,JAM,4.12770569220042
High-technology exports (% of manufactured exports),TX.VAL.TECH.MF.ZS,Japan,JPN,17.620423854837
High-technology exports (% of manufactured exports),TX.VAL.TECH.MF.ZS,Jordan,JOR,3.37782667964516
High-technology exports (% of manufactured exports),TX.VAL.TECH.MF.ZS,Kazakhstan,KAZ,32.0985345639872
High-technology exports (% of manufactured exports),TX.VAL.TECH.MF.ZS,Kenya,KEN,7.58623435569943
High-technology exports (% of manufactured exports),TX.VAL.TECH.MF.ZS,Kiribati,KIR,2.75950742368185
High-technology exports (% of manufactured exports),TX.VAL.TECH.MF.ZS,"Korea, Dem. People's Rep.",PRK,..
High-technology exports (% of manufactured exports),TX.VAL.TECH.MF.ZS,"Korea, Rep.",KOR,30.5250266717443
High-technology exports (% of manufactured exports),TX.VAL.TECH.MF.ZS,Kosovo,XKX,..
High-technology exports (% of manufactured exports),TX.VAL.TECH.MF.ZS,Kuwait,KWT,0.147979853189137
High-technology exports (% of manufactured exports),TX.VAL.TECH.MF.ZS,Kyrgyz Republic,KGZ,19.631318350849
High-technology exports (% of manufactured exports),TX.VAL.TECH.MF.ZS,Lao PDR,LAO,33.5741001661276
High-technology exports (% of manufactured exports),TX.VAL.TECH.MF.ZS,Latvia,LVA,17.2405295215294
High-technology exports (% of manufactured exports),TX.VAL.TECH.MF.ZS,Lebanon,LBN,2.82254509400518
High-technology exports (% of manufactured exports),TX.VAL.TECH.MF.ZS,Lesotho,LSO,0.582000547378695
High-technology exports (% of manufactured exports),TX.VAL.TECH.MF.ZS,Liberia,LBR,..
High-technology exports (% of manufactured exports),TX.VAL.TECH.MF.ZS,Libya,LBY,..
High-technology exports (% of manufactured exports),TX.VAL.TECH.MF.ZS,Liechtenstein,LIE,..
High-technology exports (% of manufactured exports),TX.VAL.TECH.MF.ZS,Lithuania,LTU,12.6400013901436
High-technology exports (% of manufactured exports),TX.VAL.TECH.MF.ZS,Luxembourg,LUX,7.96708640448661
High-technology exports (% of manufactured exports),TX.VAL.TECH.MF.ZS,"Macao SAR, China",MAC,..
High-technology exports (% of manufactured exports),TX.VAL.TECH.MF.ZS,North Macedonia,MKD,2.83705522973465
High-technology exports (% of manufactured exports),TX.VAL.TECH.MF.ZS,Madagascar,MDG,1.54980929380356
High-technology exports (% of manufactured exports),TX.VAL.TECH.MF.ZS,Malawi,MWI,2.37156083791477
High-technology exports (% of manufactured exports),TX.VAL.TECH.MF.ZS,Malaysia,MYS,49.058669616671
High-technology exports (% of manufactured exports),TX.VAL.TECH.MF.ZS,Maldives,MDV,0.025307379209988
High-technology exports (% of manufactured exports),TX.VAL.TECH.MF.ZS,Mali,MLI,6.49934688425637
High-technology exports (% of manufactured exports),TX.VAL.TECH.MF.ZS,Malta,MLT,21.9332549680228
High-technology exports (% of manufactured exports),TX.VAL.TECH.MF.ZS,Marshall Islands,MHL,..
High-technology exports (% of manufactured exports),TX.VAL.TECH.MF.ZS,Mauritania,MRT,0.00204652495411598
High-technology exports (% of manufactured exports),TX.VAL.TECH.MF.ZS,Mauritius,MUS,0.108502818582773
High-technology exports (% of manufactured exports),TX.VAL.TECH.MF.ZS,Mexico,MEX,20.6541116351274
High-technology exports (% of manufactured exports),TX.VAL.TECH.MF.ZS,"Micronesia, Fed. Sts.",FSM,..
High-technology exports (% of manufactured exports),TX.VAL.TECH.MF.ZS,Moldova,MDA,3.48388749123713
High-technology exports (% of manufactured exports),TX.VAL.TECH.MF.ZS,Monaco,MCO,..
High-technology exports (% of manufactured exports),TX.VAL.TECH.MF.ZS,Mongolia,MNG,16.4846204108777
High-technology exports (% of manufactured exports),TX.VAL.TECH.MF.ZS,Montenegro,MNE,5.56462581692143
High-technology exports (% of manufactured exports),TX.VAL.TECH.MF.ZS,Morocco,MAR,3.74498746856588
High-technology exports (% of manufactured exports),TX.VAL.TECH.MF.ZS,Mozambique,MOZ,1.62085804316688
High-technology exports (% of manufactured exports),TX.VAL.TECH.MF.ZS,Myanmar,MMR,7.53383676615383
High-technology exports (% of manufactured exports),TX.VAL.TECH.MF.ZS,Namibia,NAM,2.22542142743533
High-technology exports (% of manufactured exports),TX.VAL.TECH.MF.ZS,Nauru,NRU,..
High-technology exports (% of manufactured exports),TX.VAL.TECH.MF.ZS,Nepal,NPL,0.822614406932481
High-technology exports (% of manufactured exports),TX.VAL.TECH.MF.ZS,Netherlands,NLD,24.0087404866077
High-technology exports (% of manufactured exports),TX.VAL.TECH.MF.ZS,New Caledonia,NCL,..
High-technology exports (% of manufactured exports),TX.VAL.TECH.MF.ZS,New Zealand,NZL,10.8777020288641
High-technology exports (% of manufactured exports),TX.VAL.TECH.MF.ZS,Nicaragua,NIC,0.798662569451357
High-technology exports (% of manufactured exports),TX.VAL.TECH.MF.ZS,Niger,NER,6.84597615137191
High-technology exports (% of manufactured exports),TX.VAL.TECH.MF.ZS,Nigeria,NGA,2.35102616010413
High-technology exports (% of manufactured exports),TX.VAL.TECH.MF.ZS,Northern Mariana Islands,MNP,..
High-technology exports (% of manufactured exports),TX.VAL.TECH.MF.ZS,Norway,NOR,20.9563395259628
High-technology exports (% of manufactured exports),TX.VAL.TECH.MF.ZS,Oman,OMN,1.52100556342923
High-technology exports (% of manufactured exports),TX.VAL.TECH.MF.ZS,Pakistan,PAK,1.95739155772638
High-technology exports (% of manufactured exports),TX.VAL.TECH.MF.ZS,Palau,PLW,60.4568609589853
High-technology exports (% of manufactured exports),TX.VAL.TECH.MF.ZS,Panama,PAN,1.15654400726274
High-technology exports (% of manufactured exports),TX.VAL.TECH.MF.ZS,Papua New Guinea,PNG,..
High-technology exports (% of manufactured exports),TX.VAL.TECH.MF.ZS,Paraguay,PRY,7.63626798600085
High-technology exports (% of manufactured exports),TX.VAL.TECH.MF.ZS,Peru,PER,4.79971259913924
High-technology exports (% of manufactured exports),TX.VAL.TECH.MF.ZS,Philippines,PHL,..
High-technology exports (% of manufactured exports),TX.VAL.TECH.MF.ZS,Poland,POL,10.7154228014203
High-technology exports (% of manufactured exports),TX.VAL.TECH.MF.ZS,Portugal,PRT,5.80540001054449
High-technology exports (% of manufactured exports),TX.VAL.TECH.MF.ZS,Puerto Rico (US),PRI,..
High-technology exports (% of manufactured exports),TX.VAL.TECH.MF.ZS,Qatar,QAT,0.00113290778731859
High-technology exports (% of manufactured exports),TX.VAL.TECH.MF.ZS,Romania,ROU,10.3924513925489
High-technology exports (% of manufactured exports),TX.VAL.TECH.MF.ZS,Russian Federation,RUS,15.7901190501232
High-technology exports (% of manufactured exports),TX.VAL.TECH.MF.ZS,Rwanda,RWA,13.5312841197923
High-technology exports (% of manufactured exports),TX.VAL.TECH.MF.ZS,Samoa,WSM,1.01847881441006
High-technology exports (% of manufactured exports),TX.VAL.TECH.MF.ZS,San Marino,SMR,..
High-technology exports (% of manufactured exports),TX.VAL.TECH.MF.ZS,Sao Tome and Principe,STP,68.1428492464163
High-technology exports (% of manufactured exports),TX.VAL.TECH.MF.ZS,Saudi Arabia,SAU,1.30537351092227
High-technology exports (% of manufactured exports),TX.VAL.TECH.MF.ZS,Senegal,SEN,2.71866597279454
High-technology exports (% of manufactured exports),TX.VAL.TECH.MF.ZS,Serbia,SRB,..
High-technology exports (% of manufactured exports),TX.VAL.TECH.MF.ZS,Seychelles,SYC,3.77391153812862
High-technology exports (% of manufactured exports),TX.VAL.TECH.MF.ZS,Sierra Leone,SLE,0.00126037673647035
High-technology exports (% of manufactured exports),TX.VAL.TECH.MF.ZS,Singapore,SGP,52.2327295013631
High-technology exports (% of manufactured exports),TX.VAL.TECH.MF.ZS,Sint Maarten (Dutch part),SXM,..
High-technology exports (% of manufactured exports),TX.VAL.TECH.MF.ZS,Slovak Republic,SVK,10.7371880441488
High-technology exports (% of manufactured exports),TX.VAL.TECH.MF.ZS,Slovenia,SVN,7.14418674805758
High-technology exports (% of manufactured exports),TX.VAL.TECH.MF.ZS,Solomon Islands,SLB,1.74290501170671
High-technology exports (% of manufactured exports),TX.VAL.TECH.MF.ZS,"Somalia, Fed. Rep.",SOM,..
High-technology exports (% of manufactured exports),TX.VAL.TECH.MF.ZS,South Africa,ZAF,6.65712319984824
High-technology exports (% of manufactured exports),TX.VAL.TECH.MF.ZS,South Sudan,SSD,..
High-technology exports (% of manufactured exports),TX.VAL.TECH.MF.ZS,Spain,ESP,7.80248141094868
High-technology exports (% of manufactured exports),TX.VAL.TECH.MF.ZS,Sri Lanka,LKA,0.94390431969077
High-technology exports (% of manufactured exports),TX.VAL.TECH.MF.ZS,St. Kitts and Nevis,KNA,25.7634764740236
High-technology exports (% of manufactured exports),TX.VAL.TECH.MF.ZS,St. Lucia,LCA,6.42816003025321
High-technology exports (% of manufactured exports),TX.VAL.TECH.MF.ZS,St. Martin (French part),MAF,..
High-technology exports (% of manufactured exports),TX.VAL.TECH.MF.ZS,St. Vincent and the Grenadines,VCT,0.00401031383724292
High-technology exports (% of manufactured exports),TX.VAL.TECH.MF.ZS,Sudan,SDN,1.15970094833133
High-technology exports (% of manufactured exports),TX.VAL.TECH.MF.ZS,Suriname,SUR,20.0322377368517
High-technology exports (% of manufactured exports),TX.VAL.TECH.MF.ZS,Eswatini,SWZ,0.200467504294285
High-technology exports (% of manufactured exports),TX.VAL.TECH.MF.ZS,Sweden,SWE,17.8376016375053
High-technology exports (% of manufactured exports),TX.VAL.TECH.MF.ZS,Switzerland,CHE,27.335457169438
High-technology exports (% of manufactured exports),TX.VAL.TECH.MF.ZS,Syrian Arab Republic,SYR,..
High-technology exports (% of manufactured exports),TX.VAL.TECH.MF.ZS,Tajikistan,TJK,33.786721545945
High-technology exports (% of manufactured exports),TX.VAL.TECH.MF.ZS,Tanzania,TZA,2.31952756480127
High-technology exports (% of manufactured exports),TX.VAL.TECH.MF.ZS,Thailand,THA,24.1533912741093
High-technology exports (% of manufactured exports),TX.VAL.TECH.MF.ZS,Timor-Leste,TLS,..
High-technology exports (% of manufactured exports),TX.VAL.TECH.MF.ZS,Togo,TGO,0.0998030691143818
High-technology exports (% of manufactured exports),TX.VAL.TECH.MF.ZS,Tonga,TON,..
High-technology exports (% of manufactured exports),TX.VAL.TECH.MF.ZS,Trinidad and Tobago,TTO,0.157263834515161
High-technology exports (% of manufactured exports),TX.VAL.TECH.MF.ZS,Tunisia,TUN,7.85596751497277
High-technology exports (% of manufactured exports),TX.VAL.TECH.MF.ZS,Turkiye,TUR,3.03814599740941
High-technology exports (% of manufactured exports),TX.VAL.TECH.MF.ZS,Turkmenistan,TKM,..
High-technology exports (% of manufactured exports),TX.VAL.TECH.MF.ZS,Turks and Caicos Islands,TCA,..
High-technology exports (% of manufactured exports),TX.VAL.TECH.MF.ZS,Tuvalu,TUV,..
High-technology exports (% of manufactured exports),TX.VAL.TECH.MF.ZS,Uganda,UGA,2.05103990718418
High-technology exports (% of manufactured exports),TX.VAL.TECH.MF.ZS,Ukraine,UKR,6.67894123051556
High-technology exports (% of manufactured exports),TX.VAL.TECH.MF.ZS,United Arab Emirates,ARE,2.61902840521391
High-technology exports (% of manufactured exports),TX.VAL.TECH.MF.ZS,United Kingdom,GBR,23.5591126028431
High-technology exports (% of manufactured exports),TX.VAL.TECH.MF.ZS,United States,USA,22.4192942002286
High-technology exports (% of manufactured exports),TX.VAL.TECH.MF.ZS,Uruguay,URY,10.5960535494658
High-technology exports (% of manufactured exports),TX.VAL.TECH.MF.ZS,Uzbekistan,UZB,..
High-technology exports (% of manufactured exports),TX.VAL.TECH.MF.ZS,Vanuatu,VUT,..
High-technology exports (% of manufactured exports),TX.VAL.TECH.MF.ZS,"Venezuela, RB",VEN,..
High-technology exports (% of manufactured exports),TX.VAL.TECH.MF.ZS,Viet Nam,VNM,38.0569617054575
High-technology exports (% of manufactured exports),TX.VAL.TECH.MF.ZS,Virgin Islands (U.S.),VIR,..
High-technology exports (% of manufactured exports),TX.VAL.TECH.MF.ZS,West Bank and Gaza,PSE,0.717403672954043
High-technology exports (% of manufactured exports),TX.VAL.TECH.MF.ZS,"Yemen, Rep.",YEM,..
High-technology exports (% of manufactured exports),TX.VAL.TECH.MF.ZS,Zambia,ZMB,22.5255637247844
High-technology exports (% of manufactured exports),TX.VAL.TECH.MF.ZS,Zimbabwe,ZWE,5.16438263725404
Merchandise trade (% of GDP),TG.VAL.TOTL.GD.ZS,Afghanistan,AFG,39.3562305524053
Merchandise trade (% of GDP),TG.VAL.TOTL.GD.ZS,Albania,ALB,54.8184299528536
Merchandise trade (% of GDP),TG.VAL.TOTL.GD.ZS,Algeria,DZA,42.6606340094642
Merchandise trade (% of GDP),TG.VAL.TOTL.GD.ZS,American Samoa,ASM,155.439642324888
Merchandise trade (% of GDP),TG.VAL.TOTL.GD.ZS,Andorra,AND,50.0930073064665
Merchandise trade (% of GDP),TG.VAL.TOTL.GD.ZS,Angola,AGO,67.8526847234907
Merchandise trade (% of GDP),TG.VAL.TOTL.GD.ZS,Antigua and Barbuda,ATG,36.1841205590351
Merchandise trade (% of GDP),TG.VAL.TOTL.GD.ZS,Argentina,ARG,20.4045569707469
Merchandise trade (% of GDP),TG.VAL.TOTL.GD.ZS,Armenia,ARM,48.0270677989147
Merchandise trade (% of GDP),TG.VAL.TOTL.GD.ZS,Aruba,ABW,47.659946400395
Merchandise trade (% of GDP),TG.VAL.TOTL.GD.ZS,Australia,AUS,32.0880496334806
Merchandise trade (% of GDP),TG.VAL.TOTL.GD.ZS,Austria,AUT,78.6885817672096
Merchandise trade (% of GDP),TG.VAL.TOTL.GD.ZS,Azerbaijan,AZE,57.033833622396
Merchandise trade (% of GDP),TG.VAL.TOTL.GD.ZS,"Bahamas, The",BHS,28.4321894805949
Merchandise trade (% of GDP),TG.VAL.TOTL.GD.ZS,Bahrain,BHR,71.9026987655251
Merchandise trade (% of GDP),TG.VAL.TOTL.GD.ZS,Bangladesh,BGD,30.0371931294657
Merchandise trade (% of GDP),TG.VAL.TOTL.GD.ZS,Barbados,BRB,37.6942868219786
Merchandise trade (% of GDP),TG.VAL.TOTL.GD.ZS,Belarus,BLR,106.609849828856
Merchandise trade (% of GDP),TG.VAL.TOTL.GD.ZS,Belgium,BEL,163.94467948923
Merchandise trade (% of GDP),TG.VAL.TOTL.GD.ZS,Belize,BLZ,62.3324216174821
Merchandise trade (% of GDP),TG.VAL.TOTL.GD.ZS,Benin,BEN,39.3027165030984
Merchandise trade (% of GDP),TG.VAL.TOTL.GD.ZS,Bermuda,BMU,14.4349687988729
Merchandise trade (% of GDP),TG.VAL.TOTL.GD.ZS,Bhutan,BTN,64.7718734400751
Merchandise trade (% of GDP),TG.VAL.TOTL.GD.ZS,Bolivia,BOL,45.693828517621
Merchandise trade (% of GDP),TG.VAL.TOTL.GD.ZS,Bosnia and Herzegovina,BIH,84.5595729727741
Merchandise trade (% of GDP),TG.VAL.TOTL.GD.ZS,Botswana,BWA,89.5665647535844
Merchandise trade (% of GDP),TG.VAL.TOTL.GD.ZS,Brazil,BRA,18.0862737611989
Merchandise trade (% of GDP),TG.VAL.TOTL.GD.ZS,British Virgin Islands,VGB,..
Merchandise trade (% of GDP),TG.VAL.TOTL.GD.ZS,Brunei Darussalam,BRN,66.2616115308554
Merchandise trade (% of GDP),TG.VAL.TOTL.GD.ZS,Bulgaria,BGR,102.921603146506
Merchandise trade (% of GDP),TG.VAL.TOTL.GD.ZS,Burkina Faso,BFA,45.6154788056682
Merchandise trade (% of GDP),TG.VAL.TOTL.GD.ZS,Burundi,BDI,28.3030421218661
Merchandise trade (% of GDP),TG.VAL.TOTL.GD.ZS,Cabo Verde,CPV,58.2228257344718
Merchandise trade (% of GDP),TG.VAL.TOTL.GD.ZS,Cambodia,KHM,84.4989431811055
Merchandise trade (% of GDP),TG.VAL.TOTL.GD.ZS,Cameroon,CMR,25.1697970267184
Merchandise trade (% of GDP),TG.VAL.TOTL.GD.ZS,Canada,CAN,52.5480211402878
Merchandise trade (% of GDP),TG.VAL.TOTL.GD.ZS,Cayman Islands,CYM,22.0193329335673
Merchandise trade (% of GDP),TG.VAL.TOTL.GD.ZS,Central African Republic,CAF,28.1641035463183
Merchandise trade (% of GDP),TG.VAL.TOTL.GD.ZS,Chad,TCD,34.9677464375845
Merchandise trade (% of GDP),TG.VAL.TOTL.GD.ZS,Channel Islands,CHI,..
Merchandise trade (% of GDP),TG.VAL.TOTL.GD.ZS,Chile,CHL,48.16381541128
Merchandise trade (% of GDP),TG.VAL.TOTL.GD.ZS,China,CHN,32.1713447236719
Merchandise trade (% of GDP),TG.VAL.TOTL.GD.ZS,Colombia,COL,27.1102054372515
Merchandise trade (% of GDP),TG.VAL.TOTL.GD.ZS,Comoros,COM,24.6831792211196
Merchandise trade (% of GDP),TG.VAL.TOTL.GD.ZS,"Congo, Dem. Rep.",COD,32.8625034132415
Merchandise trade (% of GDP),TG.VAL.TOTL.GD.ZS,"Congo, Rep.",COG,175.376676424384
Merchandise trade (% of GDP),TG.VAL.TOTL.GD.ZS,Costa Rica,CRI,43.8713806939583
Merchandise trade (% of GDP),TG.VAL.TOTL.GD.ZS,Cote d'Ivoire,CIV,40.1939680399576
Merchandise trade (% of GDP),TG.VAL.TOTL.GD.ZS,Croatia,HRV,67.8357370109289
Merchandise trade (% of GDP),TG.VAL.TOTL.GD.ZS,Cuba,CUB,13.7757949091962
Merchandise trade (% of GDP),TG.VAL.TOTL.GD.ZS,Curacao,CUW,61.1963502025187
Merchandise trade (% of GDP),TG.VAL.TOTL.GD.ZS,Cyprus,CYP,51.2912804825712
Merchandise trade (% of GDP),TG.VAL.TOTL.GD.ZS,Czechia,CZE,154.284912592599
Merchandise trade (% of GDP),TG.VAL.TOTL.GD.ZS,Denmark,DNK,57.9274548996521
Merchandise trade (% of GDP),TG.VAL.TOTL.GD.ZS,Djibouti,DJI,155.818416964649
Merchandise trade (% of GDP),TG.VAL.TOTL.GD.ZS,Dominica,DMA,37.8645002176121
Merchandise trade (% of GDP),TG.VAL.TOTL.GD.ZS,Dominican Republic,DOM,36.0528835421955
Merchandise trade (% of GDP),TG.VAL.TOTL.GD.ZS,Ecuador,ECU,33.9116556219668
Merchandise trade (% of GDP),TG.VAL.TOTL.GD.ZS,"Egypt, Arab Rep.",EGY,24.4424798848454
Merchandise trade (% of GDP),TG.VAL.TOTL.GD.ZS,El Salvador,SLV,63.0223182341846
Merchandise trade (% of GDP),TG.VAL.TOTL.GD.ZS,Equatorial Guinea,GNQ,65.1198690330496
Merchandise trade (% of GDP),TG.VAL.TOTL.GD.ZS,Eritrea,ERI,53.1746521038647
Merchandise trade (% of GDP),TG.VAL.TOTL.GD.ZS,Estonia,EST,114.531037719784
Merchandise trade (% of GDP),TG.VAL.TOTL.GD.ZS,Ethiopia,ETH,28.0653603386411
Merchandise trade (% of GDP),TG.VAL.TOTL.GD.ZS,Faroe Islands,FRO,77.1685371365813
Merchandise trade (% of GDP),TG.VAL.TOTL.GD.ZS,Fiji,FJI,65.7577994354148
Merchandise trade (% of GDP),TG.VAL.TOTL.GD.ZS,Finland,FIN,49.7320063481861
Merchandise trade (% of GDP),TG.VAL.TOTL.GD.ZS,France,FRA,43.2655725088974
Merchandise trade (% of GDP),TG.VAL.TOTL.GD.ZS,French Polynesia,PYF,30.270856069846
Merchandise trade (% of GDP),TG.VAL.TOTL.GD.ZS,Gabon,GAB,111.773550016368
Merchandise trade (% of GDP),TG.VAL.TOTL.GD.ZS,"Gambia, The",GMB,29.7053935070257
Merchandise trade (% of GDP),TG.VAL.TOTL.GD.ZS,Georgia,GEO,61.2449095149509
Merchandise trade (% of GDP),TG.VAL.TOTL.GD.ZS,Germany,DEU,67.5664210244945
Merchandise trade (% of GDP),TG.VAL.TOTL.GD.ZS,Ghana,GHA,42.8503902951703
Merchandise trade (% of GDP),TG.VAL.TOTL.GD.ZS,Gibraltar,GIB,..
Merchandise trade (% of GDP),TG.VAL.TOTL.GD.ZS,Greece,GRC,38.8198196856255
Merchandise trade (% of GDP),TG.VAL.TOTL.GD.ZS,Greenland,GRL,48.3536211746243
Merchandise trade (% of GDP),TG.VAL.TOTL.GD.ZS,Grenada,GRD,35.8878465547737
Merchandise trade (% of GDP),TG.VAL.TOTL.GD.ZS,Guam,GUM,12.6419250974411
Merchandise trade (% of GDP),TG.VAL.TOTL.GD.ZS,Guatemala,GTM,41.5527385270562
Merchandise trade (% of GDP),TG.VAL.TOTL.GD.ZS,Guinea,GIN,79.6072085402517
Merchandise trade (% of GDP),TG.VAL.TOTL.GD.ZS,Guinea-Bissau,GNB,44.6559708147317
Merchandise trade (% of GDP),TG.VAL.TOTL.GD.ZS,Guyana,GUY,64.4478041476671
Merchandise trade (% of GDP),TG.VAL.TOTL.GD.ZS,Haiti,HTI,31.3377854106637
Merchandise trade (% of GDP),TG.VAL.TOTL.GD.ZS,Honduras,HND,85.2718337992333
Merchandise trade (% of GDP),TG.VAL.TOTL.GD.ZS,"Hong Kong SAR, China",HKG,331.345118672303
Merchandise trade (% of GDP),TG.VAL.TOTL.GD.ZS,Hungary,HUN,151.80151539194
Merchandise trade (% of GDP),TG.VAL.TOTL.GD.ZS,Iceland,ISL,47.9327329640157
Merchandise trade (% of GDP),TG.VAL.TOTL.GD.ZS,India,IND,27.287425911729
Merchandise trade (% of GDP),TG.VAL.TOTL.GD.ZS,Indonesia,IDN,30.0622174988969
Merchandise trade (% of GDP),TG.VAL.TOTL.GD.ZS,"Iran, Islamic Rep.",IRN,24.2328922606088
Merchandise trade (% of GDP),TG.VAL.TOTL.GD.ZS,Iraq,IRQ,45.2827089813336
Merchandise trade (% of GDP),TG.VAL.TOTL.GD.ZS,Ireland,IRL,69.4260977288414
Merchandise trade (% of GDP),TG.VAL.TOTL.GD.ZS,Isle of Man,IMN,..
Merchandise trade (% of GDP),TG.VAL.TOTL.GD.ZS,Israel,ISR,39.256575324469
Merchandise trade (% of GDP),TG.VAL.TOTL.GD.ZS,Italy,ITA,46.0240501694577
Merchandise trade (% of GDP),TG.VAL.TOTL.GD.ZS,Jamaica,JAM,40.063092143808
Merchandise trade (% of GDP),TG.VAL.TOTL.GD.ZS,Japan,JPN,25.0371845121216
Merchandise trade (% of GDP),TG.VAL.TOTL.GD.ZS,Jordan,JOR,67.3634531785388
Merchandise trade (% of GDP),TG.VAL.TOTL.GD.ZS,Kazakhstan,KAZ,44.9306197527631
Merchandise trade (% of GDP),TG.VAL.TOTL.GD.ZS,Kenya,KEN,26.4679032852238
Merchandise trade (% of GDP),TG.VAL.TOTL.GD.ZS,Kiribati,KIR,71.6818732686357
Merchandise trade (% of GDP),TG.VAL.TOTL.GD.ZS,"Korea, Dem. People's Rep.",PRK,..
Merchandise trade (% of GDP),TG.VAL.TOTL.GD.ZS,"Korea, Rep.",KOR,57.0951906853125
Merchandise trade (% of GDP),TG.VAL.TOTL.GD.ZS,Kosovo,XKX,..
Merchandise trade (% of GDP),TG.VAL.TOTL.GD.ZS,Kuwait,KWT,70.4691926857759
Merchandise trade (% of GDP),TG.VAL.TOTL.GD.ZS,Kyrgyz Republic,KGZ,81.7983558116705
Merchandise trade (% of GDP),TG.VAL.TOTL.GD.ZS,Lao PDR,LAO,60.4367570080616
Merchandise trade (% of GDP),TG.VAL.TOTL.GD.ZS,Latvia,LVA,98.5650936607961
Merchandise trade (% of GDP),TG.VAL.TOTL.GD.ZS,Lebanon,LBN,45.5507837233154
Merchandise trade (% of GDP),TG.VAL.TOTL.GD.ZS,Lesotho,LSO,129.680556973006
Merchandise trade (% of GDP),TG.VAL.TOTL.GD.ZS,Liberia,LBR,46.5216243456223
Merchandise trade (% of GDP),TG.VAL.TOTL.GD.ZS,Libya,LBY,63.1871161850361
Merchandise trade (% of GDP),TG.VAL.TOTL.GD.ZS,Liechtenstein,LIE,..
Merchandise trade (% of GDP),TG.VAL.TOTL.GD.ZS,Lithuania,LTU,121.910836837583
Merchandise trade (% of GDP),TG.VAL.TOTL.GD.ZS,Luxembourg,LUX,60.5430499068915
Merchandise trade (% of GDP),TG.VAL.TOTL.GD.ZS,"Macao SAR, China",MAC,22.6421212371731
Merchandise trade (% of GDP),TG.VAL.TOTL.GD.ZS,North Macedonia,MKD,108.203660135004
Merchandise trade (% of GDP),TG.VAL.TOTL.GD.ZS,Madagascar,MDG,44.0557862916666
Merchandise trade (% of GDP),TG.VAL.TOTL.GD.ZS,Malawi,MWI,41.4166171148908
Merchandise trade (% of GDP),TG.VAL.TOTL.GD.ZS,Malaysia,MYS,118.977533958465
Merchandise trade (% of GDP),TG.VAL.TOTL.GD.ZS,Maldives,MDV,53.9916321613821
Merchandise trade (% of GDP),TG.VAL.TOTL.GD.ZS,Mali,MLI,41.0719270080286
Merchandise trade (% of GDP),TG.VAL.TOTL.GD.ZS,Malta,MLT,80.0779469645058
Merchandise trade (% of GDP),TG.VAL.TOTL.GD.ZS,Marshall Islands,MHL,65.9068384539148
Merchandise trade (% of GDP),TG.VAL.TOTL.GD.ZS,Mauritania,MRT,59.3397371177594
Merchandise trade (% of GDP),TG.VAL.TOTL.GD.ZS,Mauritius,MUS,54.9786445072249
Merchandise trade (% of GDP),TG.VAL.TOTL.GD.ZS,Mexico,MEX,69.3622338984454
Merchandise trade (% of GDP),TG.VAL.TOTL.GD.ZS,"Micronesia, Fed. Sts.",FSM,72.3076923076923
Merchandise trade (% of GDP),TG.VAL.TOTL.GD.ZS,Moldova,MDA,75.9937729262925
Merchandise trade (% of GDP),TG.VAL.TOTL.GD.ZS,Monaco,MCO,..
Merchandise trade (% of GDP),TG.VAL.TOTL.GD.ZS,Mongolia,MNG,73.9982159532359
Merchandise trade (% of GDP),TG.VAL.TOTL.GD.ZS,Montenegro,MNE,60.7462680572946
Merchandise trade (% of GDP),TG.VAL.TOTL.GD.ZS,Morocco,MAR,57.4081815703738
Merchandise trade (% of GDP),TG.VAL.TOTL.GD.ZS,Mozambique,MOZ,70.7097834974499
Merchandise trade (% of GDP),TG.VAL.TOTL.GD.ZS,Myanmar,MMR,43.5019155900897
Merchandise trade (% of GDP),TG.VAL.TOTL.GD.ZS,Namibia,NAM,100.326256358811
Merchandise trade (% of GDP),TG.VAL.TOTL.GD.ZS,Nauru,NRU,70.7388
Merchandise trade (% of GDP),TG.VAL.TOTL.GD.ZS,Nepal,NPL,39.2715584900984
Merchandise trade (% of GDP),TG.VAL.TOTL.GD.ZS,Netherlands,NLD,134.401838035251
Merchandise trade (% of GDP),TG.VAL.TOTL.GD.ZS,New Caledonia,NCL,42.6955190480646
Merchandise trade (% of GDP),TG.VAL.TOTL.GD.ZS,New Zealand,NZL,36.9301790098915
Merchandise trade (% of GDP),TG.VAL.TOTL.GD.ZS,Nicaragua,NIC,79.8504096712326
Merchandise trade (% of GDP),TG.VAL.TOTL.GD.ZS,Niger,NER,30.7148994342161
Merchandise trade (% of GDP),TG.VAL.TOTL.GD.ZS,Nigeria,NGA,17.0107868037786
Merchandise trade (% of GDP),TG.VAL.TOTL.GD.ZS,Northern Mariana Islands,MNP,48.2926829268293
Merchandise trade (% of GDP),TG.VAL.TOTL.GD.ZS,Norway,NOR,43.2719144682264
Merchandise trade (% of GDP),TG.VAL.TOTL.GD.ZS,Oman,OMN,70.7612040018001
Merchandise trade (% of GDP),TG.VAL.TOTL.GD.ZS,Pakistan,PAK,21.4335363237073
Merchandise trade (% of GDP),TG.VAL.TOTL.GD.ZS,Palau,PLW,52.7476236739851
Merchandise trade (% of GDP),TG.VAL.TOTL.GD.ZS,Panama,PAN,53.7642876781666
Merchandise trade (% of GDP),TG.VAL.TOTL.GD.ZS,Papua New Guinea,PNG,49.4342734600739
Merchandise trade (% of GDP),TG.VAL.TOTL.GD.ZS,Paraguay,PRY,50.5601318029073
Merchandise trade (% of GDP),TG.VAL.TOTL.GD.ZS,Peru,PER,37.9211666687253
Merchandise trade (% of GDP),TG.VAL.TOTL.GD.ZS,Philippines,PHL,44.6440504581247
Merchandise trade (% of GDP),TG.VAL.TOTL.GD.ZS,Poland,POL,85.2223628768331
Merchandise trade (% of GDP),TG.VAL.TOTL.GD.ZS,Portugal,PRT,59.7783583581727
Merchandise trade (% of GDP),TG.VAL.TOTL.GD.ZS,Puerto Rico (US),PRI,..
Merchandise trade (% of GDP),TG.VAL.TOTL.GD.ZS,Qatar,QAT,58.8991879486878
Merchandise trade (% of GDP),TG.VAL.TOTL.GD.ZS,Romania,ROU,74.5282714366456
Merchandise trade (% of GDP),TG.VAL.TOTL.GD.ZS,Russian Federation,RUS,37.062034668011
Merchandise trade (% of GDP),TG.VAL.TOTL.GD.ZS,Rwanda,RWA,34.3290006352572
Merchandise trade (% of GDP),TG.VAL.TOTL.GD.ZS,Samoa,WSM,48.1085520402793
Merchandise trade (% of GDP),TG.VAL.TOTL.GD.ZS,San Marino,SMR,..
Merchandise trade (% of GDP),TG.VAL.TOTL.GD.ZS,Sao Tome and Principe,STP,52.3493440951921
Merchandise trade (% of GDP),TG.VAL.TOTL.GD.ZS,Saudi Arabia,SAU,46.9691925635968
Merchandise trade (% of GDP),TG.VAL.TOTL.GD.ZS,Senegal,SEN,42.6358552209813
Merchandise trade (% of GDP),TG.VAL.TOTL.GD.ZS,Serbia,SRB,80.8018929441931
Merchandise trade (% of GDP),TG.VAL.TOTL.GD.ZS,Seychelles,SYC,95.6319563218465
Merchandise trade (% of GDP),TG.VAL.TOTL.GD.ZS,Sierra Leone,SLE,27.809292368436
Merchandise trade (% of GDP),TG.VAL.TOTL.GD.ZS,Singapore,SGP,192.030903028331
Merchandise trade (% of GDP),TG.VAL.TOTL.GD.ZS,Sint Maarten (Dutch part),SXM,69.2353249392177
Merchandise trade (% of GDP),TG.VAL.TOTL.GD.ZS,Slovak Republic,SVK,167.952127971953
Merchandise trade (% of GDP),TG.VAL.TOTL.GD.ZS,Slovenia,SVN,143.267142559166
Merchandise trade (% of GDP),TG.VAL.TOTL.GD.ZS,Solomon Islands,SLB,64.5892609442764
Merchandise trade (% of GDP),TG.VAL.TOTL.GD.ZS,"Somalia, Fed. Rep.",SOM,40.6275231976974
Merchandise trade (% of GDP),TG.VAL.TOTL.GD.ZS,South Africa,ZAF,51.8892209261501
Merchandise trade (% of GDP),TG.VAL.TOTL.GD.ZS,South Sudan,SSD,..
Merchandise trade (% of GDP),TG.VAL.TOTL.GD.ZS,Spain,ESP,48.3422707782042
Merchandise trade (% of GDP),TG.VAL.TOTL.GD.ZS,Sri Lanka,LKA,33.514692302829
Merchandise trade (% of GDP),TG.VAL.TOTL.GD.ZS,St. Kitts and Nevis,KNA,38.1399420985061
Merchandise trade (% of GDP),TG.VAL.TOTL.GD.ZS,St. Lucia,LCA,41.4761341269794
Merchandise trade (% of GDP),TG.VAL.TOTL.GD.ZS,St. Martin (French part),MAF,..
Merchandise trade (% of GDP),TG.VAL.TOTL.GD.ZS,St. Vincent and the Grenadines,VCT,46.9112443259863
Merchandise trade (% of GDP),TG.VAL.TOTL.GD.ZS,Sudan,SDN,26.7532240391218
Merchandise trade (% of GDP),TG.VAL.TOTL.GD.ZS,Suriname,SUR,81.1172134703435
Merchandise trade (% of GDP),TG.VAL.TOTL.GD.ZS,Eswatini,SWZ,83.5234906131872
Merchandise trade (% of GDP),TG.VAL.TOTL.GD.ZS,Sweden,SWE,54.6353100464829
Merchandise trade (% of GDP),TG.VAL.TOTL.GD.ZS,Switzerland,CHE,83.3016108651197
Merchandise trade (% of GDP),TG.VAL.TOTL.GD.ZS,Syrian Arab Republic,SYR,58.0336896331521
Merchandise trade (% of GDP),TG.VAL.TOTL.GD.ZS,Tajikistan,TJK,56.2037491125254
Merchandise trade (% of GDP),TG.VAL.TOTL.GD.ZS,Tanzania,TZA,27.7250904097774
Merchandise trade (% of GDP),TG.VAL.TOTL.GD.ZS,Thailand,THA,99.0854723056637
Merchandise trade (% of GDP),TG.VAL.TOTL.GD.ZS,Timor-Leste,TLS,34.5633789247534
Merchandise trade (% of GDP),TG.VAL.TOTL.GD.ZS,Togo,TGO,54.3058638108259
Merchandise trade (% of GDP),TG.VAL.TOTL.GD.ZS,Tonga,TON,59.4066564405632
Merchandise trade (% of GDP),TG.VAL.TOTL.GD.ZS,Trinidad and Tobago,TTO,66.3934392365124
Merchandise trade (% of GDP),TG.VAL.TOTL.GD.ZS,Tunisia,TUN,74.467867169569
Merchandise trade (% of GDP),TG.VAL.TOTL.GD.ZS,Turkiye,TUR,40.356996889786
Merchandise trade (% of GDP),TG.VAL.TOTL.GD.ZS,Turkmenistan,TKM,33.0610697273941
Merchandise trade (% of GDP),TG.VAL.TOTL.GD.ZS,Turks and Caicos Islands,TCA,32.6933859533242
Merchandise trade (% of GDP),TG.VAL.TOTL.GD.ZS,Tuvalu,TUV,55.2498607142857
Merchandise trade (% of GDP),TG.VAL.TOTL.GD.ZS,Uganda,UGA,25.0342515744626
Merchandise trade (% of GDP),TG.VAL.TOTL.GD.ZS,Ukraine,UKR,80.9933006706305
Merchandise trade (% of GDP),TG.VAL.TOTL.GD.ZS,United Arab Emirates,ARE,147.126502829107
Merchandise trade (% of GDP),TG.VAL.TOTL.GD.ZS,United Kingdom,GBR,38.7019379386028
Merchandise trade (% of GDP),TG.VAL.TOTL.GD.ZS,United States,USA,19.7975023057101
Merchandise trade (% of GDP),TG.VAL.TOTL.GD.ZS,Uruguay,URY,26.408824007798
Merchandise trade (% of GDP),TG.VAL.TOTL.GD.ZS,Uzbekistan,UZB,23.5690774910396
Merchandise trade (% of GDP),TG.VAL.TOTL.GD.ZS,Vanuatu,VUT,58.6828502332405
Merchandise trade (% of GDP),TG.VAL.TOTL.GD.ZS,"Venezuela, RB",VEN,37.405116400958
Merchandise trade (% of GDP),TG.VAL.TOTL.GD.ZS,Viet Nam,VNM,136.674626750318
Merchandise trade (% of GDP),TG.VAL.TOTL.GD.ZS,Virgin Islands (U.S.),VIR,..
Merchandise trade (% of GDP),TG.VAL.TOTL.GD.ZS,West Bank and Gaza,PSE,..
Merchandise trade (% of GDP),TG.VAL.TOTL.GD.ZS,"Yemen, Rep.",YEM,11.0799519750309
Merchandise trade (% of GDP),TG.VAL.TOTL.GD.ZS,Zambia,ZMB,65.1862347638571
Merchandise trade (% of GDP),TG.VAL.TOTL.GD.ZS,Zimbabwe,ZWE,42.175663022727
Net barter terms of trade index (2015 = 100),TT.PRI.MRCH.XD.WD,Afghanistan,AFG,105.1
Net barter terms of trade index (2015 = 100),TT.PRI.MRCH.XD.WD,Albania,ALB,99
Net barter terms of trade index (2015 = 100),TT.PRI.MRCH.XD.WD,Algeria,DZA,82.5
Net barter terms of trade index (2015 = 100),TT.PRI.MRCH.XD.WD,American Samoa,ASM,108.7
Net barter terms of trade index (2015 = 100),TT.PRI.MRCH.XD.WD,Andorra,AND,104.1
Net barter terms of trade index (2015 = 100),TT.PRI.MRCH.XD.WD,Angola,AGO,84.9
Net barter terms of trade index (2015 = 100),TT.PRI.MRCH.XD.WD,Antigua and Barbuda,ATG,96.7
Net barter terms of trade index (2015 = 100),TT.PRI.MRCH.XD.WD,Argentina,ARG,106.1
Net barter terms of trade index (2015 = 100),TT.PRI.MRCH.XD.WD,Armenia,ARM,100.9
Net barter terms of trade index (2015 = 100),TT.PRI.MRCH.XD.WD,Aruba,ABW,65.1
Net barter terms of trade index (2015 = 100),TT.PRI.MRCH.XD.WD,Australia,AUS,99.9
Net barter terms of trade index (2015 = 100),TT.PRI.MRCH.XD.WD,Austria,AUT,100
Net barter terms of trade index (2015 = 100),TT.PRI.MRCH.XD.WD,Azerbaijan,AZE,87.1
Net barter terms of trade index (2015 = 100),TT.PRI.MRCH.XD.WD,"Bahamas, The",BHS,101.2
Net barter terms of trade index (2015 = 100),TT.PRI.MRCH.XD.WD,Bahrain,BHR,95.3
Net barter terms of trade index (2015 = 100),TT.PRI.MRCH.XD.WD,Bangladesh,BGD,99.4
Net barter terms of trade index (2015 = 100),TT.PRI.MRCH.XD.WD,Barbados,BRB,103.6
Net barter terms of trade index (2015 = 100),TT.PRI.MRCH.XD.WD,Belarus,BLR,94.1
Net barter terms of trade index (2015 = 100),TT.PRI.MRCH.XD.WD,Belgium,BEL,101.3
Net barter terms of trade index (2015 = 100),TT.PRI.MRCH.XD.WD,Belize,BLZ,110.7
Net barter terms of trade index (2015 = 100),TT.PRI.MRCH.XD.WD,Benin,BEN,102.8
Net barter terms of trade index (2015 = 100),TT.PRI.MRCH.XD.WD,Bermuda,BMU,122.5
Net barter terms of trade index (2015 = 100),TT.PRI.MRCH.XD.WD,Bhutan,BTN,97.7
Net barter terms of trade index (2015 = 100),TT.PRI.MRCH.XD.WD,Bolivia,BOL,84.5
Net barter terms of trade index (2015 = 100),TT.PRI.MRCH.XD.WD,Bosnia and Herzegovina,BIH,100.5
Net barter terms of trade index (2015 = 100),TT.PRI.MRCH.XD.WD,Botswana,BWA,110.1
Net barter terms of trade index (2015 = 100),TT.PRI.MRCH.XD.WD,Brazil,BRA,102.4
Net barter terms of trade index (2015 = 100),TT.PRI.MRCH.XD.WD,British Virgin Islands,VGB,101.2
Net barter terms of trade index (2015 = 100),TT.PRI.MRCH.XD.WD,Brunei Darussalam,BRN,83.8
Net barter terms of trade index (2015 = 100),TT.PRI.MRCH.XD.WD,Bulgaria,BGR,101.8
Net barter terms of trade index (2015 = 100),TT.PRI.MRCH.XD.WD,Burkina Faso,BFA,110.9
Net barter terms of trade index (2015 = 100),TT.PRI.MRCH.XD.WD,Burundi,BDI,104.3
Net barter terms of trade index (2015 = 100),TT.PRI.MRCH.XD.WD,Cabo Verde,CPV,104.5
Net barter terms of trade index (2015 = 100),TT.PRI.MRCH.XD.WD,Cambodia,KHM,98.5
Net barter terms of trade index (2015 = 100),TT.PRI.MRCH.XD.WD,Cameroon,CMR,95.8
Net barter terms of trade index (2015 = 100),TT.PRI.MRCH.XD.WD,Canada,CAN,99.4
Net barter terms of trade index (2015 = 100),TT.PRI.MRCH.XD.WD,Cayman Islands,CYM,97.6
Net barter terms of trade index (2015 = 100),TT.PRI.MRCH.XD.WD,Central African Republic,CAF,100.7
Net barter terms of trade index (2015 = 100),TT.PRI.MRCH.XD.WD,Chad,TCD,88
Net barter terms of trade index (2015 = 100),TT.PRI.MRCH.XD.WD,Channel Islands,CHI,..
Net barter terms of trade index (2015 = 100),TT.PRI.MRCH.XD.WD,Chile,CHL,103.8
Net barter terms of trade index (2015 = 100),TT.PRI.MRCH.XD.WD,China,CHN,99.8
Net barter terms of trade index (2015 = 100),TT.PRI.MRCH.XD.WD,Colombia,COL,98.9
Net barter terms of trade index (2015 = 100),TT.PRI.MRCH.XD.WD,Comoros,COM,99.6
Net barter terms of trade index (2015 = 100),TT.PRI.MRCH.XD.WD,"Congo, Dem. Rep.",COD,94.5
Net barter terms of trade index (2015 = 100),TT.PRI.MRCH.XD.WD,"Congo, Rep.",COG,92.4
Net barter terms of trade index (2015 = 100),TT.PRI.MRCH.XD.WD,Costa Rica,CRI,103.3
Net barter terms of trade index (2015 = 100),TT.PRI.MRCH.XD.WD,Cote d'Ivoire,CIV,98.8
Net barter terms of trade index (2015 = 100),TT.PRI.MRCH.XD.WD,Croatia,HRV,99
Net barter terms of trade index (2015 = 100),TT.PRI.MRCH.XD.WD,Cuba,CUB,103.8
Net barter terms of trade index (2015 = 100),TT.PRI.MRCH.XD.WD,Curacao,CUW,95.6176518745
Net barter terms of trade index (2015 = 100),TT.PRI.MRCH.XD.WD,Cyprus,CYP,97.8
Net barter terms of trade index (2015 = 100),TT.PRI.MRCH.XD.WD,Czechia,CZE,100.5
Net barter terms of trade index (2015 = 100),TT.PRI.MRCH.XD.WD,Denmark,DNK,99.8
Net barter terms of trade index (2015 = 100),TT.PRI.MRCH.XD.WD,Djibouti,DJI,98.7
Net barter terms of trade index (2015 = 100),TT.PRI.MRCH.XD.WD,Dominica,DMA,96.8
Net barter terms of trade index (2015 = 100),TT.PRI.MRCH.XD.WD,Dominican Republic,DOM,104.5
Net barter terms of trade index (2015 = 100),TT.PRI.MRCH.XD.WD,Ecuador,ECU,95.4
Net barter terms of trade index (2015 = 100),TT.PRI.MRCH.XD.WD,"Egypt, Arab Rep.",EGY,100.1
Net barter terms of trade index (2015 = 100),TT.PRI.MRCH.XD.WD,El Salvador,SLV,104.1
Net barter terms of trade index (2015 = 100),TT.PRI.MRCH.XD.WD,Equatorial Guinea,GNQ,85
Net barter terms of trade index (2015 = 100),TT.PRI.MRCH.XD.WD,Eritrea,ERI,91.6
Net barter terms of trade index (2015 = 100),TT.PRI.MRCH.XD.WD,Estonia,EST,101.9
Net barter terms of trade index (2015 = 100),TT.PRI.MRCH.XD.WD,Ethiopia,ETH,102.1
Net barter terms of trade index (2015 = 100),TT.PRI.MRCH.XD.WD,Faroe Islands,FRO,103.4
Net barter terms of trade index (2015 = 100),TT.PRI.MRCH.XD.WD,Fiji,FJI,105.3
Net barter terms of trade index (2015 = 100),TT.PRI.MRCH.XD.WD,Finland,FIN,99.7
Net barter terms of trade index (2015 = 100),TT.PRI.MRCH.XD.WD,France,FRA,99.5
Net barter terms of trade index (2015 = 100),TT.PRI.MRCH.XD.WD,French Polynesia,PYF,115.6
Net barter terms of trade index (2015 = 100),TT.PRI.MRCH.XD.WD,Gabon,GAB,93.2
Net barter terms of trade index (2015 = 100),TT.PRI.MRCH.XD.WD,"Gambia, The",GMB,98.5
Net barter terms of trade index (2015 = 100),TT.PRI.MRCH.XD.WD,Georgia,GEO,99.8
Net barter terms of trade index (2015 = 100),TT.PRI.MRCH.XD.WD,Germany,DEU,102.2
Net barter terms of trade index (2015 = 100),TT.PRI.MRCH.XD.WD,Ghana,GHA,100.7
Net barter terms of trade index (2015 = 100),TT.PRI.MRCH.XD.WD,Gibraltar,GIB,106.5
Net barter terms of trade index (2015 = 100),TT.PRI.MRCH.XD.WD,Greece,GRC,99.3
Net barter terms of trade index (2015 = 100),TT.PRI.MRCH.XD.WD,Greenland,GRL,100.7
Net barter terms of trade index (2015 = 100),TT.PRI.MRCH.XD.WD,Grenada,GRD,101.9
Net barter terms of trade index (2015 = 100),TT.PRI.MRCH.XD.WD,Guam,GUM,100.6
Net barter terms of trade index (2015 = 100),TT.PRI.MRCH.XD.WD,Guatemala,GTM,108
Net barter terms of trade index (2015 = 100),TT.PRI.MRCH.XD.WD,Guinea,GIN,100.9
Net barter terms of trade index (2015 = 100),TT.PRI.MRCH.XD.WD,Guinea-Bissau,GNB,107.7
Net barter terms of trade index (2015 = 100),TT.PRI.MRCH.XD.WD,Guyana,GUY,110.7
Net barter terms of trade index (2015 = 100),TT.PRI.MRCH.XD.WD,Haiti,HTI,98.8
Net barter terms of trade index (2015 = 100),TT.PRI.MRCH.XD.WD,Honduras,HND,100.3
Net barter terms of trade index (2015 = 100),TT.PRI.MRCH.XD.WD,"Hong Kong SAR, China",HKG,100.5
Net barter terms of trade index (2015 = 100),TT.PRI.MRCH.XD.WD,Hungary,HUN,101.2
Net barter terms of trade index (2015 = 100),TT.PRI.MRCH.XD.WD,Iceland,ISL,98.1
Net barter terms of trade index (2015 = 100),TT.PRI.MRCH.XD.WD,India,IND,105.1
Net barter terms of trade index (2015 = 100),TT.PRI.MRCH.XD.WD,Indonesia,IDN,105.1
Net barter terms of trade index (2015 = 100),TT.PRI.MRCH.XD.WD,"Iran, Islamic Rep.",IRN,91.4
Net barter terms of trade index (2015 = 100),TT.PRI.MRCH.XD.WD,Iraq,IRQ,83.2
Net barter terms of trade index (2015 = 100),TT.PRI.MRCH.XD.WD,Ireland,IRL,101.5
Net barter terms of trade index (2015 = 100),TT.PRI.MRCH.XD.WD,Isle of Man,IMN,..
Net barter terms of trade index (2015 = 100),TT.PRI.MRCH.XD.WD,Israel,ISR,101.7
Net barter terms of trade index (2015 = 100),TT.PRI.MRCH.XD.WD,Italy,ITA,102.6
Net barter terms of trade index (2015 = 100),TT.PRI.MRCH.XD.WD,Jamaica,JAM,101.1
Net barter terms of trade index (2015 = 100),TT.PRI.MRCH.XD.WD,Japan,JPN,108.5
Net barter terms of trade index (2015 = 100),TT.PRI.MRCH.XD.WD,Jordan,JOR,90.6
Net barter terms of trade index (2015 = 100),TT.PRI.MRCH.XD.WD,Kazakhstan,KAZ,89.1
Net barter terms of trade index (2015 = 100),TT.PRI.MRCH.XD.WD,Kenya,KEN,97.4
Net barter terms of trade index (2015 = 100),TT.PRI.MRCH.XD.WD,Kiribati,KIR,105.9
Net barter terms of trade index (2015 = 100),TT.PRI.MRCH.XD.WD,"Korea, Dem. People's Rep.",PRK,106.1
Net barter terms of trade index (2015 = 100),TT.PRI.MRCH.XD.WD,"Korea, Rep.",KOR,101
Net barter terms of trade index (2015 = 100),TT.PRI.MRCH.XD.WD,Kosovo,XKX,..
Net barter terms of trade index (2015 = 100),TT.PRI.MRCH.XD.WD,Kuwait,KWT,86.2
Net barter terms of trade index (2015 = 100),TT.PRI.MRCH.XD.WD,Kyrgyz Republic,KGZ,106.8
Net barter terms of trade index (2015 = 100),TT.PRI.MRCH.XD.WD,Lao PDR,LAO,96.7
Net barter terms of trade index (2015 = 100),TT.PRI.MRCH.XD.WD,Latvia,LVA,101.6
Net barter terms of trade index (2015 = 100),TT.PRI.MRCH.XD.WD,Lebanon,LBN,105.4
Net barter terms of trade index (2015 = 100),TT.PRI.MRCH.XD.WD,Lesotho,LSO,106
Net barter terms of trade index (2015 = 100),TT.PRI.MRCH.XD.WD,Liberia,LBR,101.9
Net barter terms of trade index (2015 = 100),TT.PRI.MRCH.XD.WD,Libya,LBY,84.7
Net barter terms of trade index (2015 = 100),TT.PRI.MRCH.XD.WD,Liechtenstein,LIE,..
Net barter terms of trade index (2015 = 100),TT.PRI.MRCH.XD.WD,Lithuania,LTU,100.9
Net barter terms of trade index (2015 = 100),TT.PRI.MRCH.XD.WD,Luxembourg,LUX,97.4
Net barter terms of trade index (2015 = 100),TT.PRI.MRCH.XD.WD,"Macao SAR, China",MAC,100.3
Net barter terms of trade index (2015 = 100),TT.PRI.MRCH.XD.WD,North Macedonia,MKD,104
Net barter terms of trade index (2015 = 100),TT.PRI.MRCH.XD.WD,Madagascar,MDG,93.5
Net barter terms of trade index (2015 = 100),TT.PRI.MRCH.XD.WD,Malawi,MWI,104.6
Net barter terms of trade index (2015 = 100),TT.PRI.MRCH.XD.WD,Malaysia,MYS,96.7
Net barter terms of trade index (2015 = 100),TT.PRI.MRCH.XD.WD,Maldives,MDV,107.6
Net barter terms of trade index (2015 = 100),TT.PRI.MRCH.XD.WD,Mali,MLI,108.8
Net barter terms of trade index (2015 = 100),TT.PRI.MRCH.XD.WD,Malta,MLT,102
Net barter terms of trade index (2015 = 100),TT.PRI.MRCH.XD.WD,Marshall Islands,MHL,99.5
Net barter terms of trade index (2015 = 100),TT.PRI.MRCH.XD.WD,Mauritania,MRT,101.2
Net barter terms of trade index (2015 = 100),TT.PRI.MRCH.XD.WD,Mauritius,MUS,106.7
Net barter terms of trade index (2015 = 100),TT.PRI.MRCH.XD.WD,Mexico,MEX,103.2
Net barter terms of trade index (2015 = 100),TT.PRI.MRCH.XD.WD,"Micronesia, Fed. Sts.",FSM,109.5
Net barter terms of trade index (2015 = 100),TT.PRI.MRCH.XD.WD,Moldova,MDA,102.8
Net barter terms of trade index (2015 = 100),TT.PRI.MRCH.XD.WD,Monaco,MCO,..
Net barter terms of trade index (2015 = 100),TT.PRI.MRCH.XD.WD,Mongolia,MNG,99.8
Net barter terms of trade index (2015 = 100),TT.PRI.MRCH.XD.WD,Montenegro,MNE,..
Net barter terms of trade index (2015 = 100),TT.PRI.MRCH.XD.WD,Morocco,MAR,100.4
Net barter terms of trade index (2015 = 100),TT.PRI.MRCH.XD.WD,Mozambique,MOZ,101.3
Net barter terms of trade index (2015 = 100),TT.PRI.MRCH.XD.WD,Myanmar,MMR,95.2
Net barter terms of trade index (2015 = 100),TT.PRI.MRCH.XD.WD,Namibia,NAM,103.7
Net barter terms of trade index (2015 = 100),TT.PRI.MRCH.XD.WD,Nauru,NRU,90.9
Net barter terms of trade index (2015 = 100),TT.PRI.MRCH.XD.WD,Nepal,NPL,101.3
Net barter terms of trade index (2015 = 100),TT.PRI.MRCH.XD.WD,Netherlands,NLD,100.7
Net barter terms of trade index (2015 = 100),TT.PRI.MRCH.XD.WD,New Caledonia,NCL,91.5
Net barter terms of trade index (2015 = 100),TT.PRI.MRCH.XD.WD,New Zealand,NZL,100.3
Net barter terms of trade index (2015 = 100),TT.PRI.MRCH.XD.WD,Nicaragua,NIC,99.1
Net barter terms of trade index (2015 = 100),TT.PRI.MRCH.XD.WD,Niger,NER,90.9
Net barter terms of trade index (2015 = 100),TT.PRI.MRCH.XD.WD,Nigeria,NGA,88.8
Net barter terms of trade index (2015 = 100),TT.PRI.MRCH.XD.WD,Northern Mariana Islands,MNP,202.3
Net barter terms of trade index (2015 = 100),TT.PRI.MRCH.XD.WD,Norway,NOR,89
Net barter terms of trade index (2015 = 100),TT.PRI.MRCH.XD.WD,Oman,OMN,70.1
Net barter terms of trade index (2015 = 100),TT.PRI.MRCH.XD.WD,Pakistan,PAK,106.3
Net barter terms of trade index (2015 = 100),TT.PRI.MRCH.XD.WD,Palau,PLW,102.3
Net barter terms of trade index (2015 = 100),TT.PRI.MRCH.XD.WD,Panama,PAN,96.9
Net barter terms of trade index (2015 = 100),TT.PRI.MRCH.XD.WD,Papua New Guinea,PNG,96.7
Net barter terms of trade index (2015 = 100),TT.PRI.MRCH.XD.WD,Paraguay,PRY,100.3
Net barter terms of trade index (2015 = 100),TT.PRI.MRCH.XD.WD,Peru,PER,99.8
Net barter terms of trade index (2015 = 100),TT.PRI.MRCH.XD.WD,Philippines,PHL,103.9
Net barter terms of trade index (2015 = 100),TT.PRI.MRCH.XD.WD,Poland,POL,100.3
Net barter terms of trade index (2015 = 100),TT.PRI.MRCH.XD.WD,Portugal,PRT,100.9
Net barter terms of trade index (2015 = 100),TT.PRI.MRCH.XD.WD,Puerto Rico (US),PRI,..
Net barter terms of trade index (2015 = 100),TT.PRI.MRCH.XD.WD,Qatar,QAT,83
Net barter terms of trade index (2015 = 100),TT.PRI.MRCH.XD.WD,Romania,ROU,100.2
Net barter terms of trade index (2015 = 100),TT.PRI.MRCH.XD.WD,Russian Federation,RUS,81.5
Net barter terms of trade index (2015 = 100),TT.PRI.MRCH.XD.WD,Rwanda,RWA,100.1
Net barter terms of trade index (2015 = 100),TT.PRI.MRCH.XD.WD,Samoa,WSM,103
Net barter terms of trade index (2015 = 100),TT.PRI.MRCH.XD.WD,San Marino,SMR,..
Net barter terms of trade index (2015 = 100),TT.PRI.MRCH.XD.WD,Sao Tome and Principe,STP,137.6
Net barter terms of trade index (2015 = 100),TT.PRI.MRCH.XD.WD,Saudi Arabia,SAU,89
Net barter terms of trade index (2015 = 100),TT.PRI.MRCH.XD.WD,Senegal,SEN,99.8
Net barter terms of trade index (2015 = 100),TT.PRI.MRCH.XD.WD,Serbia,SRB,101.4
Net barter terms of trade index (2015 = 100),TT.PRI.MRCH.XD.WD,Seychelles,SYC,98.3
Net barter terms of trade index (2015 = 100),TT.PRI.MRCH.XD.WD,Sierra Leone,SLE,107.4
Net barter terms of trade index (2015 = 100),TT.PRI.MRCH.XD.WD,Singapore,SGP,98.4
Net barter terms of trade index (2015 = 100),TT.PRI.MRCH.XD.WD,Sint Maarten (Dutch part),SXM,98.844918954
Net barter terms of trade index (2015 = 100),TT.PRI.MRCH.XD.WD,Slovak Republic,SVK,101
Net barter terms of trade index (2015 = 100),TT.PRI.MRCH.XD.WD,Slovenia,SVN,100.2
Net barter terms of trade index (2015 = 100),TT.PRI.MRCH.XD.WD,Solomon Islands,SLB,97.4
Net barter terms of trade index (2015 = 100),TT.PRI.MRCH.XD.WD,"Somalia, Fed. Rep.",SOM,93.9
Net barter terms of trade index (2015 = 100),TT.PRI.MRCH.XD.WD,South Africa,ZAF,103.8
Net barter terms of trade index (2015 = 100),TT.PRI.MRCH.XD.WD,South Sudan,SSD,..
Net barter terms of trade index (2015 = 100),TT.PRI.MRCH.XD.WD,Spain,ESP,101.9
Net barter terms of trade index (2015 = 100),TT.PRI.MRCH.XD.WD,Sri Lanka,LKA,104
Net barter terms of trade index (2015 = 100),TT.PRI.MRCH.XD.WD,St. Kitts and Nevis,KNA,107
Net barter terms of trade index (2015 = 100),TT.PRI.MRCH.XD.WD,St. Lucia,LCA,101.5
Net barter terms of trade index (2015 = 100),TT.PRI.MRCH.XD.WD,St. Martin (French part),MAF,98.844918954
Net barter terms of trade index (2015 = 100),TT.PRI.MRCH.XD.WD,St. Vincent and the Grenadines,VCT,103.3
Net barter terms of trade index (2015 = 100),TT.PRI.MRCH.XD.WD,Sudan,SDN,96.1032630323
Net barter terms of trade index (2015 = 100),TT.PRI.MRCH.XD.WD,Suriname,SUR,105.2
Net barter terms of trade index (2015 = 100),TT.PRI.MRCH.XD.WD,Eswatini,SWZ,112.6
Net barter terms of trade index (2015 = 100),TT.PRI.MRCH.XD.WD,Sweden,SWE,99.6
Net barter terms of trade index (2015 = 100),TT.PRI.MRCH.XD.WD,Switzerland,CHE,101.7
Net barter terms of trade index (2015 = 100),TT.PRI.MRCH.XD.WD,Syrian Arab Republic,SYR,98.4
Net barter terms of trade index (2015 = 100),TT.PRI.MRCH.XD.WD,Tajikistan,TJK,99.5
Net barter terms of trade index (2015 = 100),TT.PRI.MRCH.XD.WD,Tanzania,TZA,108.8
Net barter terms of trade index (2015 = 100),TT.PRI.MRCH.XD.WD,Thailand,THA,102.5
Net barter terms of trade index (2015 = 100),TT.PRI.MRCH.XD.WD,Timor-Leste,TLS,86.5
Net barter terms of trade index (2015 = 100),TT.PRI.MRCH.XD.WD,Togo,TGO,104.6
Net barter terms of trade index (2015 = 100),TT.PRI.MRCH.XD.WD,Tonga,TON,104.4
Net barter terms of trade index (2015 = 100),TT.PRI.MRCH.XD.WD,Trinidad and Tobago,TTO,93.3
Net barter terms of trade index (2015 = 100),TT.PRI.MRCH.XD.WD,Tunisia,TUN,101.3
Net barter terms of trade index (2015 = 100),TT.PRI.MRCH.XD.WD,Turkiye,TUR,104
Net barter terms of trade index (2015 = 100),TT.PRI.MRCH.XD.WD,Turkmenistan,TKM,86.8
Net barter terms of trade index (2015 = 100),TT.PRI.MRCH.XD.WD,Turks and Caicos Islands,TCA,96.4
Net barter terms of trade index (2015 = 100),TT.PRI.MRCH.XD.WD,Tuvalu,TUV,..
Net barter terms of trade index (2015 = 100),TT.PRI.MRCH.XD.WD,Uganda,UGA,102.7
Net barter terms of trade index (2015 = 100),TT.PRI.MRCH.XD.WD,Ukraine,UKR,99.8
Net barter terms of trade index (2015 = 100),TT.PRI.MRCH.XD.WD,United Arab Emirates,ARE,94.8
Net barter terms of trade index (2015 = 100),TT.PRI.MRCH.XD.WD,United Kingdom,GBR,89.9
Net barter terms of trade index (2015 = 100),TT.PRI.MRCH.XD.WD,United States,USA,100.1
Net barter terms of trade index (2015 = 100),TT.PRI.MRCH.XD.WD,Uruguay,URY,102.8
Net barter terms of trade index (2015 = 100),TT.PRI.MRCH.XD.WD,Uzbekistan,UZB,100.3
Net barter terms of trade index (2015 = 100),TT.PRI.MRCH.XD.WD,Vanuatu,VUT,99.7
Net barter terms of trade index (2015 = 100),TT.PRI.MRCH.XD.WD,"Venezuela, RB",VEN,83.9
Net barter terms of trade index (2015 = 100),TT.PRI.MRCH.XD.WD,Viet Nam,VNM,103.8
Net barter terms of trade index (2015 = 100),TT.PRI.MRCH.XD.WD,Virgin Islands (U.S.),VIR,..
Net barter terms of trade index (2015 = 100),TT.PRI.MRCH.XD.WD,West Bank and Gaza,PSE,104.2
Net barter terms of trade index (2015 = 100),TT.PRI.MRCH.XD.WD,"Yemen, Rep.",YEM,91.1
Net barter terms of trade index (2015 = 100),TT.PRI.MRCH.XD.WD,Zambia,ZMB,96.2
Net barter terms of trade index (2015 = 100),TT.PRI.MRCH.XD.WD,Zimbabwe,ZWE,101.9
"External debt stocks, total (DOD, current US$)",DT.DOD.DECT.CD,Afghanistan,AFG,2596050086.4
"External debt stocks, total (DOD, current US$)",DT.DOD.DECT.CD,Albania,ALB,8516021767.5
"External debt stocks, total (DOD, current US$)",DT.DOD.DECT.CD,Algeria,DZA,5463041852.5
"External debt stocks, total (DOD, current US$)",DT.DOD.DECT.CD,American Samoa,ASM,..
"External debt stocks, total (DOD, current US$)",DT.DOD.DECT.CD,Andorra,AND,..
"External debt stocks, total (DOD, current US$)",DT.DOD.DECT.CD,Angola,AGO,57434097528.2
"External debt stocks, total (DOD, current US$)",DT.DOD.DECT.CD,Antigua and Barbuda,ATG,..
"External debt stocks, total (DOD, current US$)",DT.DOD.DECT.CD,Argentina,ARG,181637286190.7
"External debt stocks, total (DOD, current US$)",DT.DOD.DECT.CD,Armenia,ARM,9855623087.1
"External debt stocks, total (DOD, current US$)",DT.DOD.DECT.CD,Aruba,ABW,..
"External debt stocks, total (DOD, current US$)",DT.DOD.DECT.CD,Australia,AUS,..
"External debt stocks, total (DOD, current US$)",DT.DOD.DECT.CD,Austria,AUT,..
"External debt stocks, total (DOD, current US$)",DT.DOD.DECT.CD,Azerbaijan,AZE,14469746198.7
"External debt stocks, total (DOD, current US$)",DT.DOD.DECT.CD,"Bahamas, The",BHS,..
"External debt stocks, total (DOD, current US$)",DT.DOD.DECT.CD,Bahrain,BHR,..
"External debt stocks, total (DOD, current US$)",DT.DOD.DECT.CD,Bangladesh,BGD,41569252897.7
"External debt stocks, total (DOD, current US$)",DT.DOD.DECT.CD,Barbados,BRB,..
"External debt stocks, total (DOD, current US$)",DT.DOD.DECT.CD,Belarus,BLR,37515947697.5
"External debt stocks, total (DOD, current US$)",DT.DOD.DECT.CD,Belgium,BEL,..
"External debt stocks, total (DOD, current US$)",DT.DOD.DECT.CD,Belize,BLZ,1290777702.5
"External debt stocks, total (DOD, current US$)",DT.DOD.DECT.CD,Benin,BEN,4184965533.2
"External debt stocks, total (DOD, current US$)",DT.DOD.DECT.CD,Bermuda,BMU,..
"External debt stocks, total (DOD, current US$)",DT.DOD.DECT.CD,Bhutan,BTN,2389670352.4
"External debt stocks, total (DOD, current US$)",DT.DOD.DECT.CD,Bolivia,BOL,10994252972.4
"External debt stocks, total (DOD, current US$)",DT.DOD.DECT.CD,Bosnia and Herzegovina,BIH,11664670468.5
"External debt stocks, total (DOD, current US$)",DT.DOD.DECT.CD,Botswana,BWA,2121220930.7
"External debt stocks, total (DOD, current US$)",DT.DOD.DECT.CD,Brazil,BRA,543257228545.3
"External debt stocks, total (DOD, current US$)",DT.DOD.DECT.CD,British Virgin Islands,VGB,..
"External debt stocks, total (DOD, current US$)",DT.DOD.DECT.CD,Brunei Darussalam,BRN,..
"External debt stocks, total (DOD, current US$)",DT.DOD.DECT.CD,Bulgaria,BGR,39994027753.1
"External debt stocks, total (DOD, current US$)",DT.DOD.DECT.CD,Burkina Faso,BFA,10251883007.9
"External debt stocks, total (DOD, current US$)",DT.DOD.DECT.CD,Burundi,BDI,603715776.7
"External debt stocks, total (DOD, current US$)",DT.DOD.DECT.CD,Cabo Verde,CPV,1837379413.6
"External debt stocks, total (DOD, current US$)",DT.DOD.DECT.CD,Cambodia,KHM,10063760399.9
"External debt stocks, total (DOD, current US$)",DT.DOD.DECT.CD,Cameroon,CMR,7890233642.2
"External debt stocks, total (DOD, current US$)",DT.DOD.DECT.CD,Canada,CAN,..
"External debt stocks, total (DOD, current US$)",DT.DOD.DECT.CD,Cayman Islands,CYM,..
"External debt stocks, total (DOD, current US$)",DT.DOD.DECT.CD,Central African Republic,CAF,743898467.8
"External debt stocks, total (DOD, current US$)",DT.DOD.DECT.CD,Chad,TCD,2857894668.9
"External debt stocks, total (DOD, current US$)",DT.DOD.DECT.CD,Channel Islands,CHI,..
"External debt stocks, total (DOD, current US$)",DT.DOD.DECT.CD,Chile,CHL,..
"External debt stocks, total (DOD, current US$)",DT.DOD.DECT.CD,China,CHN,1413904270462.7
"External debt stocks, total (DOD, current US$)",DT.DOD.DECT.CD,Colombia,COL,120886231723.7
"External debt stocks, total (DOD, current US$)",DT.DOD.DECT.CD,Comoros,COM,175006571.8
"External debt stocks, total (DOD, current US$)",DT.DOD.DECT.CD,"Congo, Dem. Rep.",COD,5218340595.9
"External debt stocks, total (DOD, current US$)",DT.DOD.DECT.CD,"Congo, Rep.",COG,6666379338.7
"External debt stocks, total (DOD, current US$)",DT.DOD.DECT.CD,Costa Rica,CRI,..
"External debt stocks, total (DOD, current US$)",DT.DOD.DECT.CD,Cote d'Ivoire,CIV,11454555251.3
"External debt stocks, total (DOD, current US$)",DT.DOD.DECT.CD,Croatia,HRV,..
"External debt stocks, total (DOD, current US$)",DT.DOD.DECT.CD,Cuba,CUB,..
"External debt stocks, total (DOD, current US$)",DT.DOD.DECT.CD,Curacao,CUW,..
"External debt stocks, total (DOD, current US$)",DT.DOD.DECT.CD,Cyprus,CYP,..
"External debt stocks, total (DOD, current US$)",DT.DOD.DECT.CD,Czechia,CZE,..
"External debt stocks, total (DOD, current US$)",DT.DOD.DECT.CD,Denmark,DNK,..
"External debt stocks, total (DOD, current US$)",DT.DOD.DECT.CD,Djibouti,DJI,1702240895.4
"External debt stocks, total (DOD, current US$)",DT.DOD.DECT.CD,Dominica,DMA,536051362.9
"External debt stocks, total (DOD, current US$)",DT.DOD.DECT.CD,Dominican Republic,DOM,28291425524.5
"External debt stocks, total (DOD, current US$)",DT.DOD.DECT.CD,Ecuador,ECU,35395057632.2
"External debt stocks, total (DOD, current US$)",DT.DOD.DECT.CD,"Egypt, Arab Rep.",EGY,69188517055.2
"External debt stocks, total (DOD, current US$)",DT.DOD.DECT.CD,El Salvador,SLV,16582870003.6
"External debt stocks, total (DOD, current US$)",DT.DOD.DECT.CD,Equatorial Guinea,GNQ,..
"External debt stocks, total (DOD, current US$)",DT.DOD.DECT.CD,Eritrea,ERI,800798598.7
"External debt stocks, total (DOD, current US$)",DT.DOD.DECT.CD,Estonia,EST,..
"External debt stocks, total (DOD, current US$)",DT.DOD.DECT.CD,Ethiopia,ETH,23396722284.1
"External debt stocks, total (DOD, current US$)",DT.DOD.DECT.CD,Faroe Islands,FRO,..
"External debt stocks, total (DOD, current US$)",DT.DOD.DECT.CD,Fiji,FJI,1401041843
"External debt stocks, total (DOD, current US$)",DT.DOD.DECT.CD,Finland,FIN,..
"External debt stocks, total (DOD, current US$)",DT.DOD.DECT.CD,France,FRA,..
"External debt stocks, total (DOD, current US$)",DT.DOD.DECT.CD,French Polynesia,PYF,..
"External debt stocks, total (DOD, current US$)",DT.DOD.DECT.CD,Gabon,GAB,5386777813.9
"External debt stocks, total (DOD, current US$)",DT.DOD.DECT.CD,"Gambia, The",GMB,623076239.2
"External debt stocks, total (DOD, current US$)",DT.DOD.DECT.CD,Georgia,GEO,15830998022.1
"External debt stocks, total (DOD, current US$)",DT.DOD.DECT.CD,Germany,DEU,..
"External debt stocks, total (DOD, current US$)",DT.DOD.DECT.CD,Ghana,GHA,34860777089.7
"External debt stocks, total (DOD, current US$)",DT.DOD.DECT.CD,Gibraltar,GIB,..
"External debt stocks, total (DOD, current US$)",DT.DOD.DECT.CD,Greece,GRC,..
"External debt stocks, total (DOD, current US$)",DT.DOD.DECT.CD,Greenland,GRL,..
"External debt stocks, total (DOD, current US$)",DT.DOD.DECT.CD,Grenada,GRD,623422784.3
"External debt stocks, total (DOD, current US$)",DT.DOD.DECT.CD,Guam,GUM,..
"External debt stocks, total (DOD, current US$)",DT.DOD.DECT.CD,Guatemala,GTM,21129829604.4
"External debt stocks, total (DOD, current US$)",DT.DOD.DECT.CD,Guinea,GIN,2217230661.2
"External debt stocks, total (DOD, current US$)",DT.DOD.DECT.CD,Guinea-Bissau,GNB,595584357.4
"External debt stocks, total (DOD, current US$)",DT.DOD.DECT.CD,Guyana,GUY,1643860201.4
"External debt stocks, total (DOD, current US$)",DT.DOD.DECT.CD,Haiti,HTI,2300997423
"External debt stocks, total (DOD, current US$)",DT.DOD.DECT.CD,Honduras,HND,7621689846.3
"External debt stocks, total (DOD, current US$)",DT.DOD.DECT.CD,"Hong Kong SAR, China",HKG,..
"External debt stocks, total (DOD, current US$)",DT.DOD.DECT.CD,Hungary,HUN,..
"External debt stocks, total (DOD, current US$)",DT.DOD.DECT.CD,Iceland,ISL,..
"External debt stocks, total (DOD, current US$)",DT.DOD.DECT.CD,India,IND,455541896498.9
"External debt stocks, total (DOD, current US$)",DT.DOD.DECT.CD,Indonesia,IDN,319052612588.1
"External debt stocks, total (DOD, current US$)",DT.DOD.DECT.CD,"Iran, Islamic Rep.",IRN,6058410415.5
"External debt stocks, total (DOD, current US$)",DT.DOD.DECT.CD,Iraq,IRQ,23353445730.2
"External debt stocks, total (DOD, current US$)",DT.DOD.DECT.CD,Ireland,IRL,..
"External debt stocks, total (DOD, current US$)",DT.DOD.DECT.CD,Isle of Man,IMN,..
"External debt stocks, total (DOD, current US$)",DT.DOD.DECT.CD,Israel,ISR,..
"External debt stocks, total (DOD, current US$)",DT.DOD.DECT.CD,Italy,ITA,..
"External debt stocks, total (DOD, current US$)",DT.DOD.DECT.CD,Jamaica,JAM,14006048394.7
"External debt stocks, total (DOD, current US$)",DT.DOD.DECT.CD,Japan,JPN,..
"External debt stocks, total (DOD, current US$)",DT.DOD.DECT.CD,Jordan,JOR,27110465347.6
"External debt stocks, total (DOD, current US$)",DT.DOD.DECT.CD,Kazakhstan,KAZ,166979215648.4
"External debt stocks, total (DOD, current US$)",DT.DOD.DECT.CD,Kenya,KEN,21057671043.3
"External debt stocks, total (DOD, current US$)",DT.DOD.DECT.CD,Kiribati,KIR,..
"External debt stocks, total (DOD, current US$)",DT.DOD.DECT.CD,"Korea, Dem. People's Rep.",PRK,..
"External debt stocks, total (DOD, current US$)",DT.DOD.DECT.CD,"Korea, Rep.",KOR,..
"External debt stocks, total (DOD, current US$)",DT.DOD.DECT.CD,Kosovo,XKX,2124679279.7
"External debt stocks, total (DOD, current US$)",DT.DOD.DECT.CD,Kuwait,KWT,..
"External debt stocks, total (DOD, current US$)",DT.DOD.DECT.CD,Kyrgyz Republic,KGZ,7973634965
"External debt stocks, total (DOD, current US$)",DT.DOD.DECT.CD,Lao PDR,LAO,13528101907.2
"External debt stocks, total (DOD, current US$)",DT.DOD.DECT.CD,Latvia,LVA,..
"External debt stocks, total (DOD, current US$)",DT.DOD.DECT.CD,Lebanon,LBN,69523800483.9
"External debt stocks, total (DOD, current US$)",DT.DOD.DECT.CD,Lesotho,LSO,1358062674.5
"External debt stocks, total (DOD, current US$)",DT.DOD.DECT.CD,Liberia,LBR,949982627.2
"External debt stocks, total (DOD, current US$)",DT.DOD.DECT.CD,Libya,LBY,..
"External debt stocks, total (DOD, current US$)",DT.DOD.DECT.CD,Liechtenstein,LIE,..
"External debt stocks, total (DOD, current US$)",DT.DOD.DECT.CD,Lithuania,LTU,..
"External debt stocks, total (DOD, current US$)",DT.DOD.DECT.CD,Luxembourg,LUX,..
"External debt stocks, total (DOD, current US$)",DT.DOD.DECT.CD,"Macao SAR, China",MAC,..
"External debt stocks, total (DOD, current US$)",DT.DOD.DECT.CD,North Macedonia,MKD,7364973879.5
"External debt stocks, total (DOD, current US$)",DT.DOD.DECT.CD,Madagascar,MDG,2976805934.8
"External debt stocks, total (DOD, current US$)",DT.DOD.DECT.CD,Malawi,MWI,1848081075.2
"External debt stocks, total (DOD, current US$)",DT.DOD.DECT.CD,Malaysia,MYS,..
"External debt stocks, total (DOD, current US$)",DT.DOD.DECT.CD,Maldives,MDV,1137521463.6
"External debt stocks, total (DOD, current US$)",DT.DOD.DECT.CD,Mali,MLI,3847760144.7
"External debt stocks, total (DOD, current US$)",DT.DOD.DECT.CD,Malta,MLT,..
"External debt stocks, total (DOD, current US$)",DT.DOD.DECT.CD,Marshall Islands,MHL,..
"External debt stocks, total (DOD, current US$)",DT.DOD.DECT.CD,Mauritania,MRT,5080228847.5
"External debt stocks, total (DOD, current US$)",DT.DOD.DECT.CD,Mauritius,MUS,10444397736.4
"External debt stocks, total (DOD, current US$)",DT.DOD.DECT.CD,Mexico,MEX,544792453300
"External debt stocks, total (DOD, current US$)",DT.DOD.DECT.CD,"Micronesia, Fed. Sts.",FSM,..
"External debt stocks, total (DOD, current US$)",DT.DOD.DECT.CD,Moldova,MDA,6217992082
"External debt stocks, total (DOD, current US$)",DT.DOD.DECT.CD,Monaco,MCO,..
"External debt stocks, total (DOD, current US$)",DT.DOD.DECT.CD,Mongolia,MNG,26419310479.1
"External debt stocks, total (DOD, current US$)",DT.DOD.DECT.CD,Montenegro,MNE,6277162867.3
"External debt stocks, total (DOD, current US$)",DT.DOD.DECT.CD,Morocco,MAR,47831451631
"External debt stocks, total (DOD, current US$)",DT.DOD.DECT.CD,Mozambique,MOZ,43401165454.9
"External debt stocks, total (DOD, current US$)",DT.DOD.DECT.CD,Myanmar,MMR,10112462045
"External debt stocks, total (DOD, current US$)",DT.DOD.DECT.CD,Namibia,NAM,..
"External debt stocks, total (DOD, current US$)",DT.DOD.DECT.CD,Nauru,NRU,..
"External debt stocks, total (DOD, current US$)",DT.DOD.DECT.CD,Nepal,NPL,4297388214
"External debt stocks, total (DOD, current US$)",DT.DOD.DECT.CD,Netherlands,NLD,..
"External debt stocks, total (DOD, current US$)",DT.DOD.DECT.CD,New Caledonia,NCL,..
"External debt stocks, total (DOD, current US$)",DT.DOD.DECT.CD,New Zealand,NZL,..
"External debt stocks, total (DOD, current US$)",DT.DOD.DECT.CD,Nicaragua,NIC,12218682282.7
"External debt stocks, total (DOD, current US$)",DT.DOD.DECT.CD,Niger,NER,2511623278.5
"External debt stocks, total (DOD, current US$)",DT.DOD.DECT.CD,Nigeria,NGA,43735939488.9
"External debt stocks, total (DOD, current US$)",DT.DOD.DECT.CD,Northern Mariana Islands,MNP,..
"External debt stocks, total (DOD, current US$)",DT.DOD.DECT.CD,Norway,NOR,..
"External debt stocks, total (DOD, current US$)",DT.DOD.DECT.CD,Oman,OMN,..
"External debt stocks, total (DOD, current US$)",DT.DOD.DECT.CD,Pakistan,PAK,75132689979.4
"External debt stocks, total (DOD, current US$)",DT.DOD.DECT.CD,Palau,PLW,..
"External debt stocks, total (DOD, current US$)",DT.DOD.DECT.CD,Panama,PAN,..
"External debt stocks, total (DOD, current US$)",DT.DOD.DECT.CD,Papua New Guinea,PNG,19247283289.3
"External debt stocks, total (DOD, current US$)",DT.DOD.DECT.CD,Paraguay,PRY,17249495429
"External debt stocks, total (DOD, current US$)",DT.DOD.DECT.CD,Peru,PER,70260218413.7
"External debt stocks, total (DOD, current US$)",DT.DOD.DECT.CD,Philippines,PHL,75276875923.6
"External debt stocks, total (DOD, current US$)",DT.DOD.DECT.CD,Poland,POL,..
"External debt stocks, total (DOD, current US$)",DT.DOD.DECT.CD,Portugal,PRT,..
"External debt stocks, total (DOD, current US$)",DT.DOD.DECT.CD,Puerto Rico (US),PRI,..
"External debt stocks, total (DOD, current US$)",DT.DOD.DECT.CD,Qatar,QAT,..
"External debt stocks, total (DOD, current US$)",DT.DOD.DECT.CD,Romania,ROU,..
"External debt stocks, total (DOD, current US$)",DT.DOD.DECT.CD,Russian Federation,RUS,535225173047.3
"External debt stocks, total (DOD, current US$)",DT.DOD.DECT.CD,Rwanda,RWA,4318716827.6
"External debt stocks, total (DOD, current US$)",DT.DOD.DECT.CD,Samoa,WSM,444079880.5
"External debt stocks, total (DOD, current US$)",DT.DOD.DECT.CD,San Marino,SMR,..
"External debt stocks, total (DOD, current US$)",DT.DOD.DECT.CD,Sao Tome and Principe,STP,240916227.4
"External debt stocks, total (DOD, current US$)",DT.DOD.DECT.CD,Saudi Arabia,SAU,..
"External debt stocks, total (DOD, current US$)",DT.DOD.DECT.CD,Senegal,SEN,11454854863.9
"External debt stocks, total (DOD, current US$)",DT.DOD.DECT.CD,Serbia,SRB,27905718375.2
"External debt stocks, total (DOD, current US$)",DT.DOD.DECT.CD,Seychelles,SYC,..
"External debt stocks, total (DOD, current US$)",DT.DOD.DECT.CD,Sierra Leone,SLE,1624480861.3
"External debt stocks, total (DOD, current US$)",DT.DOD.DECT.CD,Singapore,SGP,..
"External debt stocks, total (DOD, current US$)",DT.DOD.DECT.CD,Sint Maarten (Dutch part),SXM,..
"External debt stocks, total (DOD, current US$)",DT.DOD.DECT.CD,Slovak Republic,SVK,..
"External debt stocks, total (DOD, current US$)",DT.DOD.DECT.CD,Slovenia,SVN,..
"External debt stocks, total (DOD, current US$)",DT.DOD.DECT.CD,Solomon Islands,SLB,263838572.3
"External debt stocks, total (DOD, current US$)",DT.DOD.DECT.CD,"Somalia, Fed. Rep.",SOM,2744666127.8
"External debt stocks, total (DOD, current US$)",DT.DOD.DECT.CD,South Africa,ZAF,144058545587
"External debt stocks, total (DOD, current US$)",DT.DOD.DECT.CD,South Sudan,SSD,..
"External debt stocks, total (DOD, current US$)",DT.DOD.DECT.CD,Spain,ESP,..
"External debt stocks, total (DOD, current US$)",DT.DOD.DECT.CD,Sri Lanka,LKA,46662738616.2
"External debt stocks, total (DOD, current US$)",DT.DOD.DECT.CD,St. Kitts and Nevis,KNA,..
"External debt stocks, total (DOD, current US$)",DT.DOD.DECT.CD,St. Lucia,LCA,543662556.6
"External debt stocks, total (DOD, current US$)",DT.DOD.DECT.CD,St. Martin (French part),MAF,..
"External debt stocks, total (DOD, current US$)",DT.DOD.DECT.CD,St. Vincent and the Grenadines,VCT,361331556.4
"External debt stocks, total (DOD, current US$)",DT.DOD.DECT.CD,Sudan,SDN,21361100515
"External debt stocks, total (DOD, current US$)",DT.DOD.DECT.CD,Suriname,SUR,2962151764.6
"External debt stocks, total (DOD, current US$)",DT.DOD.DECT.CD,Eswatini,SWZ,765430841
"External debt stocks, total (DOD, current US$)",DT.DOD.DECT.CD,Sweden,SWE,..
"External debt stocks, total (DOD, current US$)",DT.DOD.DECT.CD,Switzerland,CHE,..
"External debt stocks, total (DOD, current US$)",DT.DOD.DECT.CD,Syrian Arab Republic,SYR,4367932030.6
"External debt stocks, total (DOD, current US$)",DT.DOD.DECT.CD,Tajikistan,TJK,5180495790.8
"External debt stocks, total (DOD, current US$)",DT.DOD.DECT.CD,Tanzania,TZA,19530747919.3
"External debt stocks, total (DOD, current US$)",DT.DOD.DECT.CD,Thailand,THA,131071178439.1
"External debt stocks, total (DOD, current US$)",DT.DOD.DECT.CD,Timor-Leste,TLS,80907571.1
"External debt stocks, total (DOD, current US$)",DT.DOD.DECT.CD,Togo,TGO,1213797944.2
"External debt stocks, total (DOD, current US$)",DT.DOD.DECT.CD,Tonga,TON,174411669.5
"External debt stocks, total (DOD, current US$)",DT.DOD.DECT.CD,Trinidad and Tobago,TTO,..
"External debt stocks, total (DOD, current US$)",DT.DOD.DECT.CD,Tunisia,TUN,29527167044.6
"External debt stocks, total (DOD, current US$)",DT.DOD.DECT.CD,Turkiye,TUR,398941852378.3
"External debt stocks, total (DOD, current US$)",DT.DOD.DECT.CD,Turkmenistan,TKM,8167364609
"External debt stocks, total (DOD, current US$)",DT.DOD.DECT.CD,Turks and Caicos Islands,TCA,..
"External debt stocks, total (DOD, current US$)",DT.DOD.DECT.CD,Tuvalu,TUV,..
"External debt stocks, total (DOD, current US$)",DT.DOD.DECT.CD,Uganda,UGA,10088174030.4
"External debt stocks, total (DOD, current US$)",DT.DOD.DECT.CD,Ukraine,UKR,116341600303.7
"External debt stocks, total (DOD, current US$)",DT.DOD.DECT.CD,United Arab Emirates,ARE,..
"External debt stocks, total (DOD, current US$)",DT.DOD.DECT.CD,United Kingdom,GBR,..
"External debt stocks, total (DOD, current US$)",DT.DOD.DECT.CD,United States,USA,..
"External debt stocks, total (DOD, current US$)",DT.DOD.DECT.CD,Uruguay,URY,..
"External debt stocks, total (DOD, current US$)",DT.DOD.DECT.CD,Uzbekistan,UZB,15334623459.2
"External debt stocks, total (DOD, current US$)",DT.DOD.DECT.CD,Vanuatu,VUT,293420900.7
"External debt stocks, total (DOD, current US$)",DT.DOD.DECT.CD,"Venezuela, RB",VEN,..
"External debt stocks, total (DOD, current US$)",DT.DOD.DECT.CD,Viet Nam,VNM,90484088511.7
"External debt stocks, total (DOD, current US$)",DT.DOD.DECT.CD,Virgin Islands (U.S.),VIR,..
"External debt stocks, total (DOD, current US$)",DT.DOD.DECT.CD,West Bank and Gaza,PSE,..
"External debt stocks, total (DOD, current US$)",DT.DOD.DECT.CD,"Yemen, Rep.",YEM,7062871730.7
"External debt stocks, total (DOD, current US$)",DT.DOD.DECT.CD,Zambia,ZMB,15755769971.2
"External debt stocks, total (DOD, current US$)",DT.DOD.DECT.CD,Zimbabwe,ZWE,11815422651.3
Total debt service (% of GNI),DT.TDS.DECT.GN.ZS,Afghanistan,AFG,0.324902542065687
Total debt service (% of GNI),DT.TDS.DECT.GN.ZS,Albania,ALB,4.86834435445335
Total debt service (% of GNI),DT.TDS.DECT.GN.ZS,Algeria,DZA,0.198589555086649
Total debt service (% of GNI),DT.TDS.DECT.GN.ZS,American Samoa,ASM,..
Total debt service (% of GNI),DT.TDS.DECT.GN.ZS,Andorra,AND,..
Total debt service (% of GNI),DT.TDS.DECT.GN.ZS,Angola,AGO,19.0892846143355
Total debt service (% of GNI),DT.TDS.DECT.GN.ZS,Antigua and Barbuda,ATG,..
Total debt service (% of GNI),DT.TDS.DECT.GN.ZS,Argentina,ARG,4.75372593039639
Total debt service (% of GNI),DT.TDS.DECT.GN.ZS,Armenia,ARM,13.5291485659272
Total debt service (% of GNI),DT.TDS.DECT.GN.ZS,Aruba,ABW,..
Total debt service (% of GNI),DT.TDS.DECT.GN.ZS,Australia,AUS,..
Total debt service (% of GNI),DT.TDS.DECT.GN.ZS,Austria,AUT,..
Total debt service (% of GNI),DT.TDS.DECT.GN.ZS,Azerbaijan,AZE,4.88991285462299
Total debt service (% of GNI),DT.TDS.DECT.GN.ZS,"Bahamas, The",BHS,..
Total debt service (% of GNI),DT.TDS.DECT.GN.ZS,Bahrain,BHR,..
Total debt service (% of GNI),DT.TDS.DECT.GN.ZS,Bangladesh,BGD,0.66919272801744
Total debt service (% of GNI),DT.TDS.DECT.GN.ZS,Barbados,BRB,..
Total debt service (% of GNI),DT.TDS.DECT.GN.ZS,Belarus,BLR,13.6728227751776
Total debt service (% of GNI),DT.TDS.DECT.GN.ZS,Belgium,BEL,..
Total debt service (% of GNI),DT.TDS.DECT.GN.ZS,Belize,BLZ,4.80910154377794
Total debt service (% of GNI),DT.TDS.DECT.GN.ZS,Benin,BEN,1.16386698318663
Total debt service (% of GNI),DT.TDS.DECT.GN.ZS,Bermuda,BMU,..
Total debt service (% of GNI),DT.TDS.DECT.GN.ZS,Bhutan,BTN,5.3907373018358
Total debt service (% of GNI),DT.TDS.DECT.GN.ZS,Bolivia,BOL,2.32780940099488
Total debt service (% of GNI),DT.TDS.DECT.GN.ZS,Bosnia and Herzegovina,BIH,7.2063979522799
Total debt service (% of GNI),DT.TDS.DECT.GN.ZS,Botswana,BWA,1.21241868897965
Total debt service (% of GNI),DT.TDS.DECT.GN.ZS,Brazil,BRA,6.68499898209299
Total debt service (% of GNI),DT.TDS.DECT.GN.ZS,British Virgin Islands,VGB,..
Total debt service (% of GNI),DT.TDS.DECT.GN.ZS,Brunei Darussalam,BRN,..
Total debt service (% of GNI),DT.TDS.DECT.GN.ZS,Bulgaria,BGR,15.6196440259105
Total debt service (% of GNI),DT.TDS.DECT.GN.ZS,Burkina Faso,BFA,10.0786427443046
Total debt service (% of GNI),DT.TDS.DECT.GN.ZS,Burundi,BDI,1.27654441215923
Total debt service (% of GNI),DT.TDS.DECT.GN.ZS,Cabo Verde,CPV,2.76015911537909
Total debt service (% of GNI),DT.TDS.DECT.GN.ZS,Cambodia,KHM,3.17719773836845
Total debt service (% of GNI),DT.TDS.DECT.GN.ZS,Cameroon,CMR,2.59767579999014
Total debt service (% of GNI),DT.TDS.DECT.GN.ZS,Canada,CAN,..
Total debt service (% of GNI),DT.TDS.DECT.GN.ZS,Cayman Islands,CYM,..
Total debt service (% of GNI),DT.TDS.DECT.GN.ZS,Central African Republic,CAF,1.36665790616347
Total debt service (% of GNI),DT.TDS.DECT.GN.ZS,Chad,TCD,1.25733475038372
Total debt service (% of GNI),DT.TDS.DECT.GN.ZS,Channel Islands,CHI,..
Total debt service (% of GNI),DT.TDS.DECT.GN.ZS,Chile,CHL,..
Total debt service (% of GNI),DT.TDS.DECT.GN.ZS,China,CHN,1.47145371630911
Total debt service (% of GNI),DT.TDS.DECT.GN.ZS,Colombia,COL,5.66309395265003
Total debt service (% of GNI),DT.TDS.DECT.GN.ZS,Comoros,COM,0.625698238111544
Total debt service (% of GNI),DT.TDS.DECT.GN.ZS,"Congo, Dem. Rep.",COD,1.14378340083182
Total debt service (% of GNI),DT.TDS.DECT.GN.ZS,"Congo, Rep.",COG,3.42620121339108
Total debt service (% of GNI),DT.TDS.DECT.GN.ZS,Costa Rica,CRI,..
Total debt service (% of GNI),DT.TDS.DECT.GN.ZS,Cote d'Ivoire,CIV,3.31055558668332
Total debt service (% of GNI),DT.TDS.DECT.GN.ZS,Croatia,HRV,..
Total debt service (% of GNI),DT.TDS.DECT.GN.ZS,Cuba,CUB,..
Total debt service (% of GNI),DT.TDS.DECT.GN.ZS,Curacao,CUW,..
Total debt service (% of GNI),DT.TDS.DECT.GN.ZS,Cyprus,CYP,..
Total debt service (% of GNI),DT.TDS.DECT.GN.ZS,Czechia,CZE,..
Total debt service (% of GNI),DT.TDS.DECT.GN.ZS,Denmark,DNK,..
Total debt service (% of GNI),DT.TDS.DECT.GN.ZS,Djibouti,DJI,2.33321112732589
Total debt service (% of GNI),DT.TDS.DECT.GN.ZS,Dominica,DMA,5.32453261416082
Total debt service (% of GNI),DT.TDS.DECT.GN.ZS,Dominican Republic,DOM,4.79249833251035
Total debt service (% of GNI),DT.TDS.DECT.GN.ZS,Ecuador,ECU,5.61783244222225
Total debt service (% of GNI),DT.TDS.DECT.GN.ZS,"Egypt, Arab Rep.",EGY,2.02315058781381
Total debt service (% of GNI),DT.TDS.DECT.GN.ZS,El Salvador,SLV,6.12494778263721
Total debt service (% of GNI),DT.TDS.DECT.GN.ZS,Equatorial Guinea,GNQ,..
Total debt service (% of GNI),DT.TDS.DECT.GN.ZS,Eritrea,ERI,..
Total debt service (% of GNI),DT.TDS.DECT.GN.ZS,Estonia,EST,..
Total debt service (% of GNI),DT.TDS.DECT.GN.ZS,Ethiopia,ETH,1.81517794155653
Total debt service (% of GNI),DT.TDS.DECT.GN.ZS,Faroe Islands,FRO,..
Total debt service (% of GNI),DT.TDS.DECT.GN.ZS,Fiji,FJI,2.84653744536875
Total debt service (% of GNI),DT.TDS.DECT.GN.ZS,Finland,FIN,..
Total debt service (% of GNI),DT.TDS.DECT.GN.ZS,France,FRA,..
Total debt service (% of GNI),DT.TDS.DECT.GN.ZS,French Polynesia,PYF,..
Total debt service (% of GNI),DT.TDS.DECT.GN.ZS,Gabon,GAB,2.87762546629401
Total debt service (% of GNI),DT.TDS.DECT.GN.ZS,"Gambia, The",GMB,3.00308524757423
Total debt service (% of GNI),DT.TDS.DECT.GN.ZS,Georgia,GEO,17.676612391109
Total debt service (% of GNI),DT.TDS.DECT.GN.ZS,Germany,DEU,..
Total debt service (% of GNI),DT.TDS.DECT.GN.ZS,Ghana,GHA,8.5491622317565
Total debt service (% of GNI),DT.TDS.DECT.GN.ZS,Gibraltar,GIB,..
Total debt service (% of GNI),DT.TDS.DECT.GN.ZS,Greece,GRC,..
Total debt service (% of GNI),DT.TDS.DECT.GN.ZS,Greenland,GRL,..
Total debt service (% of GNI),DT.TDS.DECT.GN.ZS,Grenada,GRD,5.40989609038022
Total debt service (% of GNI),DT.TDS.DECT.GN.ZS,Guam,GUM,..
Total debt service (% of GNI),DT.TDS.DECT.GN.ZS,Guatemala,GTM,4.76139434223864
Total debt service (% of GNI),DT.TDS.DECT.GN.ZS,Guinea,GIN,0.680874842134816
Total debt service (% of GNI),DT.TDS.DECT.GN.ZS,Guinea-Bissau,GNB,0.797269618666134
Total debt service (% of GNI),DT.TDS.DECT.GN.ZS,Guyana,GUY,1.84669468472645
Total debt service (% of GNI),DT.TDS.DECT.GN.ZS,Haiti,HTI,0.653191386010243
Total debt service (% of GNI),DT.TDS.DECT.GN.ZS,Honduras,HND,4.59854847048253
Total debt service (% of GNI),DT.TDS.DECT.GN.ZS,"Hong Kong SAR, China",HKG,..
Total debt service (% of GNI),DT.TDS.DECT.GN.ZS,Hungary,HUN,..
Total debt service (% of GNI),DT.TDS.DECT.GN.ZS,Iceland,ISL,..
Total debt service (% of GNI),DT.TDS.DECT.GN.ZS,India,IND,3.39347044179142
Total debt service (% of GNI),DT.TDS.DECT.GN.ZS,Indonesia,IDN,7.13996486601349
Total debt service (% of GNI),DT.TDS.DECT.GN.ZS,"Iran, Islamic Rep.",IRN,0.435484957519047
Total debt service (% of GNI),DT.TDS.DECT.GN.ZS,Iraq,IRQ,0.821513048005352
Total debt service (% of GNI),DT.TDS.DECT.GN.ZS,Ireland,IRL,..
Total debt service (% of GNI),DT.TDS.DECT.GN.ZS,Isle of Man,IMN,..
Total debt service (% of GNI),DT.TDS.DECT.GN.ZS,Israel,ISR,..
Total debt service (% of GNI),DT.TDS.DECT.GN.ZS,Italy,ITA,..
Total debt service (% of GNI),DT.TDS.DECT.GN.ZS,Jamaica,JAM,13.2662411333678
Total debt service (% of GNI),DT.TDS.DECT.GN.ZS,Japan,JPN,..
Total debt service (% of GNI),DT.TDS.DECT.GN.ZS,Jordan,JOR,6.1946756187339
Total debt service (% of GNI),DT.TDS.DECT.GN.ZS,Kazakhstan,KAZ,16.7339350762573
Total debt service (% of GNI),DT.TDS.DECT.GN.ZS,Kenya,KEN,1.51580806262624
Total debt service (% of GNI),DT.TDS.DECT.GN.ZS,Kiribati,KIR,..
Total debt service (% of GNI),DT.TDS.DECT.GN.ZS,"Korea, Dem. People's Rep.",PRK,..
Total debt service (% of GNI),DT.TDS.DECT.GN.ZS,"Korea, Rep.",KOR,..
Total debt service (% of GNI),DT.TDS.DECT.GN.ZS,Kosovo,XKX,3.31834550785494
Total debt service (% of GNI),DT.TDS.DECT.GN.ZS,Kuwait,KWT,..
Total debt service (% of GNI),DT.TDS.DECT.GN.ZS,Kyrgyz Republic,KGZ,11.3721174633605
Total debt service (% of GNI),DT.TDS.DECT.GN.ZS,Lao PDR,LAO,3.70290254163305
Total debt service (% of GNI),DT.TDS.DECT.GN.ZS,Latvia,LVA,..
Total debt service (% of GNI),DT.TDS.DECT.GN.ZS,Lebanon,LBN,27.7948190199877
Total debt service (% of GNI),DT.TDS.DECT.GN.ZS,Lesotho,LSO,2.41684989136703
Total debt service (% of GNI),DT.TDS.DECT.GN.ZS,Liberia,LBR,0.387060105736167
Total debt service (% of GNI),DT.TDS.DECT.GN.ZS,Libya,LBY,..
Total debt service (% of GNI),DT.TDS.DECT.GN.ZS,Liechtenstein,LIE,..
Total debt service (% of GNI),DT.TDS.DECT.GN.ZS,Lithuania,LTU,..
Total debt service (% of GNI),DT.TDS.DECT.GN.ZS,Luxembourg,LUX,..
Total debt service (% of GNI),DT.TDS.DECT.GN.ZS,"Macao SAR, China",MAC,..
Total debt service (% of GNI),DT.TDS.DECT.GN.ZS,North Macedonia,MKD,8.78649958519752
Total debt service (% of GNI),DT.TDS.DECT.GN.ZS,Madagascar,MDG,1.07516935412392
Total debt service (% of GNI),DT.TDS.DECT.GN.ZS,Malawi,MWI,0.958624757848552
Total debt service (% of GNI),DT.TDS.DECT.GN.ZS,Malaysia,MYS,..
Total debt service (% of GNI),DT.TDS.DECT.GN.ZS,Maldives,MDV,3.33242616185942
Total debt service (% of GNI),DT.TDS.DECT.GN.ZS,Mali,MLI,0.811588428970289
Total debt service (% of GNI),DT.TDS.DECT.GN.ZS,Malta,MLT,..
Total debt service (% of GNI),DT.TDS.DECT.GN.ZS,Marshall Islands,MHL,..
Total debt service (% of GNI),DT.TDS.DECT.GN.ZS,Mauritania,MRT,4.13697983699146
Total debt service (% of GNI),DT.TDS.DECT.GN.ZS,Mauritius,MUS,13.5339453523792
Total debt service (% of GNI),DT.TDS.DECT.GN.ZS,Mexico,MEX,7.24905463981229
Total debt service (% of GNI),DT.TDS.DECT.GN.ZS,"Micronesia, Fed. Sts.",FSM,..
Total debt service (% of GNI),DT.TDS.DECT.GN.ZS,Moldova,MDA,5.14865119522897
Total debt service (% of GNI),DT.TDS.DECT.GN.ZS,Monaco,MCO,..
Total debt service (% of GNI),DT.TDS.DECT.GN.ZS,Mongolia,MNG,14.2318878982866
Total debt service (% of GNI),DT.TDS.DECT.GN.ZS,Montenegro,MNE,17.811980909344
Total debt service (% of GNI),DT.TDS.DECT.GN.ZS,Morocco,MAR,3.53780789069181
Total debt service (% of GNI),DT.TDS.DECT.GN.ZS,Mozambique,MOZ,8.93022500389044
Total debt service (% of GNI),DT.TDS.DECT.GN.ZS,Myanmar,MMR,1.19982462729589
Total debt service (% of GNI),DT.TDS.DECT.GN.ZS,Namibia,NAM,..
Total debt service (% of GNI),DT.TDS.DECT.GN.ZS,Nauru,NRU,..
Total debt service (% of GNI),DT.TDS.DECT.GN.ZS,Nepal,NPL,0.963642886831938
Total debt service (% of GNI),DT.TDS.DECT.GN.ZS,Netherlands,NLD,..
Total debt service (% of GNI),DT.TDS.DECT.GN.ZS,New Caledonia,NCL,..
Total debt service (% of GNI),DT.TDS.DECT.GN.ZS,New Zealand,NZL,..
Total debt service (% of GNI),DT.TDS.DECT.GN.ZS,Nicaragua,NIC,14.7883345547494
Total debt service (% of GNI),DT.TDS.DECT.GN.ZS,Niger,NER,1.03845227573741
Total debt service (% of GNI),DT.TDS.DECT.GN.ZS,Nigeria,NGA,1.27582934821351
Total debt service (% of GNI),DT.TDS.DECT.GN.ZS,Northern Mariana Islands,MNP,..
Total debt service (% of GNI),DT.TDS.DECT.GN.ZS,Norway,NOR,..
Total debt service (% of GNI),DT.TDS.DECT.GN.ZS,Oman,OMN,..
Total debt service (% of GNI),DT.TDS.DECT.GN.ZS,Pakistan,PAK,1.41195793073049
Total debt service (% of GNI),DT.TDS.DECT.GN.ZS,Palau,PLW,..
Total debt service (% of GNI),DT.TDS.DECT.GN.ZS,Panama,PAN,..
Total debt service (% of GNI),DT.TDS.DECT.GN.ZS,Papua New Guinea,PNG,16.7475524947539
Total debt service (% of GNI),DT.TDS.DECT.GN.ZS,Paraguay,PRY,4.12731868281941
Total debt service (% of GNI),DT.TDS.DECT.GN.ZS,Peru,PER,4.24925104636687
Total debt service (% of GNI),DT.TDS.DECT.GN.ZS,Philippines,PHL,3.06474557866156
Total debt service (% of GNI),DT.TDS.DECT.GN.ZS,Poland,POL,..
Total debt service (% of GNI),DT.TDS.DECT.GN.ZS,Portugal,PRT,..
Total debt service (% of GNI),DT.TDS.DECT.GN.ZS,Puerto Rico (US),PRI,..
Total debt service (% of GNI),DT.TDS.DECT.GN.ZS,Qatar,QAT,..
Total debt service (% of GNI),DT.TDS.DECT.GN.ZS,Romania,ROU,..
Total debt service (% of GNI),DT.TDS.DECT.GN.ZS,Russian Federation,RUS,7.52812740033175
Total debt service (% of GNI),DT.TDS.DECT.GN.ZS,Rwanda,RWA,2.62787858273096
Total debt service (% of GNI),DT.TDS.DECT.GN.ZS,Samoa,WSM,3.20854384942103
Total debt service (% of GNI),DT.TDS.DECT.GN.ZS,San Marino,SMR,..
Total debt service (% of GNI),DT.TDS.DECT.GN.ZS,Sao Tome and Principe,STP,0.890167403954197
Total debt service (% of GNI),DT.TDS.DECT.GN.ZS,Saudi Arabia,SAU,..
Total debt service (% of GNI),DT.TDS.DECT.GN.ZS,Senegal,SEN,2.25465900544939
Total debt service (% of GNI),DT.TDS.DECT.GN.ZS,Serbia,SRB,14.6759628565384
Total debt service (% of GNI),DT.TDS.DECT.GN.ZS,Seychelles,SYC,..
Total debt service (% of GNI),DT.TDS.DECT.GN.ZS,Sierra Leone,SLE,0.672063184533998
Total debt service (% of GNI),DT.TDS.DECT.GN.ZS,Singapore,SGP,..
Total debt service (% of GNI),DT.TDS.DECT.GN.ZS,Sint Maarten (Dutch part),SXM,..
Total debt service (% of GNI),DT.TDS.DECT.GN.ZS,Slovak Republic,SVK,..
Total debt service (% of GNI),DT.TDS.DECT.GN.ZS,Slovenia,SVN,..
Total debt service (% of GNI),DT.TDS.DECT.GN.ZS,Solomon Islands,SLB,1.71671668391635
Total debt service (% of GNI),DT.TDS.DECT.GN.ZS,"Somalia, Fed. Rep.",SOM,0.000823466216773932
Total debt service (% of GNI),DT.TDS.DECT.GN.ZS,South Africa,ZAF,4.57129008304988
Total debt service (% of GNI),DT.TDS.DECT.GN.ZS,South Sudan,SSD,..
Total debt service (% of GNI),DT.TDS.DECT.GN.ZS,Spain,ESP,..
Total debt service (% of GNI),DT.TDS.DECT.GN.ZS,Sri Lanka,LKA,3.87298309001108
Total debt service (% of GNI),DT.TDS.DECT.GN.ZS,St. Kitts and Nevis,KNA,..
Total debt service (% of GNI),DT.TDS.DECT.GN.ZS,St. Lucia,LCA,2.75564167541054
Total debt service (% of GNI),DT.TDS.DECT.GN.ZS,St. Martin (French part),MAF,..
Total debt service (% of GNI),DT.TDS.DECT.GN.ZS,St. Vincent and the Grenadines,VCT,5.14507122883088
Total debt service (% of GNI),DT.TDS.DECT.GN.ZS,Sudan,SDN,0.703938556090696
Total debt service (% of GNI),DT.TDS.DECT.GN.ZS,Suriname,SUR,17.7518061845982
Total debt service (% of GNI),DT.TDS.DECT.GN.ZS,Eswatini,SWZ,1.15484706612502
Total debt service (% of GNI),DT.TDS.DECT.GN.ZS,Sweden,SWE,..
Total debt service (% of GNI),DT.TDS.DECT.GN.ZS,Switzerland,CHE,..
Total debt service (% of GNI),DT.TDS.DECT.GN.ZS,Syrian Arab Republic,SYR,0.00312941292843507
Total debt service (% of GNI),DT.TDS.DECT.GN.ZS,Tajikistan,TJK,7.83642771295903
Total debt service (% of GNI),DT.TDS.DECT.GN.ZS,Tanzania,TZA,1.50816469287262
Total debt service (% of GNI),DT.TDS.DECT.GN.ZS,Thailand,THA,3.79005763694637
Total debt service (% of GNI),DT.TDS.DECT.GN.ZS,Timor-Leste,TLS,0.0369171734809039
Total debt service (% of GNI),DT.TDS.DECT.GN.ZS,Togo,TGO,1.49500465044204
Total debt service (% of GNI),DT.TDS.DECT.GN.ZS,Tonga,TON,1.4478786398103
Total debt service (% of GNI),DT.TDS.DECT.GN.ZS,Trinidad and Tobago,TTO,..
Total debt service (% of GNI),DT.TDS.DECT.GN.ZS,Tunisia,TUN,4.82474560490556
Total debt service (% of GNI),DT.TDS.DECT.GN.ZS,Turkiye,TUR,8.78585439284443
Total debt service (% of GNI),DT.TDS.DECT.GN.ZS,Turkmenistan,TKM,4.30522980486752
Total debt service (% of GNI),DT.TDS.DECT.GN.ZS,Turks and Caicos Islands,TCA,..
Total debt service (% of GNI),DT.TDS.DECT.GN.ZS,Tuvalu,TUV,..
Total debt service (% of GNI),DT.TDS.DECT.GN.ZS,Uganda,UGA,2.9431545268045
Total debt service (% of GNI),DT.TDS.DECT.GN.ZS,Ukraine,UKR,13.1418118621218
Total debt service (% of GNI),DT.TDS.DECT.GN.ZS,United Arab Emirates,ARE,..
Total debt service (% of GNI),DT.TDS.DECT.GN.ZS,United Kingdom,GBR,..
Total debt service (% of GNI),DT.TDS.DECT.GN.ZS,United States,USA,..
Total debt service (% of GNI),DT.TDS.DECT.GN.ZS,Uruguay,URY,..
Total debt service (% of GNI),DT.TDS.DECT.GN.ZS,Uzbekistan,UZB,1.59414171666359
Total debt service (% of GNI),DT.TDS.DECT.GN.ZS,Vanuatu,VUT,1.06305168170213
Total debt service (% of GNI),DT.TDS.DECT.GN.ZS,"Venezuela, RB",VEN,..
Total debt service (% of GNI),DT.TDS.DECT.GN.ZS,Viet Nam,VNM,3.17738400910454
Total debt service (% of GNI),DT.TDS.DECT.GN.ZS,Virgin Islands (U.S.),VIR,..
Total debt service (% of GNI),DT.TDS.DECT.GN.ZS,West Bank and Gaza,PSE,..
Total debt service (% of GNI),DT.TDS.DECT.GN.ZS,"Yemen, Rep.",YEM,0.450625417908583
Total debt service (% of GNI),DT.TDS.DECT.GN.ZS,Zambia,ZMB,3.85035689986959
Total debt service (% of GNI),DT.TDS.DECT.GN.ZS,Zimbabwe,ZWE,6.61616806921336
Net migration,SM.POP.NETM,Afghanistan,AFG,-143049
Net migration,SM.POP.NETM,Albania,ALB,-9347
Net migration,SM.POP.NETM,Algeria,DZA,-6438
Net migration,SM.POP.NETM,American Samoa,ASM,-1349
Net migration,SM.POP.NETM,Andorra,AND,1415
Net migration,SM.POP.NETM,Angola,AGO,91614
Net migration,SM.POP.NETM,Antigua and Barbuda,ATG,0
Net migration,SM.POP.NETM,Argentina,ARG,5215
Net migration,SM.POP.NETM,Armenia,ARM,-14697
Net migration,SM.POP.NETM,Aruba,ABW,405
Net migration,SM.POP.NETM,Australia,AUS,254648
Net migration,SM.POP.NETM,Austria,AUT,65976
Net migration,SM.POP.NETM,Azerbaijan,AZE,4671
Net migration,SM.POP.NETM,"Bahamas, The",BHS,1002
Net migration,SM.POP.NETM,Bahrain,BHR,46833
Net migration,SM.POP.NETM,Bangladesh,BGD,-918770
Net migration,SM.POP.NETM,Barbados,BRB,-65
Net migration,SM.POP.NETM,Belarus,BLR,8272
Net migration,SM.POP.NETM,Belgium,BEL,28090
Net migration,SM.POP.NETM,Belize,BLZ,3313
Net migration,SM.POP.NETM,Benin,BEN,3837
Net migration,SM.POP.NETM,Bermuda,BMU,0
Net migration,SM.POP.NETM,Bhutan,BTN,1116
Net migration,SM.POP.NETM,Bolivia,BOL,-10071
Net migration,SM.POP.NETM,Bosnia and Herzegovina,BIH,-32173
Net migration,SM.POP.NETM,Botswana,BWA,-10286
Net migration,SM.POP.NETM,Brazil,BRA,-92989
Net migration,SM.POP.NETM,British Virgin Islands,VGB,-3433
Net migration,SM.POP.NETM,Brunei Darussalam,BRN,415
Net migration,SM.POP.NETM,Bulgaria,BGR,-9482
Net migration,SM.POP.NETM,Burkina Faso,BFA,-7598
Net migration,SM.POP.NETM,Burundi,BDI,-109296
Net migration,SM.POP.NETM,Cabo Verde,CPV,-6004
Net migration,SM.POP.NETM,Cambodia,KHM,-51324
Net migration,SM.POP.NETM,Cameroon,CMR,13255
Net migration,SM.POP.NETM,Canada,CAN,329455
Net migration,SM.POP.NETM,Cayman Islands,CYM,1094
Net migration,SM.POP.NETM,Central African Republic,CAF,-52607
Net migration,SM.POP.NETM,Chad,TCD,21540
Net migration,SM.POP.NETM,Channel Islands,CHI,307
Net migration,SM.POP.NETM,Chile,CHL,135864
Net migration,SM.POP.NETM,China,CHN,-153056
Net migration,SM.POP.NETM,Colombia,COL,104373
Net migration,SM.POP.NETM,Comoros,COM,-2938
Net migration,SM.POP.NETM,"Congo, Dem. Rep.",COD,440748
Net migration,SM.POP.NETM,"Congo, Rep.",COG,-14783
Net migration,SM.POP.NETM,Costa Rica,CRI,1649
Net migration,SM.POP.NETM,Cote d'Ivoire,CIV,18568
Net migration,SM.POP.NETM,Croatia,HRV,-32144
Net migration,SM.POP.NETM,Cuba,CUB,-24146
Net migration,SM.POP.NETM,Curacao,CUW,645
Net migration,SM.POP.NETM,Cyprus,CYP,10951
Net migration,SM.POP.NETM,Czechia,CZE,5465
Net migration,SM.POP.NETM,Denmark,DNK,33391
Net migration,SM.POP.NETM,Djibouti,DJI,1623
Net migration,SM.POP.NETM,Dominica,DMA,-2032
Net migration,SM.POP.NETM,Dominican Republic,DOM,-36219
Net migration,SM.POP.NETM,Ecuador,ECU,35461
Net migration,SM.POP.NETM,"Egypt, Arab Rep.",EGY,-71604
Net migration,SM.POP.NETM,El Salvador,SLV,-47491
Net migration,SM.POP.NETM,Equatorial Guinea,GNQ,17107
Net migration,SM.POP.NETM,Eritrea,ERI,-55431
Net migration,SM.POP.NETM,Estonia,EST,1081
Net migration,SM.POP.NETM,Ethiopia,ETH,115823
Net migration,SM.POP.NETM,Faroe Islands,FRO,541
Net migration,SM.POP.NETM,Fiji,FJI,-10441
Net migration,SM.POP.NETM,Finland,FIN,17321
Net migration,SM.POP.NETM,France,FRA,15548
Net migration,SM.POP.NETM,French Polynesia,PYF,-1802
Net migration,SM.POP.NETM,Gabon,GAB,7398
Net migration,SM.POP.NETM,"Gambia, The",GMB,-3486
Net migration,SM.POP.NETM,Georgia,GEO,-10588
Net migration,SM.POP.NETM,Germany,DEU,517480
Net migration,SM.POP.NETM,Ghana,GHA,7009
Net migration,SM.POP.NETM,Gibraltar,GIB,401
Net migration,SM.POP.NETM,Greece,GRC,10484
Net migration,SM.POP.NETM,Greenland,GRL,-342
Net migration,SM.POP.NETM,Grenada,GRD,-181
Net migration,SM.POP.NETM,Guam,GUM,-3212
Net migration,SM.POP.NETM,Guatemala,GTM,-30980
Net migration,SM.POP.NETM,Guinea,GIN,-14189
Net migration,SM.POP.NETM,Guinea-Bissau,GNB,-1392
Net migration,SM.POP.NETM,Guyana,GUY,-6309
Net migration,SM.POP.NETM,Haiti,HTI,-33879
Net migration,SM.POP.NETM,Honduras,HND,-6681
Net migration,SM.POP.NETM,"Hong Kong SAR, China",HKG,10262
Net migration,SM.POP.NETM,Hungary,HUN,68
Net migration,SM.POP.NETM,Iceland,ISL,4128
Net migration,SM.POP.NETM,India,IND,81248
Net migration,SM.POP.NETM,Indonesia,IDN,-28991
Net migration,SM.POP.NETM,"Iran, Islamic Rep.",IRN,66630
Net migration,SM.POP.NETM,Iraq,IRQ,-113980
Net migration,SM.POP.NETM,Ireland,IRL,18967
Net migration,SM.POP.NETM,Isle of Man,IMN,113
Net migration,SM.POP.NETM,Israel,ISR,24308
Net migration,SM.POP.NETM,Italy,ITA,84568
Net migration,SM.POP.NETM,Jamaica,JAM,-10335
Net migration,SM.POP.NETM,Japan,JPN,314732
Net migration,SM.POP.NETM,Jordan,JOR,31046
Net migration,SM.POP.NETM,Kazakhstan,KAZ,9478
Net migration,SM.POP.NETM,Kenya,KEN,-29728
Net migration,SM.POP.NETM,Kiribati,KIR,-756
Net migration,SM.POP.NETM,"Korea, Dem. People's Rep.",PRK,-3222
Net migration,SM.POP.NETM,"Korea, Rep.",KOR,91568
Net migration,SM.POP.NETM,Kosovo,XKX,-8937
Net migration,SM.POP.NETM,Kuwait,KWT,105818
Net migration,SM.POP.NETM,Kyrgyz Republic,KGZ,1187
Net migration,SM.POP.NETM,Lao PDR,LAO,-11401
Net migration,SM.POP.NETM,Latvia,LVA,-12327
Net migration,SM.POP.NETM,Lebanon,LBN,-247921
Net migration,SM.POP.NETM,Lesotho,LSO,-6766
Net migration,SM.POP.NETM,Liberia,LBR,-26796
Net migration,SM.POP.NETM,Libya,LBY,-5081
Net migration,SM.POP.NETM,Liechtenstein,LIE,63
Net migration,SM.POP.NETM,Lithuania,LTU,-30612
Net migration,SM.POP.NETM,Luxembourg,LUX,12760
Net migration,SM.POP.NETM,"Macao SAR, China",MAC,7676
Net migration,SM.POP.NETM,North Macedonia,MKD,-24144
Net migration,SM.POP.NETM,Madagascar,MDG,-2687
Net migration,SM.POP.NETM,Malawi,MWI,3505
Net migration,SM.POP.NETM,Malaysia,MYS,222141
Net migration,SM.POP.NETM,Maldives,MDV,9421
Net migration,SM.POP.NETM,Mali,MLI,-30251
Net migration,SM.POP.NETM,Malta,MLT,8624
Net migration,SM.POP.NETM,Marshall Islands,MHL,-2003
Net migration,SM.POP.NETM,Mauritania,MRT,-3008
Net migration,SM.POP.NETM,Mauritius,MUS,-4483
Net migration,SM.POP.NETM,Mexico,MEX,-304472
Net migration,SM.POP.NETM,"Micronesia, Fed. Sts.",FSM,-1346
Net migration,SM.POP.NETM,Moldova,MDA,-51642
Net migration,SM.POP.NETM,Monaco,MCO,798
Net migration,SM.POP.NETM,Mongolia,MNG,5633
Net migration,SM.POP.NETM,Montenegro,MNE,-5274
Net migration,SM.POP.NETM,Morocco,MAR,-39302
Net migration,SM.POP.NETM,Mozambique,MOZ,-43398
Net migration,SM.POP.NETM,Myanmar,MMR,-87907
Net migration,SM.POP.NETM,Namibia,NAM,14002
Net migration,SM.POP.NETM,Nauru,NRU,-105
Net migration,SM.POP.NETM,Nepal,NPL,-341748
Net migration,SM.POP.NETM,Netherlands,NLD,88743
Net migration,SM.POP.NETM,New Caledonia,NCL,-2605
Net migration,SM.POP.NETM,New Zealand,NZL,75512
Net migration,SM.POP.NETM,Nicaragua,NIC,-23076
Net migration,SM.POP.NETM,Niger,NER,14833
Net migration,SM.POP.NETM,Nigeria,NGA,75265
Net migration,SM.POP.NETM,Northern Mariana Islands,MNP,-1517
Net migration,SM.POP.NETM,Norway,NOR,26417
Net migration,SM.POP.NETM,Oman,OMN,117538
Net migration,SM.POP.NETM,Pakistan,PAK,-2290411
Net migration,SM.POP.NETM,Palau,PLW,-35
Net migration,SM.POP.NETM,Panama,PAN,10109
Net migration,SM.POP.NETM,Papua New Guinea,PNG,28473
Net migration,SM.POP.NETM,Paraguay,PRY,-16737
Net migration,SM.POP.NETM,Peru,PER,96740
Net migration,SM.POP.NETM,Philippines,PHL,-309251
Net migration,SM.POP.NETM,Poland,POL,-5675
Net migration,SM.POP.NETM,Portugal,PRT,-775
Net migration,SM.POP.NETM,Puerto Rico (US),PRI,-41237
Net migration,SM.POP.NETM,Qatar,QAT,119725
Net migration,SM.POP.NETM,Romania,ROU,-33073
Net migration,SM.POP.NETM,Russian Federation,RUS,447645
Net migration,SM.POP.NETM,Rwanda,RWA,-24474
Net migration,SM.POP.NETM,Samoa,WSM,-3008
Net migration,SM.POP.NETM,San Marino,SMR,291
Net migration,SM.POP.NETM,Sao Tome and Principe,STP,-1793
Net migration,SM.POP.NETM,Saudi Arabia,SAU,-26997
Net migration,SM.POP.NETM,Senegal,SEN,29498
Net migration,SM.POP.NETM,Serbia,SRB,-18322
Net migration,SM.POP.NETM,Seychelles,SYC,1682
Net migration,SM.POP.NETM,Sierra Leone,SLE,4657
Net migration,SM.POP.NETM,Singapore,SGP,13737
Net migration,SM.POP.NETM,Sint Maarten (Dutch part),SXM,545
Net migration,SM.POP.NETM,Slovak Republic,SVK,3487
Net migration,SM.POP.NETM,Slovenia,SVN,1195
Net migration,SM.POP.NETM,Solomon Islands,SLB,6146
Net migration,SM.POP.NETM,"Somalia, Fed. Rep.",SOM,124017
Net migration,SM.POP.NETM,South Africa,ZAF,-879235
Net migration,SM.POP.NETM,South Sudan,SSD,-654225
Net migration,SM.POP.NETM,Spain,ESP,106474
Net migration,SM.POP.NETM,Sri Lanka,LKA,-18388
Net migration,SM.POP.NETM,St. Kitts and Nevis,KNA,-202
Net migration,SM.POP.NETM,St. Lucia,LCA,-57
Net migration,SM.POP.NETM,St. Martin (French part),MAF,-825
Net migration,SM.POP.NETM,St. Vincent and the Grenadines,VCT,-1089
Net migration,SM.POP.NETM,Sudan,SDN,84728
Net migration,SM.POP.NETM,Suriname,SUR,-906
Net migration,SM.POP.NETM,Eswatini,SWZ,-12481
Net migration,SM.POP.NETM,Sweden,SWE,119234
Net migration,SM.POP.NETM,Switzerland,CHE,71009
Net migration,SM.POP.NETM,Syrian Arab Republic,SYR,-124063
Net migration,SM.POP.NETM,Tajikistan,TJK,-8210
Net migration,SM.POP.NETM,Tanzania,TZA,152194
Net migration,SM.POP.NETM,Thailand,THA,112978
Net migration,SM.POP.NETM,Timor-Leste,TLS,208
Net migration,SM.POP.NETM,Togo,TGO,-1979
Net migration,SM.POP.NETM,Tonga,TON,-2591
Net migration,SM.POP.NETM,Trinidad and Tobago,TTO,-86
Net migration,SM.POP.NETM,Tunisia,TUN,-23827
Net migration,SM.POP.NETM,Turkiye,TUR,352063
Net migration,SM.POP.NETM,Turkmenistan,TKM,13365
Net migration,SM.POP.NETM,Turks and Caicos Islands,TCA,1309
Net migration,SM.POP.NETM,Tuvalu,TUV,-200
Net migration,SM.POP.NETM,Uganda,UGA,123379
Net migration,SM.POP.NETM,Ukraine,UKR,-31340
Net migration,SM.POP.NETM,United Arab Emirates,ARE,195317
Net migration,SM.POP.NETM,United Kingdom,GBR,324649
Net migration,SM.POP.NETM,United States,USA,1889129
Net migration,SM.POP.NETM,Uruguay,URY,-3506
Net migration,SM.POP.NETM,Uzbekistan,UZB,-14839
Net migration,SM.POP.NETM,Vanuatu,VUT,-1235
Net migration,SM.POP.NETM,"Venezuela, RB",VEN,-283270
Net migration,SM.POP.NETM,Viet Nam,VNM,167652
Net migration,SM.POP.NETM,Virgin Islands (U.S.),VIR,-2591
Net migration,SM.POP.NETM,West Bank and Gaza,PSE,-22774
Net migration,SM.POP.NETM,"Yemen, Rep.",YEM,-6492
Net migration,SM.POP.NETM,Zambia,ZMB,25860
Net migration,SM.POP.NETM,Zimbabwe,ZWE,-140181
"Personal remittances, paid (current US$)",BM.TRF.PWKR.CD.DT,Afghanistan,AFG,167894464.282526
"Personal remittances, paid (current US$)",BM.TRF.PWKR.CD.DT,Albania,ALB,147156757.388012
"Personal remittances, paid (current US$)",BM.TRF.PWKR.CD.DT,Algeria,DZA,76633496.3215657
"Personal remittances, paid (current US$)",BM.TRF.PWKR.CD.DT,American Samoa,ASM,..
"Personal remittances, paid (current US$)",BM.TRF.PWKR.CD.DT,Andorra,AND,..
"Personal remittances, paid (current US$)",BM.TRF.PWKR.CD.DT,Angola,AGO,1176110313.56
"Personal remittances, paid (current US$)",BM.TRF.PWKR.CD.DT,Antigua and Barbuda,ATG,54742927.4962962
"Personal remittances, paid (current US$)",BM.TRF.PWKR.CD.DT,Argentina,ARG,769242057.986733
"Personal remittances, paid (current US$)",BM.TRF.PWKR.CD.DT,Armenia,ARM,358015507.114937
"Personal remittances, paid (current US$)",BM.TRF.PWKR.CD.DT,Aruba,ABW,98053343.8823571
"Personal remittances, paid (current US$)",BM.TRF.PWKR.CD.DT,Australia,AUS,6179374297.70856
"Personal remittances, paid (current US$)",BM.TRF.PWKR.CD.DT,Austria,AUT,4885123590.77348
"Personal remittances, paid (current US$)",BM.TRF.PWKR.CD.DT,Azerbaijan,AZE,740236000
"Personal remittances, paid (current US$)",BM.TRF.PWKR.CD.DT,"Bahamas, The",BHS,193848517.8571
"Personal remittances, paid (current US$)",BM.TRF.PWKR.CD.DT,Bahrain,BHR,2391489361.70212
"Personal remittances, paid (current US$)",BM.TRF.PWKR.CD.DT,Bangladesh,BGD,41213540.6892769
"Personal remittances, paid (current US$)",BM.TRF.PWKR.CD.DT,Barbados,BRB,51615785.7846208
"Personal remittances, paid (current US$)",BM.TRF.PWKR.CD.DT,Belarus,BLR,123800000
"Personal remittances, paid (current US$)",BM.TRF.PWKR.CD.DT,Belgium,BEL,4564818715.74935
"Personal remittances, paid (current US$)",BM.TRF.PWKR.CD.DT,Belize,BLZ,45202220.8003739
"Personal remittances, paid (current US$)",BM.TRF.PWKR.CD.DT,Benin,BEN,88136694.4092266
"Personal remittances, paid (current US$)",BM.TRF.PWKR.CD.DT,Bermuda,BMU,213856867.829307
"Personal remittances, paid (current US$)",BM.TRF.PWKR.CD.DT,Bhutan,BTN,52526250.439501
"Personal remittances, paid (current US$)",BM.TRF.PWKR.CD.DT,Bolivia,BOL,222250464.340478
"Personal remittances, paid (current US$)",BM.TRF.PWKR.CD.DT,Bosnia and Herzegovina,BIH,60512502.9427537
"Personal remittances, paid (current US$)",BM.TRF.PWKR.CD.DT,Botswana,BWA,80447980.7958848
"Personal remittances, paid (current US$)",BM.TRF.PWKR.CD.DT,Brazil,BRA,1385076006.47
"Personal remittances, paid (current US$)",BM.TRF.PWKR.CD.DT,British Virgin Islands,VGB,..
"Personal remittances, paid (current US$)",BM.TRF.PWKR.CD.DT,Brunei Darussalam,BRN,..
"Personal remittances, paid (current US$)",BM.TRF.PWKR.CD.DT,Bulgaria,BGR,126530000
"Personal remittances, paid (current US$)",BM.TRF.PWKR.CD.DT,Burkina Faso,BFA,188062679.743842
"Personal remittances, paid (current US$)",BM.TRF.PWKR.CD.DT,Burundi,BDI,16966533.9970575
"Personal remittances, paid (current US$)",BM.TRF.PWKR.CD.DT,Cabo Verde,CPV,36460830.9082514
"Personal remittances, paid (current US$)",BM.TRF.PWKR.CD.DT,Cambodia,KHM,356857492.012196
"Personal remittances, paid (current US$)",BM.TRF.PWKR.CD.DT,Cameroon,CMR,81209328.7727286
"Personal remittances, paid (current US$)",BM.TRF.PWKR.CD.DT,Canada,CAN,5255722464.64191
"Personal remittances, paid (current US$)",BM.TRF.PWKR.CD.DT,Cayman Islands,CYM,371197417.729328
"Personal remittances, paid (current US$)",BM.TRF.PWKR.CD.DT,Central African Republic,CAF,..
"Personal remittances, paid (current US$)",BM.TRF.PWKR.CD.DT,Chad,TCD,..
"Personal remittances, paid (current US$)",BM.TRF.PWKR.CD.DT,Channel Islands,CHI,..
"Personal remittances, paid (current US$)",BM.TRF.PWKR.CD.DT,Chile,CHL,345594093.542873
"Personal remittances, paid (current US$)",BM.TRF.PWKR.CD.DT,China,CHN,6210890955.57
"Personal remittances, paid (current US$)",BM.TRF.PWKR.CD.DT,Colombia,COL,258624566.969654
"Personal remittances, paid (current US$)",BM.TRF.PWKR.CD.DT,Comoros,COM,920601.507883439
"Personal remittances, paid (current US$)",BM.TRF.PWKR.CD.DT,"Congo, Dem. Rep.",COD,450360618.476024
"Personal remittances, paid (current US$)",BM.TRF.PWKR.CD.DT,"Congo, Rep.",COG,401913167.789797
"Personal remittances, paid (current US$)",BM.TRF.PWKR.CD.DT,Costa Rica,CRI,416129213.480398
"Personal remittances, paid (current US$)",BM.TRF.PWKR.CD.DT,Cote d'Ivoire,CIV,715984964.055524
"Personal remittances, paid (current US$)",BM.TRF.PWKR.CD.DT,Croatia,HRV,276588135.155273
"Personal remittances, paid (current US$)",BM.TRF.PWKR.CD.DT,Cuba,CUB,..
"Personal remittances, paid (current US$)",BM.TRF.PWKR.CD.DT,Curacao,CUW,127391061.452514
"Personal remittances, paid (current US$)",BM.TRF.PWKR.CD.DT,Cyprus,CYP,689854494.167956
"Personal remittances, paid (current US$)",BM.TRF.PWKR.CD.DT,Czechia,CZE,1658604748.22938
"Personal remittances, paid (current US$)",BM.TRF.PWKR.CD.DT,Denmark,DNK,2914430190.47191
"Personal remittances, paid (current US$)",BM.TRF.PWKR.CD.DT,Djibouti,DJI,..
"Personal remittances, paid (current US$)",BM.TRF.PWKR.CD.DT,Dominica,DMA,21161683.974074
"Personal remittances, paid (current US$)",BM.TRF.PWKR.CD.DT,Dominican Republic,DOM,617100000
"Personal remittances, paid (current US$)",BM.TRF.PWKR.CD.DT,Ecuador,ECU,302374307.716292
"Personal remittances, paid (current US$)",BM.TRF.PWKR.CD.DT,"Egypt, Arab Rep.",EGY,352200000
"Personal remittances, paid (current US$)",BM.TRF.PWKR.CD.DT,El Salvador,SLV,164990212.17
"Personal remittances, paid (current US$)",BM.TRF.PWKR.CD.DT,Equatorial Guinea,GNQ,..
"Personal remittances, paid (current US$)",BM.TRF.PWKR.CD.DT,Eritrea,ERI,..
"Personal remittances, paid (current US$)",BM.TRF.PWKR.CD.DT,Estonia,EST,121850347.700687
"Personal remittances, paid (current US$)",BM.TRF.PWKR.CD.DT,Ethiopia,ETH,29869539.2632145
"Personal remittances, paid (current US$)",BM.TRF.PWKR.CD.DT,Faroe Islands,FRO,..
"Personal remittances, paid (current US$)",BM.TRF.PWKR.CD.DT,Fiji,FJI,13015472.7656233
"Personal remittances, paid (current US$)",BM.TRF.PWKR.CD.DT,Finland,FIN,1245105871.7228
"Personal remittances, paid (current US$)",BM.TRF.PWKR.CD.DT,France,FRA,14430722882.1849
"Personal remittances, paid (current US$)",BM.TRF.PWKR.CD.DT,French Polynesia,PYF,22659424.6012585
"Personal remittances, paid (current US$)",BM.TRF.PWKR.CD.DT,Gabon,GAB,..
"Personal remittances, paid (current US$)",BM.TRF.PWKR.CD.DT,"Gambia, The",GMB,17797429.1852169
"Personal remittances, paid (current US$)",BM.TRF.PWKR.CD.DT,Georgia,GEO,100492400.12
"Personal remittances, paid (current US$)",BM.TRF.PWKR.CD.DT,Germany,DEU,15369178335.4719
"Personal remittances, paid (current US$)",BM.TRF.PWKR.CD.DT,Ghana,GHA,1548909687.62726
"Personal remittances, paid (current US$)",BM.TRF.PWKR.CD.DT,Gibraltar,GIB,..
"Personal remittances, paid (current US$)",BM.TRF.PWKR.CD.DT,Greece,GRC,1800318875.52917
"Personal remittances, paid (current US$)",BM.TRF.PWKR.CD.DT,Greenland,GRL,..
"Personal remittances, paid (current US$)",BM.TRF.PWKR.CD.DT,Grenada,GRD,47840931.2566665
"Personal remittances, paid (current US$)",BM.TRF.PWKR.CD.DT,Guam,GUM,..
"Personal remittances, paid (current US$)",BM.TRF.PWKR.CD.DT,Guatemala,GTM,18786480
"Personal remittances, paid (current US$)",BM.TRF.PWKR.CD.DT,Guinea,GIN,33870677.1223562
"Personal remittances, paid (current US$)",BM.TRF.PWKR.CD.DT,Guinea-Bissau,GNB,39780250.8123264
"Personal remittances, paid (current US$)",BM.TRF.PWKR.CD.DT,Guyana,GUY,151564738.603099
"Personal remittances, paid (current US$)",BM.TRF.PWKR.CD.DT,Haiti,HTI,266340122.310086
"Personal remittances, paid (current US$)",BM.TRF.PWKR.CD.DT,Honduras,HND,41100000
"Personal remittances, paid (current US$)",BM.TRF.PWKR.CD.DT,"Hong Kong SAR, China",HKG,816526002.584576
"Personal remittances, paid (current US$)",BM.TRF.PWKR.CD.DT,Hungary,HUN,580163914.440947
"Personal remittances, paid (current US$)",BM.TRF.PWKR.CD.DT,Iceland,ISL,246667889.401116
"Personal remittances, paid (current US$)",BM.TRF.PWKR.CD.DT,India,IND,5622636934.73719
"Personal remittances, paid (current US$)",BM.TRF.PWKR.CD.DT,Indonesia,IDN,5150593774.53716
"Personal remittances, paid (current US$)",BM.TRF.PWKR.CD.DT,"Iran, Islamic Rep.",IRN,..
"Personal remittances, paid (current US$)",BM.TRF.PWKR.CD.DT,Iraq,IRQ,349600000
"Personal remittances, paid (current US$)",BM.TRF.PWKR.CD.DT,Ireland,IRL,1560607324.42944
"Personal remittances, paid (current US$)",BM.TRF.PWKR.CD.DT,Isle of Man,IMN,..
"Personal remittances, paid (current US$)",BM.TRF.PWKR.CD.DT,Israel,ISR,1927500000
"Personal remittances, paid (current US$)",BM.TRF.PWKR.CD.DT,Italy,ITA,8677587198.8777
"Personal remittances, paid (current US$)",BM.TRF.PWKR.CD.DT,Jamaica,JAM,298112484.858385
"Personal remittances, paid (current US$)",BM.TRF.PWKR.CD.DT,Japan,JPN,5066869685.05945
"Personal remittances, paid (current US$)",BM.TRF.PWKR.CD.DT,Jordan,JOR,569999999.999999
"Personal remittances, paid (current US$)",BM.TRF.PWKR.CD.DT,Kazakhstan,KAZ,2396148203.76026
"Personal remittances, paid (current US$)",BM.TRF.PWKR.CD.DT,Kenya,KEN,17907896.6647359
"Personal remittances, paid (current US$)",BM.TRF.PWKR.CD.DT,Kiribati,KIR,1035283.88511128
"Personal remittances, paid (current US$)",BM.TRF.PWKR.CD.DT,"Korea, Dem. People's Rep.",PRK,..
"Personal remittances, paid (current US$)",BM.TRF.PWKR.CD.DT,"Korea, Rep.",KOR,10784300000
"Personal remittances, paid (current US$)",BM.TRF.PWKR.CD.DT,Kosovo,XKX,66754503.0142293
"Personal remittances, paid (current US$)",BM.TRF.PWKR.CD.DT,Kuwait,KWT,15287570250.0847
"Personal remittances, paid (current US$)",BM.TRF.PWKR.CD.DT,Kyrgyz Republic,KGZ,377876057.473422
"Personal remittances, paid (current US$)",BM.TRF.PWKR.CD.DT,Lao PDR,LAO,39476133.67
"Personal remittances, paid (current US$)",BM.TRF.PWKR.CD.DT,Latvia,LVA,233810559.591579
"Personal remittances, paid (current US$)",BM.TRF.PWKR.CD.DT,Lebanon,LBN,4170870499.8
"Personal remittances, paid (current US$)",BM.TRF.PWKR.CD.DT,Lesotho,LSO,..
"Personal remittances, paid (current US$)",BM.TRF.PWKR.CD.DT,Liberia,LBR,357014804.500034
"Personal remittances, paid (current US$)",BM.TRF.PWKR.CD.DT,Libya,LBY,755800000
"Personal remittances, paid (current US$)",BM.TRF.PWKR.CD.DT,Liechtenstein,LIE,..
"Personal remittances, paid (current US$)",BM.TRF.PWKR.CD.DT,Lithuania,LTU,583843381.169258
"Personal remittances, paid (current US$)",BM.TRF.PWKR.CD.DT,Luxembourg,LUX,11679077113.5343
"Personal remittances, paid (current US$)",BM.TRF.PWKR.CD.DT,"Macao SAR, China",MAC,2026879348.86577
"Personal remittances, paid (current US$)",BM.TRF.PWKR.CD.DT,North Macedonia,MKD,24250401
"Personal remittances, paid (current US$)",BM.TRF.PWKR.CD.DT,Madagascar,MDG,47656921.8462246
"Personal remittances, paid (current US$)",BM.TRF.PWKR.CD.DT,Malawi,MWI,7593224.62247674
"Personal remittances, paid (current US$)",BM.TRF.PWKR.CD.DT,Malaysia,MYS,10105146887.5383
"Personal remittances, paid (current US$)",BM.TRF.PWKR.CD.DT,Maldives,MDV,376235041.420934
"Personal remittances, paid (current US$)",BM.TRF.PWKR.CD.DT,Mali,MLI,160379732.463204
"Personal remittances, paid (current US$)",BM.TRF.PWKR.CD.DT,Malta,MLT,450710172.115229
"Personal remittances, paid (current US$)",BM.TRF.PWKR.CD.DT,Marshall Islands,MHL,19452182.37
"Personal remittances, paid (current US$)",BM.TRF.PWKR.CD.DT,Mauritania,MRT,..
"Personal remittances, paid (current US$)",BM.TRF.PWKR.CD.DT,Mauritius,MUS,599031731.59797
"Personal remittances, paid (current US$)",BM.TRF.PWKR.CD.DT,Mexico,MEX,543970787
"Personal remittances, paid (current US$)",BM.TRF.PWKR.CD.DT,"Micronesia, Fed. Sts.",FSM,..
"Personal remittances, paid (current US$)",BM.TRF.PWKR.CD.DT,Moldova,MDA,141340000
"Personal remittances, paid (current US$)",BM.TRF.PWKR.CD.DT,Monaco,MCO,..
"Personal remittances, paid (current US$)",BM.TRF.PWKR.CD.DT,Mongolia,MNG,170934427.066398
"Personal remittances, paid (current US$)",BM.TRF.PWKR.CD.DT,Montenegro,MNE,59921997.9209868
"Personal remittances, paid (current US$)",BM.TRF.PWKR.CD.DT,Morocco,MAR,106698413.017656
"Personal remittances, paid (current US$)",BM.TRF.PWKR.CD.DT,Mozambique,MOZ,98477390.9082008
"Personal remittances, paid (current US$)",BM.TRF.PWKR.CD.DT,Myanmar,MMR,297721233.568434
"Personal remittances, paid (current US$)",BM.TRF.PWKR.CD.DT,Namibia,NAM,49840304.5476159
"Personal remittances, paid (current US$)",BM.TRF.PWKR.CD.DT,Nauru,NRU,25288098.9273245
"Personal remittances, paid (current US$)",BM.TRF.PWKR.CD.DT,Nepal,NPL,20054323.5822039
"Personal remittances, paid (current US$)",BM.TRF.PWKR.CD.DT,Netherlands,NLD,11014789958.386
"Personal remittances, paid (current US$)",BM.TRF.PWKR.CD.DT,New Caledonia,NCL,59857716.3259552
"Personal remittances, paid (current US$)",BM.TRF.PWKR.CD.DT,New Zealand,NZL,790898226.118918
"Personal remittances, paid (current US$)",BM.TRF.PWKR.CD.DT,Nicaragua,NIC,1600000
"Personal remittances, paid (current US$)",BM.TRF.PWKR.CD.DT,Niger,NER,109142182.179832
"Personal remittances, paid (current US$)",BM.TRF.PWKR.CD.DT,Nigeria,NGA,744771120.37037
"Personal remittances, paid (current US$)",BM.TRF.PWKR.CD.DT,Northern Mariana Islands,MNP,..
"Personal remittances, paid (current US$)",BM.TRF.PWKR.CD.DT,Norway,NOR,..
"Personal remittances, paid (current US$)",BM.TRF.PWKR.CD.DT,Oman,OMN,10312093628.0884
"Personal remittances, paid (current US$)",BM.TRF.PWKR.CD.DT,Pakistan,PAK,64000000
"Personal remittances, paid (current US$)",BM.TRF.PWKR.CD.DT,Palau,PLW,18072000
"Personal remittances, paid (current US$)",BM.TRF.PWKR.CD.DT,Panama,PAN,838790100
"Personal remittances, paid (current US$)",BM.TRF.PWKR.CD.DT,Papua New Guinea,PNG,198200061.878482
"Personal remittances, paid (current US$)",BM.TRF.PWKR.CD.DT,Paraguay,PRY,74510155.0122114
"Personal remittances, paid (current US$)",BM.TRF.PWKR.CD.DT,Peru,PER,..
"Personal remittances, paid (current US$)",BM.TRF.PWKR.CD.DT,Philippines,PHL,196072883.620123
"Personal remittances, paid (current US$)",BM.TRF.PWKR.CD.DT,Poland,POL,3732000000
"Personal remittances, paid (current US$)",BM.TRF.PWKR.CD.DT,Portugal,PRT,340603667.75272
"Personal remittances, paid (current US$)",BM.TRF.PWKR.CD.DT,Puerto Rico (US),PRI,..
"Personal remittances, paid (current US$)",BM.TRF.PWKR.CD.DT,Qatar,QAT,11981868131.8681
"Personal remittances, paid (current US$)",BM.TRF.PWKR.CD.DT,Romania,ROU,302507609.917676
"Personal remittances, paid (current US$)",BM.TRF.PWKR.CD.DT,Russian Federation,RUS,16244420000
"Personal remittances, paid (current US$)",BM.TRF.PWKR.CD.DT,Rwanda,RWA,102463730.789654
"Personal remittances, paid (current US$)",BM.TRF.PWKR.CD.DT,Samoa,WSM,17712737.9459102
"Personal remittances, paid (current US$)",BM.TRF.PWKR.CD.DT,San Marino,SMR,..
"Personal remittances, paid (current US$)",BM.TRF.PWKR.CD.DT,Sao Tome and Principe,STP,575612.70524661
"Personal remittances, paid (current US$)",BM.TRF.PWKR.CD.DT,Saudi Arabia,SAU,37843380799.9999
"Personal remittances, paid (current US$)",BM.TRF.PWKR.CD.DT,Senegal,SEN,388583223.220911
"Personal remittances, paid (current US$)",BM.TRF.PWKR.CD.DT,Serbia,SRB,238677762.754648
"Personal remittances, paid (current US$)",BM.TRF.PWKR.CD.DT,Seychelles,SYC,62945642.8205388
"Personal remittances, paid (current US$)",BM.TRF.PWKR.CD.DT,Sierra Leone,SLE,5474609.54698583
"Personal remittances, paid (current US$)",BM.TRF.PWKR.CD.DT,Singapore,SGP,..
"Personal remittances, paid (current US$)",BM.TRF.PWKR.CD.DT,Sint Maarten (Dutch part),SXM,116374301.675978
"Personal remittances, paid (current US$)",BM.TRF.PWKR.CD.DT,Slovak Republic,SVK,301539372.433388
"Personal remittances, paid (current US$)",BM.TRF.PWKR.CD.DT,Slovenia,SVN,257585736.738508
"Personal remittances, paid (current US$)",BM.TRF.PWKR.CD.DT,Solomon Islands,SLB,69187218.7297608
"Personal remittances, paid (current US$)",BM.TRF.PWKR.CD.DT,"Somalia, Fed. Rep.",SOM,..
"Personal remittances, paid (current US$)",BM.TRF.PWKR.CD.DT,South Africa,ZAF,896798664.324972
"Personal remittances, paid (current US$)",BM.TRF.PWKR.CD.DT,South Sudan,SSD,63790000
"Personal remittances, paid (current US$)",BM.TRF.PWKR.CD.DT,Spain,ESP,304127565.357779
"Personal remittances, paid (current US$)",BM.TRF.PWKR.CD.DT,Sri Lanka,LKA,895080001.022999
"Personal remittances, paid (current US$)",BM.TRF.PWKR.CD.DT,St. Kitts and Nevis,KNA,24507970.3703703
"Personal remittances, paid (current US$)",BM.TRF.PWKR.CD.DT,St. Lucia,LCA,21837280.0148148
"Personal remittances, paid (current US$)",BM.TRF.PWKR.CD.DT,St. Martin (French part),MAF,..
"Personal remittances, paid (current US$)",BM.TRF.PWKR.CD.DT,St. Vincent and the Grenadines,VCT,12403062.6476569
"Personal remittances, paid (current US$)",BM.TRF.PWKR.CD.DT,Sudan,SDN,112042591.036966
"Personal remittances, paid (current US$)",BM.TRF.PWKR.CD.DT,Suriname,SUR,40347661.6066498
"Personal remittances, paid (current US$)",BM.TRF.PWKR.CD.DT,Eswatini,SWZ,18849753.453243
"Personal remittances, paid (current US$)",BM.TRF.PWKR.CD.DT,Sweden,SWE,2858462903.50703
"Personal remittances, paid (current US$)",BM.TRF.PWKR.CD.DT,Switzerland,CHE,26004555633.4882
"Personal remittances, paid (current US$)",BM.TRF.PWKR.CD.DT,Syrian Arab Republic,SYR,..
"Personal remittances, paid (current US$)",BM.TRF.PWKR.CD.DT,Tajikistan,TJK,87127370
"Personal remittances, paid (current US$)",BM.TRF.PWKR.CD.DT,Tanzania,TZA,108374755.875715
"Personal remittances, paid (current US$)",BM.TRF.PWKR.CD.DT,Thailand,THA,4155202827.76698
"Personal remittances, paid (current US$)",BM.TRF.PWKR.CD.DT,Timor-Leste,TLS,237380400
"Personal remittances, paid (current US$)",BM.TRF.PWKR.CD.DT,Togo,TGO,77823097.616674
"Personal remittances, paid (current US$)",BM.TRF.PWKR.CD.DT,Tonga,TON,25551135.8577494
"Personal remittances, paid (current US$)",BM.TRF.PWKR.CD.DT,Trinidad and Tobago,TTO,372027289.650098
"Personal remittances, paid (current US$)",BM.TRF.PWKR.CD.DT,Tunisia,TUN,27420431.0920066
"Personal remittances, paid (current US$)",BM.TRF.PWKR.CD.DT,Turkiye,TUR,1108000000
"Personal remittances, paid (current US$)",BM.TRF.PWKR.CD.DT,Turkmenistan,TKM,..
"Personal remittances, paid (current US$)",BM.TRF.PWKR.CD.DT,Turks and Caicos Islands,TCA,95019100
"Personal remittances, paid (current US$)",BM.TRF.PWKR.CD.DT,Tuvalu,TUV,1116775.28611244
"Personal remittances, paid (current US$)",BM.TRF.PWKR.CD.DT,Uganda,UGA,349353415.866985
"Personal remittances, paid (current US$)",BM.TRF.PWKR.CD.DT,Ukraine,UKR,559000000
"Personal remittances, paid (current US$)",BM.TRF.PWKR.CD.DT,United Arab Emirates,ARE,..
"Personal remittances, paid (current US$)",BM.TRF.PWKR.CD.DT,United Kingdom,GBR,10190899107.2853
"Personal remittances, paid (current US$)",BM.TRF.PWKR.CD.DT,United States,USA,62870000000
"Personal remittances, paid (current US$)",BM.TRF.PWKR.CD.DT,Uruguay,URY,85258958.7457025
"Personal remittances, paid (current US$)",BM.TRF.PWKR.CD.DT,Uzbekistan,UZB,159289200
"Personal remittances, paid (current US$)",BM.TRF.PWKR.CD.DT,Vanuatu,VUT,4552015.08131006
"Personal remittances, paid (current US$)",BM.TRF.PWKR.CD.DT,"Venezuela, RB",VEN,54000000
"Personal remittances, paid (current US$)",BM.TRF.PWKR.CD.DT,Viet Nam,VNM,..
"Personal remittances, paid (current US$)",BM.TRF.PWKR.CD.DT,Virgin Islands (U.S.),VIR,..
"Personal remittances, paid (current US$)",BM.TRF.PWKR.CD.DT,West Bank and Gaza,PSE,30393003.577098
"Personal remittances, paid (current US$)",BM.TRF.PWKR.CD.DT,"Yemen, Rep.",YEM,332700000
"Personal remittances, paid (current US$)",BM.TRF.PWKR.CD.DT,Zambia,ZMB,63405836.4378632
"Personal remittances, paid (current US$)",BM.TRF.PWKR.CD.DT,Zimbabwe,ZWE,13844871.1232992
"Foreign direct investment, net inflows (BoP, current US$)",BX.KLT.DINV.CD.WD,Afghanistan,AFG,93591315.3
"Foreign direct investment, net inflows (BoP, current US$)",BX.KLT.DINV.CD.WD,Albania,ALB,1044389554.85795
"Foreign direct investment, net inflows (BoP, current US$)",BX.KLT.DINV.CD.WD,Algeria,DZA,1638263953.77736
"Foreign direct investment, net inflows (BoP, current US$)",BX.KLT.DINV.CD.WD,American Samoa,ASM,..
"Foreign direct investment, net inflows (BoP, current US$)",BX.KLT.DINV.CD.WD,Andorra,AND,..
"Foreign direct investment, net inflows (BoP, current US$)",BX.KLT.DINV.CD.WD,Angola,AGO,-179517618.92
"Foreign direct investment, net inflows (BoP, current US$)",BX.KLT.DINV.CD.WD,Antigua and Barbuda,ATG,97431976.4735788
"Foreign direct investment, net inflows (BoP, current US$)",BX.KLT.DINV.CD.WD,Argentina,ARG,3260164341.77393
"Foreign direct investment, net inflows (BoP, current US$)",BX.KLT.DINV.CD.WD,Armenia,ARM,333823945.510433
"Foreign direct investment, net inflows (BoP, current US$)",BX.KLT.DINV.CD.WD,Aruba,ABW,27550827.0999312
"Foreign direct investment, net inflows (BoP, current US$)",BX.KLT.DINV.CD.WD,Australia,AUS,42970225977.7088
"Foreign direct investment, net inflows (BoP, current US$)",BX.KLT.DINV.CD.WD,Austria,AUT,-28502567388.3664
"Foreign direct investment, net inflows (BoP, current US$)",BX.KLT.DINV.CD.WD,Azerbaijan,AZE,4499666000
"Foreign direct investment, net inflows (BoP, current US$)",BX.KLT.DINV.CD.WD,"Bahamas, The",BHS,390400036.41
"Foreign direct investment, net inflows (BoP, current US$)",BX.KLT.DINV.CD.WD,Bahrain,BHR,243351063.829787
"Foreign direct investment, net inflows (BoP, current US$)",BX.KLT.DINV.CD.WD,Bangladesh,BGD,2332724780.71107
"Foreign direct investment, net inflows (BoP, current US$)",BX.KLT.DINV.CD.WD,Barbados,BRB,557500316.04356
"Foreign direct investment, net inflows (BoP, current US$)",BX.KLT.DINV.CD.WD,Belarus,BLR,1246900000
"Foreign direct investment, net inflows (BoP, current US$)",BX.KLT.DINV.CD.WD,Belgium,BEL,57538351507.0684
"Foreign direct investment, net inflows (BoP, current US$)",BX.KLT.DINV.CD.WD,Belize,BLZ,32733410.9928006
"Foreign direct investment, net inflows (BoP, current US$)",BX.KLT.DINV.CD.WD,Benin,BEN,131790853.840789
"Foreign direct investment, net inflows (BoP, current US$)",BX.KLT.DINV.CD.WD,Bermuda,BMU,-73213793.633562
"Foreign direct investment, net inflows (BoP, current US$)",BX.KLT.DINV.CD.WD,Bhutan,BTN,11884162.3485119
"Foreign direct investment, net inflows (BoP, current US$)",BX.KLT.DINV.CD.WD,Bolivia,BOL,335365530.426077
"Foreign direct investment, net inflows (BoP, current US$)",BX.KLT.DINV.CD.WD,Bosnia and Herzegovina,BIH,313198153.358835
"Foreign direct investment, net inflows (BoP, current US$)",BX.KLT.DINV.CD.WD,Botswana,BWA,142522598.297582
"Foreign direct investment, net inflows (BoP, current US$)",BX.KLT.DINV.CD.WD,Brazil,BRA,74294627801.19
"Foreign direct investment, net inflows (BoP, current US$)",BX.KLT.DINV.CD.WD,British Virgin Islands,VGB,49022945940
"Foreign direct investment, net inflows (BoP, current US$)",BX.KLT.DINV.CD.WD,Brunei Darussalam,BRN,-150550827.310312
"Foreign direct investment, net inflows (BoP, current US$)",BX.KLT.DINV.CD.WD,Bulgaria,BGR,1488430000
"Foreign direct investment, net inflows (BoP, current US$)",BX.KLT.DINV.CD.WD,Burkina Faso,BFA,390622353.410171
"Foreign direct investment, net inflows (BoP, current US$)",BX.KLT.DINV.CD.WD,Burundi,BDI,55103.7198213654
"Foreign direct investment, net inflows (BoP, current US$)",BX.KLT.DINV.CD.WD,Cabo Verde,CPV,126312006.101644
"Foreign direct investment, net inflows (BoP, current US$)",BX.KLT.DINV.CD.WD,Cambodia,KHM,2475915853.65762
"Foreign direct investment, net inflows (BoP, current US$)",BX.KLT.DINV.CD.WD,Cameroon,CMR,663893595.165465
"Foreign direct investment, net inflows (BoP, current US$)",BX.KLT.DINV.CD.WD,Canada,CAN,34201872160.6084
"Foreign direct investment, net inflows (BoP, current US$)",BX.KLT.DINV.CD.WD,Cayman Islands,CYM,2684234739.26841
"Foreign direct investment, net inflows (BoP, current US$)",BX.KLT.DINV.CD.WD,Central African Republic,CAF,7256090
"Foreign direct investment, net inflows (BoP, current US$)",BX.KLT.DINV.CD.WD,Chad,TCD,244682120
"Foreign direct investment, net inflows (BoP, current US$)",BX.KLT.DINV.CD.WD,Channel Islands,CHI,..
"Foreign direct investment, net inflows (BoP, current US$)",BX.KLT.DINV.CD.WD,Chile,CHL,11362832162.4891
"Foreign direct investment, net inflows (BoP, current US$)",BX.KLT.DINV.CD.WD,China,CHN,174749584584.05
"Foreign direct investment, net inflows (BoP, current US$)",BX.KLT.DINV.CD.WD,Colombia,COL,13857937720.8026
"Foreign direct investment, net inflows (BoP, current US$)",BX.KLT.DINV.CD.WD,Comoros,COM,3569823.72997216
"Foreign direct investment, net inflows (BoP, current US$)",BX.KLT.DINV.CD.WD,"Congo, Dem. Rep.",COD,932374669.380907
"Foreign direct investment, net inflows (BoP, current US$)",BX.KLT.DINV.CD.WD,"Congo, Rep.",COG,50608700.3526123
"Foreign direct investment, net inflows (BoP, current US$)",BX.KLT.DINV.CD.WD,Costa Rica,CRI,2620435490.61534
"Foreign direct investment, net inflows (BoP, current US$)",BX.KLT.DINV.CD.WD,Cote d'Ivoire,CIV,577871524.156215
"Foreign direct investment, net inflows (BoP, current US$)",BX.KLT.DINV.CD.WD,Croatia,HRV,1574455103.96607
"Foreign direct investment, net inflows (BoP, current US$)",BX.KLT.DINV.CD.WD,Cuba,CUB,..
"Foreign direct investment, net inflows (BoP, current US$)",BX.KLT.DINV.CD.WD,Curacao,CUW,133083798.882682
"Foreign direct investment, net inflows (BoP, current US$)",BX.KLT.DINV.CD.WD,Cyprus,CYP,3331071355.68026
"Foreign direct investment, net inflows (BoP, current US$)",BX.KLT.DINV.CD.WD,Czechia,CZE,10850612308.2062
"Foreign direct investment, net inflows (BoP, current US$)",BX.KLT.DINV.CD.WD,Denmark,DNK,7804020827.15213
"Foreign direct investment, net inflows (BoP, current US$)",BX.KLT.DINV.CD.WD,Djibouti,DJI,159997974.353059
"Foreign direct investment, net inflows (BoP, current US$)",BX.KLT.DINV.CD.WD,Dominica,DMA,42264926.1072222
"Foreign direct investment, net inflows (BoP, current US$)",BX.KLT.DINV.CD.WD,Dominican Republic,DOM,2516100000
"Foreign direct investment, net inflows (BoP, current US$)",BX.KLT.DINV.CD.WD,Ecuador,ECU,766570868.122241
"Foreign direct investment, net inflows (BoP, current US$)",BX.KLT.DINV.CD.WD,"Egypt, Arab Rep.",EGY,8106800000
"Foreign direct investment, net inflows (BoP, current US$)",BX.KLT.DINV.CD.WD,El Salvador,SLV,479469380.713821
"Foreign direct investment, net inflows (BoP, current US$)",BX.KLT.DINV.CD.WD,Equatorial Guinea,GNQ,1755302290
"Foreign direct investment, net inflows (BoP, current US$)",BX.KLT.DINV.CD.WD,Eritrea,ERI,52305000
"Foreign direct investment, net inflows (BoP, current US$)",BX.KLT.DINV.CD.WD,Estonia,EST,925762256.709316
"Foreign direct investment, net inflows (BoP, current US$)",BX.KLT.DINV.CD.WD,Ethiopia,ETH,4142937496.46329
"Foreign direct investment, net inflows (BoP, current US$)",BX.KLT.DINV.CD.WD,Faroe Islands,FRO,..
"Foreign direct investment, net inflows (BoP, current US$)",BX.KLT.DINV.CD.WD,Fiji,FJI,391619655.400882
"Foreign direct investment, net inflows (BoP, current US$)",BX.KLT.DINV.CD.WD,Finland,FIN,5228087258.97726
"Foreign direct investment, net inflows (BoP, current US$)",BX.KLT.DINV.CD.WD,France,FRA,35623357280.0881
"Foreign direct investment, net inflows (BoP, current US$)",BX.KLT.DINV.CD.WD,French Polynesia,PYF,61544514.3227108
"Foreign direct investment, net inflows (BoP, current US$)",BX.KLT.DINV.CD.WD,Gabon,GAB,1243660160
"Foreign direct investment, net inflows (BoP, current US$)",BX.KLT.DINV.CD.WD,"Gambia, The",GMB,69830172.212844
"Foreign direct investment, net inflows (BoP, current US$)",BX.KLT.DINV.CD.WD,Georgia,GEO,1659824033.37
"Foreign direct investment, net inflows (BoP, current US$)",BX.KLT.DINV.CD.WD,Germany,DEU,58132711370.7802
"Foreign direct investment, net inflows (BoP, current US$)",BX.KLT.DINV.CD.WD,Ghana,GHA,3485333369.27963
"Foreign direct investment, net inflows (BoP, current US$)",BX.KLT.DINV.CD.WD,Gibraltar,GIB,..
"Foreign direct investment, net inflows (BoP, current US$)",BX.KLT.DINV.CD.WD,Greece,GRC,2698544612.16074
"Foreign direct investment, net inflows (BoP, current US$)",BX.KLT.DINV.CD.WD,Greenland,GRL,..
"Foreign direct investment, net inflows (BoP, current US$)",BX.KLT.DINV.CD.WD,Grenada,GRD,109416203.7508
"Foreign direct investment, net inflows (BoP, current US$)",BX.KLT.DINV.CD.WD,Guam,GUM,..
"Foreign direct investment, net inflows (BoP, current US$)",BX.KLT.DINV.CD.WD,Guatemala,GTM,845786560
"Foreign direct investment, net inflows (BoP, current US$)",BX.KLT.DINV.CD.WD,Guinea,GIN,1618447260.26485
"Foreign direct investment, net inflows (BoP, current US$)",BX.KLT.DINV.CD.WD,Guinea-Bissau,GNB,23998591.3709028
"Foreign direct investment, net inflows (BoP, current US$)",BX.KLT.DINV.CD.WD,Guyana,GUY,58000000
"Foreign direct investment, net inflows (BoP, current US$)",BX.KLT.DINV.CD.WD,Haiti,HTI,104900000
"Foreign direct investment, net inflows (BoP, current US$)",BX.KLT.DINV.CD.WD,Honduras,HND,1147030449.99683
"Foreign direct investment, net inflows (BoP, current US$)",BX.KLT.DINV.CD.WD,"Hong Kong SAR, China",HKG,133259182324.997
"Foreign direct investment, net inflows (BoP, current US$)",BX.KLT.DINV.CD.WD,Hungary,HUN,69453473203.2501
"Foreign direct investment, net inflows (BoP, current US$)",BX.KLT.DINV.CD.WD,Iceland,ISL,-1066286957.46864
"Foreign direct investment, net inflows (BoP, current US$)",BX.KLT.DINV.CD.WD,India,IND,44458571545.798
"Foreign direct investment, net inflows (BoP, current US$)",BX.KLT.DINV.CD.WD,Indonesia,IDN,4541713739.23769
"Foreign direct investment, net inflows (BoP, current US$)",BX.KLT.DINV.CD.WD,"Iran, Islamic Rep.",IRN,3372000000
"Foreign direct investment, net inflows (BoP, current US$)",BX.KLT.DINV.CD.WD,Iraq,IRQ,-6255900000
"Foreign direct investment, net inflows (BoP, current US$)",BX.KLT.DINV.CD.WD,Ireland,IRL,79795011377.5093
"Foreign direct investment, net inflows (BoP, current US$)",BX.KLT.DINV.CD.WD,Isle of Man,IMN,..
"Foreign direct investment, net inflows (BoP, current US$)",BX.KLT.DINV.CD.WD,Israel,ISR,11988000000
"Foreign direct investment, net inflows (BoP, current US$)",BX.KLT.DINV.CD.WD,Italy,ITA,25656663794.7916
"Foreign direct investment, net inflows (BoP, current US$)",BX.KLT.DINV.CD.WD,Jamaica,JAM,927976718.982491
"Foreign direct investment, net inflows (BoP, current US$)",BX.KLT.DINV.CD.WD,Japan,JPN,40954181468.5533
"Foreign direct investment, net inflows (BoP, current US$)",BX.KLT.DINV.CD.WD,Jordan,JOR,1552957746.47887
"Foreign direct investment, net inflows (BoP, current US$)",BX.KLT.DINV.CD.WD,Kazakhstan,KAZ,17223789547.9214
"Foreign direct investment, net inflows (BoP, current US$)",BX.KLT.DINV.CD.WD,Kenya,KEN,469533310.683932
"Foreign direct investment, net inflows (BoP, current US$)",BX.KLT.DINV.CD.WD,Kiribati,KIR,1806963.91645453
"Foreign direct investment, net inflows (BoP, current US$)",BX.KLT.DINV.CD.WD,"Korea, Dem. People's Rep.",PRK,..
"Foreign direct investment, net inflows (BoP, current US$)",BX.KLT.DINV.CD.WD,"Korea, Rep.",KOR,12104300000
"Foreign direct investment, net inflows (BoP, current US$)",BX.KLT.DINV.CD.WD,Kosovo,XKX,243787145.164529
"Foreign direct investment, net inflows (BoP, current US$)",BX.KLT.DINV.CD.WD,Kuwait,KWT,292026510.202095
"Foreign direct investment, net inflows (BoP, current US$)",BX.KLT.DINV.CD.WD,Kyrgyz Republic,KGZ,619220700
"Foreign direct investment, net inflows (BoP, current US$)",BX.KLT.DINV.CD.WD,Lao PDR,LAO,935296172.783646
"Foreign direct investment, net inflows (BoP, current US$)",BX.KLT.DINV.CD.WD,Latvia,LVA,335420977.516688
"Foreign direct investment, net inflows (BoP, current US$)",BX.KLT.DINV.CD.WD,Lebanon,LBN,2568485071.1
"Foreign direct investment, net inflows (BoP, current US$)",BX.KLT.DINV.CD.WD,Lesotho,LSO,79234566.0376044
"Foreign direct investment, net inflows (BoP, current US$)",BX.KLT.DINV.CD.WD,Liberia,LBR,311699760.322875
"Foreign direct investment, net inflows (BoP, current US$)",BX.KLT.DINV.CD.WD,Libya,LBY,0
"Foreign direct investment, net inflows (BoP, current US$)",BX.KLT.DINV.CD.WD,Liechtenstein,LIE,60669833862.7331
"Foreign direct investment, net inflows (BoP, current US$)",BX.KLT.DINV.CD.WD,Lithuania,LTU,1177533775.88122
"Foreign direct investment, net inflows (BoP, current US$)",BX.KLT.DINV.CD.WD,Luxembourg,LUX,17580970090
"Foreign direct investment, net inflows (BoP, current US$)",BX.KLT.DINV.CD.WD,"Macao SAR, China",MAC,1859188732.28442
"Foreign direct investment, net inflows (BoP, current US$)",BX.KLT.DINV.CD.WD,North Macedonia,MKD,549371101.55116
"Foreign direct investment, net inflows (BoP, current US$)",BX.KLT.DINV.CD.WD,Madagascar,MDG,540842779.829334
"Foreign direct investment, net inflows (BoP, current US$)",BX.KLT.DINV.CD.WD,Malawi,MWI,115700000
"Foreign direct investment, net inflows (BoP, current US$)",BX.KLT.DINV.CD.WD,Malaysia,MYS,13470089920.807
"Foreign direct investment, net inflows (BoP, current US$)",BX.KLT.DINV.CD.WD,Maldives,MDV,456639057.30469
"Foreign direct investment, net inflows (BoP, current US$)",BX.KLT.DINV.CD.WD,Mali,MLI,356476591.902582
"Foreign direct investment, net inflows (BoP, current US$)",BX.KLT.DINV.CD.WD,Malta,MLT,2776034107.55999
"Foreign direct investment, net inflows (BoP, current US$)",BX.KLT.DINV.CD.WD,Marshall Islands,MHL,-3055847.4488757
"Foreign direct investment, net inflows (BoP, current US$)",BX.KLT.DINV.CD.WD,Mauritania,MRT,271134844.997291
"Foreign direct investment, net inflows (BoP, current US$)",BX.KLT.DINV.CD.WD,Mauritius,MUS,378764430
"Foreign direct investment, net inflows (BoP, current US$)",BX.KLT.DINV.CD.WD,Mexico,MEX,38899523620
"Foreign direct investment, net inflows (BoP, current US$)",BX.KLT.DINV.CD.WD,"Micronesia, Fed. Sts.",FSM,0
"Foreign direct investment, net inflows (BoP, current US$)",BX.KLT.DINV.CD.WD,Moldova,MDA,87440000
"Foreign direct investment, net inflows (BoP, current US$)",BX.KLT.DINV.CD.WD,Monaco,MCO,..
"Foreign direct investment, net inflows (BoP, current US$)",BX.KLT.DINV.CD.WD,Mongolia,MNG,-4156404703.77687
"Foreign direct investment, net inflows (BoP, current US$)",BX.KLT.DINV.CD.WD,Montenegro,MNE,226702405.905001
"Foreign direct investment, net inflows (BoP, current US$)",BX.KLT.DINV.CD.WD,Morocco,MAR,2153363904.93515
"Foreign direct investment, net inflows (BoP, current US$)",BX.KLT.DINV.CD.WD,Mozambique,MOZ,3128149928.7
"Foreign direct investment, net inflows (BoP, current US$)",BX.KLT.DINV.CD.WD,Myanmar,MMR,3278096409.87385
"Foreign direct investment, net inflows (BoP, current US$)",BX.KLT.DINV.CD.WD,Namibia,NAM,358774539.653988
"Foreign direct investment, net inflows (BoP, current US$)",BX.KLT.DINV.CD.WD,Nauru,NRU,0
"Foreign direct investment, net inflows (BoP, current US$)",BX.KLT.DINV.CD.WD,Nepal,NPL,105996375.590658
"Foreign direct investment, net inflows (BoP, current US$)",BX.KLT.DINV.CD.WD,Netherlands,NLD,277348123316.989
"Foreign direct investment, net inflows (BoP, current US$)",BX.KLT.DINV.CD.WD,New Caledonia,NCL,809821138.3806
"Foreign direct investment, net inflows (BoP, current US$)",BX.KLT.DINV.CD.WD,New Zealand,NZL,2008111275.18133
"Foreign direct investment, net inflows (BoP, current US$)",BX.KLT.DINV.CD.WD,Nicaragua,NIC,989100000
"Foreign direct investment, net inflows (BoP, current US$)",BX.KLT.DINV.CD.WD,Niger,NER,301332480.592526
"Foreign direct investment, net inflows (BoP, current US$)",BX.KLT.DINV.CD.WD,Nigeria,NGA,3453258407.9848
"Foreign direct investment, net inflows (BoP, current US$)",BX.KLT.DINV.CD.WD,Northern Mariana Islands,MNP,..
"Foreign direct investment, net inflows (BoP, current US$)",BX.KLT.DINV.CD.WD,Norway,NOR,-18668572814.4236
"Foreign direct investment, net inflows (BoP, current US$)",BX.KLT.DINV.CD.WD,Oman,OMN,2266070221.06632
"Foreign direct investment, net inflows (BoP, current US$)",BX.KLT.DINV.CD.WD,Pakistan,PAK,2576000000
"Foreign direct investment, net inflows (BoP, current US$)",BX.KLT.DINV.CD.WD,Palau,PLW,64657000
"Foreign direct investment, net inflows (BoP, current US$)",BX.KLT.DINV.CD.WD,Panama,PAN,5248354450.21
"Foreign direct investment, net inflows (BoP, current US$)",BX.KLT.DINV.CD.WD,Papua New Guinea,PNG,-39113258.47665
"Foreign direct investment, net inflows (BoP, current US$)",BX.KLT.DINV.CD.WD,Paraguay,PRY,799044840.838708
"Foreign direct investment, net inflows (BoP, current US$)",BX.KLT.DINV.CD.WD,Peru,PER,6805247718.18016
"Foreign direct investment, net inflows (BoP, current US$)",BX.KLT.DINV.CD.WD,Philippines,PHL,8279548274.88501
"Foreign direct investment, net inflows (BoP, current US$)",BX.KLT.DINV.CD.WD,Poland,POL,18060000000
"Foreign direct investment, net inflows (BoP, current US$)",BX.KLT.DINV.CD.WD,Portugal,PRT,7350311647.43462
"Foreign direct investment, net inflows (BoP, current US$)",BX.KLT.DINV.CD.WD,Puerto Rico (US),PRI,..
"Foreign direct investment, net inflows (BoP, current US$)",BX.KLT.DINV.CD.WD,Qatar,QAT,773901098.901099
"Foreign direct investment, net inflows (BoP, current US$)",BX.KLT.DINV.CD.WD,Romania,ROU,6252035766.42823
"Foreign direct investment, net inflows (BoP, current US$)",BX.KLT.DINV.CD.WD,Russian Federation,RUS,32538900000
"Foreign direct investment, net inflows (BoP, current US$)",BX.KLT.DINV.CD.WD,Rwanda,RWA,279747327.598381
"Foreign direct investment, net inflows (BoP, current US$)",BX.KLT.DINV.CD.WD,Samoa,WSM,2520673.5113578
"Foreign direct investment, net inflows (BoP, current US$)",BX.KLT.DINV.CD.WD,San Marino,SMR,..
"Foreign direct investment, net inflows (BoP, current US$)",BX.KLT.DINV.CD.WD,Sao Tome and Principe,STP,23331087.1205747
"Foreign direct investment, net inflows (BoP, current US$)",BX.KLT.DINV.CD.WD,Saudi Arabia,SAU,21954833889.956
"Foreign direct investment, net inflows (BoP, current US$)",BX.KLT.DINV.CD.WD,Senegal,SEN,472409799.846776
"Foreign direct investment, net inflows (BoP, current US$)",BX.KLT.DINV.CD.WD,Serbia,SRB,2355214636.94213
"Foreign direct investment, net inflows (BoP, current US$)",BX.KLT.DINV.CD.WD,Seychelles,SYC,68346743.9281733
"Foreign direct investment, net inflows (BoP, current US$)",BX.KLT.DINV.CD.WD,Sierra Leone,SLE,138517339.824904
"Foreign direct investment, net inflows (BoP, current US$)",BX.KLT.DINV.CD.WD,Singapore,SGP,65133174223.0873
"Foreign direct investment, net inflows (BoP, current US$)",BX.KLT.DINV.CD.WD,Sint Maarten (Dutch part),SXM,41553072.6256983
"Foreign direct investment, net inflows (BoP, current US$)",BX.KLT.DINV.CD.WD,Slovak Republic,SVK,4768259092.47383
"Foreign direct investment, net inflows (BoP, current US$)",BX.KLT.DINV.CD.WD,Slovenia,SVN,1446274234.68465
"Foreign direct investment, net inflows (BoP, current US$)",BX.KLT.DINV.CD.WD,Solomon Islands,SLB,37343622.7695982
"Foreign direct investment, net inflows (BoP, current US$)",BX.KLT.DINV.CD.WD,"Somalia, Fed. Rep.",SOM,330000000
"Foreign direct investment, net inflows (BoP, current US$)",BX.KLT.DINV.CD.WD,South Africa,ZAF,2215307020.39541
"Foreign direct investment, net inflows (BoP, current US$)",BX.KLT.DINV.CD.WD,South Sudan,SSD,-7850000
"Foreign direct investment, net inflows (BoP, current US$)",BX.KLT.DINV.CD.WD,Spain,ESP,44962670965.5697
"Foreign direct investment, net inflows (BoP, current US$)",BX.KLT.DINV.CD.WD,Sri Lanka,LKA,897049375.883533
"Foreign direct investment, net inflows (BoP, current US$)",BX.KLT.DINV.CD.WD,St. Kitts and Nevis,KNA,121415245.555555
"Foreign direct investment, net inflows (BoP, current US$)",BX.KLT.DINV.CD.WD,St. Lucia,LCA,161613065.584917
"Foreign direct investment, net inflows (BoP, current US$)",BX.KLT.DINV.CD.WD,St. Martin (French part),MAF,..
"Foreign direct investment, net inflows (BoP, current US$)",BX.KLT.DINV.CD.WD,St. Vincent and the Grenadines,VCT,70524768.2973118
"Foreign direct investment, net inflows (BoP, current US$)",BX.KLT.DINV.CD.WD,Sudan,SDN,1063767535.33587
"Foreign direct investment, net inflows (BoP, current US$)",BX.KLT.DINV.CD.WD,Suriname,SUR,231666845.653765
"Foreign direct investment, net inflows (BoP, current US$)",BX.KLT.DINV.CD.WD,Eswatini,SWZ,26852077.6519873
"Foreign direct investment, net inflows (BoP, current US$)",BX.KLT.DINV.CD.WD,Sweden,SWE,15470455705.9977
"Foreign direct investment, net inflows (BoP, current US$)",BX.KLT.DINV.CD.WD,Switzerland,CHE,170848654800.932
"Foreign direct investment, net inflows (BoP, current US$)",BX.KLT.DINV.CD.WD,Syrian Arab Republic,SYR,0
"Foreign direct investment, net inflows (BoP, current US$)",BX.KLT.DINV.CD.WD,Tajikistan,TJK,241616267.20903
"Foreign direct investment, net inflows (BoP, current US$)",BX.KLT.DINV.CD.WD,Tanzania,TZA,864040000
"Foreign direct investment, net inflows (BoP, current US$)",BX.KLT.DINV.CD.WD,Thailand,THA,3486184390.30069
"Foreign direct investment, net inflows (BoP, current US$)",BX.KLT.DINV.CD.WD,Timor-Leste,TLS,5478700
"Foreign direct investment, net inflows (BoP, current US$)",BX.KLT.DINV.CD.WD,Togo,TGO,-46308331.6178517
"Foreign direct investment, net inflows (BoP, current US$)",BX.KLT.DINV.CD.WD,Tonga,TON,16625145.1000078
"Foreign direct investment, net inflows (BoP, current US$)",BX.KLT.DINV.CD.WD,Trinidad and Tobago,TTO,-23598182.380677
"Foreign direct investment, net inflows (BoP, current US$)",BX.KLT.DINV.CD.WD,Tunisia,TUN,622569482.161978
"Foreign direct investment, net inflows (BoP, current US$)",BX.KLT.DINV.CD.WD,Turkiye,TUR,13835000000
"Foreign direct investment, net inflows (BoP, current US$)",BX.KLT.DINV.CD.WD,Turkmenistan,TKM,2243160000
"Foreign direct investment, net inflows (BoP, current US$)",BX.KLT.DINV.CD.WD,Turks and Caicos Islands,TCA,16590000
"Foreign direct investment, net inflows (BoP, current US$)",BX.KLT.DINV.CD.WD,Tuvalu,TUV,300000
"Foreign direct investment, net inflows (BoP, current US$)",BX.KLT.DINV.CD.WD,Uganda,UGA,625704361.867068
"Foreign direct investment, net inflows (BoP, current US$)",BX.KLT.DINV.CD.WD,Ukraine,UKR,4128000000
"Foreign direct investment, net inflows (BoP, current US$)",BX.KLT.DINV.CD.WD,United Arab Emirates,ARE,9604773000
"Foreign direct investment, net inflows (BoP, current US$)",BX.KLT.DINV.CD.WD,United Kingdom,GBR,324813224213.021
"Foreign direct investment, net inflows (BoP, current US$)",BX.KLT.DINV.CD.WD,United States,USA,474388000000
"Foreign direct investment, net inflows (BoP, current US$)",BX.KLT.DINV.CD.WD,Uruguay,URY,-515650078.425119
"Foreign direct investment, net inflows (BoP, current US$)",BX.KLT.DINV.CD.WD,Uzbekistan,UZB,1662886452.22485
"Foreign direct investment, net inflows (BoP, current US$)",BX.KLT.DINV.CD.WD,Vanuatu,VUT,44178569.3949991
"Foreign direct investment, net inflows (BoP, current US$)",BX.KLT.DINV.CD.WD,"Venezuela, RB",VEN,1587000000
"Foreign direct investment, net inflows (BoP, current US$)",BX.KLT.DINV.CD.WD,Viet Nam,VNM,12600000000
"Foreign direct investment, net inflows (BoP, current US$)",BX.KLT.DINV.CD.WD,Virgin Islands (U.S.),VIR,..
"Foreign direct investment, net inflows (BoP, current US$)",BX.KLT.DINV.CD.WD,West Bank and Gaza,PSE,296473530.843925
"Foreign direct investment, net inflows (BoP, current US$)",BX.KLT.DINV.CD.WD,"Yemen, Rep.",YEM,-561000000
"Foreign direct investment, net inflows (BoP, current US$)",BX.KLT.DINV.CD.WD,Zambia,ZMB,662813935.420472
"Foreign direct investment, net inflows (BoP, current US$)",BX.KLT.DINV.CD.WD,Zimbabwe,ZWE,343013813.38
Net ODA received per capita (current US$),DT.ODA.ODAT.PC.ZS,Afghanistan,AFG,117.272119196072
Net ODA received per capita (current US$),DT.ODA.ODAT.PC.ZS,Albania,ALB,63.5953944056894
Net ODA received per capita (current US$),DT.ODA.ODAT.PC.ZS,Algeria,DZA,3.53814406565759
Net ODA received per capita (current US$),DT.ODA.ODAT.PC.ZS,American Samoa,ASM,..
Net ODA received per capita (current US$),DT.ODA.ODAT.PC.ZS,Andorra,AND,..
Net ODA received per capita (current US$),DT.ODA.ODAT.PC.ZS,Angola,AGO,7.07647952106468
Net ODA received per capita (current US$),DT.ODA.ODAT.PC.ZS,Antigua and Barbuda,ATG,2.03692376031277
Net ODA received per capita (current US$),DT.ODA.ODAT.PC.ZS,Argentina,ARG,0.0596729914000114
Net ODA received per capita (current US$),DT.ODA.ODAT.PC.ZS,Armenia,ARM,109.091576011894
Net ODA received per capita (current US$),DT.ODA.ODAT.PC.ZS,Aruba,ABW,..
Net ODA received per capita (current US$),DT.ODA.ODAT.PC.ZS,Australia,AUS,..
Net ODA received per capita (current US$),DT.ODA.ODAT.PC.ZS,Austria,AUT,..
Net ODA received per capita (current US$),DT.ODA.ODAT.PC.ZS,Azerbaijan,AZE,8.14042525699537
Net ODA received per capita (current US$),DT.ODA.ODAT.PC.ZS,"Bahamas, The",BHS,..
Net ODA received per capita (current US$),DT.ODA.ODAT.PC.ZS,Bahrain,BHR,..
Net ODA received per capita (current US$),DT.ODA.ODAT.PC.ZS,Bangladesh,BGD,15.750189229584
Net ODA received per capita (current US$),DT.ODA.ODAT.PC.ZS,Barbados,BRB,..
Net ODA received per capita (current US$),DT.ODA.ODAT.PC.ZS,Belarus,BLR,-2.35606601289762
Net ODA received per capita (current US$),DT.ODA.ODAT.PC.ZS,Belgium,BEL,..
Net ODA received per capita (current US$),DT.ODA.ODAT.PC.ZS,Belize,BLZ,95.859120235688
Net ODA received per capita (current US$),DT.ODA.ODAT.PC.ZS,Benin,BEN,42.8075964989219
Net ODA received per capita (current US$),DT.ODA.ODAT.PC.ZS,Bermuda,BMU,..
Net ODA received per capita (current US$),DT.ODA.ODAT.PC.ZS,Bhutan,BTN,68.990913759573
Net ODA received per capita (current US$),DT.ODA.ODAT.PC.ZS,Bolivia,BOL,62.2990948990364
Net ODA received per capita (current US$),DT.ODA.ODAT.PC.ZS,Bosnia and Herzegovina,BIH,128.452443794679
Net ODA received per capita (current US$),DT.ODA.ODAT.PC.ZS,Botswana,BWA,40.5278554588637
Net ODA received per capita (current US$),DT.ODA.ODAT.PC.ZS,Brazil,BRA,3.31971950212307
Net ODA received per capita (current US$),DT.ODA.ODAT.PC.ZS,British Virgin Islands,VGB,..
Net ODA received per capita (current US$),DT.ODA.ODAT.PC.ZS,Brunei Darussalam,BRN,..
Net ODA received per capita (current US$),DT.ODA.ODAT.PC.ZS,Bulgaria,BGR,..
Net ODA received per capita (current US$),DT.ODA.ODAT.PC.ZS,Burkina Faso,BFA,53.2447962762174
Net ODA received per capita (current US$),DT.ODA.ODAT.PC.ZS,Burundi,BDI,66.0745658932207
Net ODA received per capita (current US$),DT.ODA.ODAT.PC.ZS,Cabo Verde,CPV,224.840781638984
Net ODA received per capita (current US$),DT.ODA.ODAT.PC.ZS,Cambodia,KHM,45.9507881037761
Net ODA received per capita (current US$),DT.ODA.ODAT.PC.ZS,Cameroon,CMR,32.2584382571684
Net ODA received per capita (current US$),DT.ODA.ODAT.PC.ZS,Canada,CAN,..
Net ODA received per capita (current US$),DT.ODA.ODAT.PC.ZS,Cayman Islands,CYM,..
Net ODA received per capita (current US$),DT.ODA.ODAT.PC.ZS,Central African Republic,CAF,107.508871465696
Net ODA received per capita (current US$),DT.ODA.ODAT.PC.ZS,Chad,TCD,41.3145802826069
Net ODA received per capita (current US$),DT.ODA.ODAT.PC.ZS,Channel Islands,CHI,..
Net ODA received per capita (current US$),DT.ODA.ODAT.PC.ZS,Chile,CHL,9.76828091768731
Net ODA received per capita (current US$),DT.ODA.ODAT.PC.ZS,China,CHN,-0.570282780001162
Net ODA received per capita (current US$),DT.ODA.ODAT.PC.ZS,Colombia,COL,23.3252910568763
Net ODA received per capita (current US$),DT.ODA.ODAT.PC.ZS,Comoros,COM,72.4559867255615
Net ODA received per capita (current US$),DT.ODA.ODAT.PC.ZS,"Congo, Dem. Rep.",COD,25.0399438329475
Net ODA received per capita (current US$),DT.ODA.ODAT.PC.ZS,"Congo, Rep.",COG,16.6507725429184
Net ODA received per capita (current US$),DT.ODA.ODAT.PC.ZS,Costa Rica,CRI,20.6950115771683
Net ODA received per capita (current US$),DT.ODA.ODAT.PC.ZS,Cote d'Ivoire,CIV,23.6935610944453
Net ODA received per capita (current US$),DT.ODA.ODAT.PC.ZS,Croatia,HRV,..
Net ODA received per capita (current US$),DT.ODA.ODAT.PC.ZS,Cuba,CUB,239.499972973617
Net ODA received per capita (current US$),DT.ODA.ODAT.PC.ZS,Curacao,CUW,..
Net ODA received per capita (current US$),DT.ODA.ODAT.PC.ZS,Cyprus,CYP,..
Net ODA received per capita (current US$),DT.ODA.ODAT.PC.ZS,Czechia,CZE,..
Net ODA received per capita (current US$),DT.ODA.ODAT.PC.ZS,Denmark,DNK,..
Net ODA received per capita (current US$),DT.ODA.ODAT.PC.ZS,Djibouti,DJI,178.627104677387
Net ODA received per capita (current US$),DT.ODA.ODAT.PC.ZS,Dominica,DMA,123.059403994637
Net ODA received per capita (current US$),DT.ODA.ODAT.PC.ZS,Dominican Republic,DOM,16.7469643448395
Net ODA received per capita (current US$),DT.ODA.ODAT.PC.ZS,Ecuador,ECU,14.7659052051058
Net ODA received per capita (current US$),DT.ODA.ODAT.PC.ZS,"Egypt, Arab Rep.",EGY,23.9790969983103
Net ODA received per capita (current US$),DT.ODA.ODAT.PC.ZS,El Salvador,SLV,20.7989367496242
Net ODA received per capita (current US$),DT.ODA.ODAT.PC.ZS,Equatorial Guinea,GNQ,4.5906353786103
Net ODA received per capita (current US$),DT.ODA.ODAT.PC.ZS,Eritrea,ERI,21.3834043828245
Net ODA received per capita (current US$),DT.ODA.ODAT.PC.ZS,Estonia,EST,..
Net ODA received per capita (current US$),DT.ODA.ODAT.PC.ZS,Ethiopia,ETH,38.2725274006957
Net ODA received per capita (current US$),DT.ODA.ODAT.PC.ZS,Faroe Islands,FRO,..
Net ODA received per capita (current US$),DT.ODA.ODAT.PC.ZS,Fiji,FJI,127.743764031062
Net ODA received per capita (current US$),DT.ODA.ODAT.PC.ZS,Finland,FIN,..
Net ODA received per capita (current US$),DT.ODA.ODAT.PC.ZS,France,FRA,..
Net ODA received per capita (current US$),DT.ODA.ODAT.PC.ZS,French Polynesia,PYF,..
Net ODA received per capita (current US$),DT.ODA.ODAT.PC.ZS,Gabon,GAB,19.8184299351936
Net ODA received per capita (current US$),DT.ODA.ODAT.PC.ZS,"Gambia, The",GMB,40.2592926427812
Net ODA received per capita (current US$),DT.ODA.ODAT.PC.ZS,Georgia,GEO,124.142238362922
Net ODA received per capita (current US$),DT.ODA.ODAT.PC.ZS,Germany,DEU,..
Net ODA received per capita (current US$),DT.ODA.ODAT.PC.ZS,Ghana,GHA,44.9182904249368
Net ODA received per capita (current US$),DT.ODA.ODAT.PC.ZS,Gibraltar,GIB,..
Net ODA received per capita (current US$),DT.ODA.ODAT.PC.ZS,Greece,GRC,..
Net ODA received per capita (current US$),DT.ODA.ODAT.PC.ZS,Greenland,GRL,..
Net ODA received per capita (current US$),DT.ODA.ODAT.PC.ZS,Grenada,GRD,74.523513927806
Net ODA received per capita (current US$),DT.ODA.ODAT.PC.ZS,Guam,GUM,..
Net ODA received per capita (current US$),DT.ODA.ODAT.PC.ZS,Guatemala,GTM,16.3163384448649
Net ODA received per capita (current US$),DT.ODA.ODAT.PC.ZS,Guinea,GIN,46.962924986196
Net ODA received per capita (current US$),DT.ODA.ODAT.PC.ZS,Guinea-Bissau,GNB,107.439127767825
Net ODA received per capita (current US$),DT.ODA.ODAT.PC.ZS,Guyana,GUY,91.7040137093746
Net ODA received per capita (current US$),DT.ODA.ODAT.PC.ZS,Haiti,HTI,100.425122178432
Net ODA received per capita (current US$),DT.ODA.ODAT.PC.ZS,Honduras,HND,43.8142329269321
Net ODA received per capita (current US$),DT.ODA.ODAT.PC.ZS,"Hong Kong SAR, China",HKG,..
Net ODA received per capita (current US$),DT.ODA.ODAT.PC.ZS,Hungary,HUN,..
Net ODA received per capita (current US$),DT.ODA.ODAT.PC.ZS,Iceland,ISL,..
Net ODA received per capita (current US$),DT.ODA.ODAT.PC.ZS,India,IND,1.99341943390664
Net ODA received per capita (current US$),DT.ODA.ODAT.PC.ZS,Indonesia,IDN,-0.409172200680271
Net ODA received per capita (current US$),DT.ODA.ODAT.PC.ZS,"Iran, Islamic Rep.",IRN,1.38634356587901
Net ODA received per capita (current US$),DT.ODA.ODAT.PC.ZS,Iraq,IRQ,59.4727759593952
Net ODA received per capita (current US$),DT.ODA.ODAT.PC.ZS,Ireland,IRL,..
Net ODA received per capita (current US$),DT.ODA.ODAT.PC.ZS,Isle of Man,IMN,..
Net ODA received per capita (current US$),DT.ODA.ODAT.PC.ZS,Israel,ISR,..
Net ODA received per capita (current US$),DT.ODA.ODAT.PC.ZS,Italy,ITA,..
Net ODA received per capita (current US$),DT.ODA.ODAT.PC.ZS,Jamaica,JAM,9.55416708331117
Net ODA received per capita (current US$),DT.ODA.ODAT.PC.ZS,Japan,JPN,..
Net ODA received per capita (current US$),DT.ODA.ODAT.PC.ZS,Jordan,JOR,272.623490935821
Net ODA received per capita (current US$),DT.ODA.ODAT.PC.ZS,Kazakhstan,KAZ,3.41886810254208
Net ODA received per capita (current US$),DT.ODA.ODAT.PC.ZS,Kenya,KEN,45.4590720136356
Net ODA received per capita (current US$),DT.ODA.ODAT.PC.ZS,Kiribati,KIR,513.540072280033
Net ODA received per capita (current US$),DT.ODA.ODAT.PC.ZS,"Korea, Dem. People's Rep.",PRK,4.6559239776736
Net ODA received per capita (current US$),DT.ODA.ODAT.PC.ZS,"Korea, Rep.",KOR,..
Net ODA received per capita (current US$),DT.ODA.ODAT.PC.ZS,Kosovo,XKX,208.168738486947
Net ODA received per capita (current US$),DT.ODA.ODAT.PC.ZS,Kuwait,KWT,..
Net ODA received per capita (current US$),DT.ODA.ODAT.PC.ZS,Kyrgyz Republic,KGZ,84.1225580676212
Net ODA received per capita (current US$),DT.ODA.ODAT.PC.ZS,Lao PDR,LAO,57.819618283111
Net ODA received per capita (current US$),DT.ODA.ODAT.PC.ZS,Latvia,LVA,..
Net ODA received per capita (current US$),DT.ODA.ODAT.PC.ZS,Lebanon,LBN,178.606941453436
Net ODA received per capita (current US$),DT.ODA.ODAT.PC.ZS,Lesotho,LSO,52.6030219045034
Net ODA received per capita (current US$),DT.ODA.ODAT.PC.ZS,Liberia,LBR,172.256294178269
Net ODA received per capita (current US$),DT.ODA.ODAT.PC.ZS,Libya,LBY,27.063640141268
Net ODA received per capita (current US$),DT.ODA.ODAT.PC.ZS,Liechtenstein,LIE,..
Net ODA received per capita (current US$),DT.ODA.ODAT.PC.ZS,Lithuania,LTU,..
Net ODA received per capita (current US$),DT.ODA.ODAT.PC.ZS,Luxembourg,LUX,..
Net ODA received per capita (current US$),DT.ODA.ODAT.PC.ZS,"Macao SAR, China",MAC,..
Net ODA received per capita (current US$),DT.ODA.ODAT.PC.ZS,North Macedonia,MKD,88.3141519223522
Net ODA received per capita (current US$),DT.ODA.ODAT.PC.ZS,Madagascar,MDG,23.8154613257886
Net ODA received per capita (current US$),DT.ODA.ODAT.PC.ZS,Malawi,MWI,70.7156921523682
Net ODA received per capita (current US$),DT.ODA.ODAT.PC.ZS,Malaysia,MYS,-1.630046493093
Net ODA received per capita (current US$),DT.ODA.ODAT.PC.ZS,Maldives,MDV,51.236509114034
Net ODA received per capita (current US$),DT.ODA.ODAT.PC.ZS,Mali,MLI,62.7949974261437
Net ODA received per capita (current US$),DT.ODA.ODAT.PC.ZS,Malta,MLT,..
Net ODA received per capita (current US$),DT.ODA.ODAT.PC.ZS,Marshall Islands,MHL,263.349019793224
Net ODA received per capita (current US$),DT.ODA.ODAT.PC.ZS,Mauritania,MRT,75.1906015704739
Net ODA received per capita (current US$),DT.ODA.ODAT.PC.ZS,Mauritius,MUS,33.4996385740369
Net ODA received per capita (current US$),DT.ODA.ODAT.PC.ZS,Mexico,MEX,6.62026370277597
Net ODA received per capita (current US$),DT.ODA.ODAT.PC.ZS,"Micronesia, Fed. Sts.",FSM,466.011147036783
Net ODA received per capita (current US$),DT.ODA.ODAT.PC.ZS,Moldova,MDA,93.4819204624163
Net ODA received per capita (current US$),DT.ODA.ODAT.PC.ZS,Monaco,MCO,..
Net ODA received per capita (current US$),DT.ODA.ODAT.PC.ZS,Mongolia,MNG,105.432408420383
Net ODA received per capita (current US$),DT.ODA.ODAT.PC.ZS,Montenegro,MNE,137.088160985582
Net ODA received per capita (current US$),DT.ODA.ODAT.PC.ZS,Morocco,MAR,58.8835343021858
Net ODA received per capita (current US$),DT.ODA.ODAT.PC.ZS,Mozambique,MOZ,56.105898087908
Net ODA received per capita (current US$),DT.ODA.ODAT.PC.ZS,Myanmar,MMR,29.8405551456184
Net ODA received per capita (current US$),DT.ODA.ODAT.PC.ZS,Namibia,NAM,69.7743321340994
Net ODA received per capita (current US$),DT.ODA.ODAT.PC.ZS,Nauru,NRU,2034.11375995174
Net ODA received per capita (current US$),DT.ODA.ODAT.PC.ZS,Nepal,NPL,38.0782734887036
Net ODA received per capita (current US$),DT.ODA.ODAT.PC.ZS,Netherlands,NLD,..
Net ODA received per capita (current US$),DT.ODA.ODAT.PC.ZS,New Caledonia,NCL,..
Net ODA received per capita (current US$),DT.ODA.ODAT.PC.ZS,New Zealand,NZL,..
Net ODA received per capita (current US$),DT.ODA.ODAT.PC.ZS,Nicaragua,NIC,69.1486252663838
Net ODA received per capita (current US$),DT.ODA.ODAT.PC.ZS,Niger,NER,46.0451429827014
Net ODA received per capita (current US$),DT.ODA.ODAT.PC.ZS,Nigeria,NGA,12.7821249342682
Net ODA received per capita (current US$),DT.ODA.ODAT.PC.ZS,Northern Mariana Islands,MNP,..
Net ODA received per capita (current US$),DT.ODA.ODAT.PC.ZS,Norway,NOR,..
Net ODA received per capita (current US$),DT.ODA.ODAT.PC.ZS,Oman,OMN,..
Net ODA received per capita (current US$),DT.ODA.ODAT.PC.ZS,Pakistan,PAK,13.4509987261013
Net ODA received per capita (current US$),DT.ODA.ODAT.PC.ZS,Palau,PLW,1000.06178107672
Net ODA received per capita (current US$),DT.ODA.ODAT.PC.ZS,Panama,PAN,5.61236362141927
Net ODA received per capita (current US$),DT.ODA.ODAT.PC.ZS,Papua New Guinea,PNG,59.3166649109928
Net ODA received per capita (current US$),DT.ODA.ODAT.PC.ZS,Paraguay,PRY,14.1683448267312
Net ODA received per capita (current US$),DT.ODA.ODAT.PC.ZS,Peru,PER,10.3737490700348
Net ODA received per capita (current US$),DT.ODA.ODAT.PC.ZS,Philippines,PHL,2.65749660421565
Net ODA received per capita (current US$),DT.ODA.ODAT.PC.ZS,Poland,POL,..
Net ODA received per capita (current US$),DT.ODA.ODAT.PC.ZS,Portugal,PRT,..
Net ODA received per capita (current US$),DT.ODA.ODAT.PC.ZS,Puerto Rico (US),PRI,..
Net ODA received per capita (current US$),DT.ODA.ODAT.PC.ZS,Qatar,QAT,..
Net ODA received per capita (current US$),DT.ODA.ODAT.PC.ZS,Romania,ROU,..
Net ODA received per capita (current US$),DT.ODA.ODAT.PC.ZS,Russian Federation,RUS,..
Net ODA received per capita (current US$),DT.ODA.ODAT.PC.ZS,Rwanda,RWA,96.522890790706
Net ODA received per capita (current US$),DT.ODA.ODAT.PC.ZS,Samoa,WSM,435.569260465884
Net ODA received per capita (current US$),DT.ODA.ODAT.PC.ZS,San Marino,SMR,..
Net ODA received per capita (current US$),DT.ODA.ODAT.PC.ZS,Sao Tome and Principe,STP,230.920852108206
Net ODA received per capita (current US$),DT.ODA.ODAT.PC.ZS,Saudi Arabia,SAU,..
Net ODA received per capita (current US$),DT.ODA.ODAT.PC.ZS,Senegal,SEN,48.6323564661829
Net ODA received per capita (current US$),DT.ODA.ODAT.PC.ZS,Serbia,SRB,89.7478520080623
Net ODA received per capita (current US$),DT.ODA.ODAT.PC.ZS,Seychelles,SYC,61.2451817718715
Net ODA received per capita (current US$),DT.ODA.ODAT.PC.ZS,Sierra Leone,SLE,96.2080096996668
Net ODA received per capita (current US$),DT.ODA.ODAT.PC.ZS,Singapore,SGP,..
Net ODA received per capita (current US$),DT.ODA.ODAT.PC.ZS,Sint Maarten (Dutch part),SXM,..
Net ODA received per capita (current US$),DT.ODA.ODAT.PC.ZS,Slovak Republic,SVK,..
Net ODA received per capita (current US$),DT.ODA.ODAT.PC.ZS,Slovenia,SVN,..
Net ODA received per capita (current US$),DT.ODA.ODAT.PC.ZS,Solomon Islands,SLB,264.957599581986
Net ODA received per capita (current US$),DT.ODA.ODAT.PC.ZS,"Somalia, Fed. Rep.",SOM,82.4905615487625
Net ODA received per capita (current US$),DT.ODA.ODAT.PC.ZS,South Africa,ZAF,20.6127998294283
Net ODA received per capita (current US$),DT.ODA.ODAT.PC.ZS,South Sudan,SSD,146.538743680866
Net ODA received per capita (current US$),DT.ODA.ODAT.PC.ZS,Spain,ESP,..
Net ODA received per capita (current US$),DT.ODA.ODAT.PC.ZS,Sri Lanka,LKA,17.6090929530579
Net ODA received per capita (current US$),DT.ODA.ODAT.PC.ZS,St. Kitts and Nevis,KNA,..
Net ODA received per capita (current US$),DT.ODA.ODAT.PC.ZS,St. Lucia,LCA,86.7003680440147
Net ODA received per capita (current US$),DT.ODA.ODAT.PC.ZS,St. Martin (French part),MAF,..
Net ODA received per capita (current US$),DT.ODA.ODAT.PC.ZS,St. Vincent and the Grenadines,VCT,85.7778615068877
Net ODA received per capita (current US$),DT.ODA.ODAT.PC.ZS,Sudan,SDN,19.6094931923007
Net ODA received per capita (current US$),DT.ODA.ODAT.PC.ZS,Suriname,SUR,28.1185077280306
Net ODA received per capita (current US$),DT.ODA.ODAT.PC.ZS,Eswatini,SWZ,128.436500705268
Net ODA received per capita (current US$),DT.ODA.ODAT.PC.ZS,Sweden,SWE,..
Net ODA received per capita (current US$),DT.ODA.ODAT.PC.ZS,Switzerland,CHE,..
Net ODA received per capita (current US$),DT.ODA.ODAT.PC.ZS,Syrian Arab Republic,SYR,463.677248673975
Net ODA received per capita (current US$),DT.ODA.ODAT.PC.ZS,Tajikistan,TJK,40.5763199681761
Net ODA received per capita (current US$),DT.ODA.ODAT.PC.ZS,Tanzania,TZA,43.0642930025721
Net ODA received per capita (current US$),DT.ODA.ODAT.PC.ZS,Thailand,THA,3.21449335681095
Net ODA received per capita (current US$),DT.ODA.ODAT.PC.ZS,Timor-Leste,TLS,182.119439855837
Net ODA received per capita (current US$),DT.ODA.ODAT.PC.ZS,Togo,TGO,21.4108024736135
Net ODA received per capita (current US$),DT.ODA.ODAT.PC.ZS,Tonga,TON,782.816410335822
Net ODA received per capita (current US$),DT.ODA.ODAT.PC.ZS,Trinidad and Tobago,TTO,..
Net ODA received per capita (current US$),DT.ODA.ODAT.PC.ZS,Tunisia,TUN,56.1049496089598
Net ODA received per capita (current US$),DT.ODA.ODAT.PC.ZS,Turkiye,TUR,45.5244879156566
Net ODA received per capita (current US$),DT.ODA.ODAT.PC.ZS,Turkmenistan,TKM,5.06739738518299
Net ODA received per capita (current US$),DT.ODA.ODAT.PC.ZS,Turks and Caicos Islands,TCA,..
Net ODA received per capita (current US$),DT.ODA.ODAT.PC.ZS,Tuvalu,TUV,2236.02807968991
Net ODA received per capita (current US$),DT.ODA.ODAT.PC.ZS,Uganda,UGA,45.4287643755639
Net ODA received per capita (current US$),DT.ODA.ODAT.PC.ZS,Ukraine,UKR,33.3938047271264
Net ODA received per capita (current US$),DT.ODA.ODAT.PC.ZS,United Arab Emirates,ARE,..
Net ODA received per capita (current US$),DT.ODA.ODAT.PC.ZS,United Kingdom,GBR,..
Net ODA received per capita (current US$),DT.ODA.ODAT.PC.ZS,United States,USA,..
Net ODA received per capita (current US$),DT.ODA.ODAT.PC.ZS,Uruguay,URY,5.4016844458755
Net ODA received per capita (current US$),DT.ODA.ODAT.PC.ZS,Uzbekistan,UZB,16.3355072024224
Net ODA received per capita (current US$),DT.ODA.ODAT.PC.ZS,Vanuatu,VUT,474.587725215189
Net ODA received per capita (current US$),DT.ODA.ODAT.PC.ZS,"Venezuela, RB",VEN,1.41128480880091
Net ODA received per capita (current US$),DT.ODA.ODAT.PC.ZS,Viet Nam,VNM,30.9156187257059
Net ODA received per capita (current US$),DT.ODA.ODAT.PC.ZS,Virgin Islands (U.S.),VIR,..
Net ODA received per capita (current US$),DT.ODA.ODAT.PC.ZS,West Bank and Gaza,PSE,549.945557435813
Net ODA received per capita (current US$),DT.ODA.ODAT.PC.ZS,"Yemen, Rep.",YEM,71.6655120347258
Net ODA received per capita (current US$),DT.ODA.ODAT.PC.ZS,Zambia,ZMB,57.1384978180863
Net ODA received per capita (current US$),DT.ODA.ODAT.PC.ZS,Zimbabwe,ZWE,44.8109254201919
GDP per capita (current US$),NY.GDP.PCAP.CD,Afghanistan,AFG,522.082215583898
GDP per capita (current US$),NY.GDP.PCAP.CD,Albania,ALB,4457.63412207495
GDP per capita (current US$),NY.GDP.PCAP.CD,Algeria,DZA,4424.98529027556
GDP per capita (current US$),NY.GDP.PCAP.CD,American Samoa,ASM,12843.3342903627
GDP per capita (current US$),NY.GDP.PCAP.CD,Andorra,AND,40129.8385811474
GDP per capita (current US$),NY.GDP.PCAP.CD,Angola,AGO,2051.81462126253
GDP per capita (current US$),NY.GDP.PCAP.CD,Antigua and Barbuda,ATG,16556.8551801588
GDP per capita (current US$),NY.GDP.PCAP.CD,Argentina,ARG,12699.9623137756
GDP per capita (current US$),NY.GDP.PCAP.CD,Armenia,ARM,3524.42476874707
GDP per capita (current US$),NY.GDP.PCAP.CD,Aruba,ABW,27441.5502144601
GDP per capita (current US$),NY.GDP.PCAP.CD,Australia,AUS,50084.4440606385
GDP per capita (current US$),NY.GDP.PCAP.CD,Austria,AUT,45061.4993920192
GDP per capita (current US$),NY.GDP.PCAP.CD,Azerbaijan,AZE,3880.6852276838
GDP per capita (current US$),NY.GDP.PCAP.CD,"Bahamas, The",BHS,30616.5363157284
GDP per capita (current US$),NY.GDP.PCAP.CD,Bahrain,BHR,23800.001440631
GDP per capita (current US$),NY.GDP.PCAP.CD,Bangladesh,BGD,1649.28380858601
GDP per capita (current US$),NY.GDP.PCAP.CD,Barbados,BRB,20295.5672072046
GDP per capita (current US$),NY.GDP.PCAP.CD,Belarus,BLR,5039.77560949445
GDP per capita (current US$),NY.GDP.PCAP.CD,Belgium,BEL,41854.5498296444
GDP per capita (current US$),NY.GDP.PCAP.CD,Belize,BLZ,6140.86713919469
GDP per capita (current US$),NY.GDP.PCAP.CD,Benin,BEN,1010.5338961993
GDP per capita (current US$),NY.GDP.PCAP.CD,Bermuda,BMU,108747.356144305
GDP per capita (current US$),NY.GDP.PCAP.CD,Bhutan,BTN,3152.30905106786
GDP per capita (current US$),NY.GDP.PCAP.CD,Bolivia,BOL,3035.87347732132
GDP per capita (current US$),NY.GDP.PCAP.CD,Bosnia and Herzegovina,BIH,4928.5665903114
GDP per capita (current US$),NY.GDP.PCAP.CD,Botswana,BWA,6749.05994339013
GDP per capita (current US$),NY.GDP.PCAP.CD,Brazil,BRA,8836.28546025694
GDP per capita (current US$),NY.GDP.PCAP.CD,British Virgin Islands,VGB,..
GDP per capita (current US$),NY.GDP.PCAP.CD,Brunei Darussalam,BRN,26663.2972950602
GDP per capita (current US$),NY.GDP.PCAP.CD,Bulgaria,BGR,7822.49923292968
GDP per capita (current US$),NY.GDP.PCAP.CD,Burkina Faso,BFA,663.742364842886
GDP per capita (current US$),NY.GDP.PCAP.CD,Burundi,BDI,232.937812100153
GDP per capita (current US$),NY.GDP.PCAP.CD,Cabo Verde,CPV,3608.96605234906
GDP per capita (current US$),NY.GDP.PCAP.CD,Cambodia,KHM,1675.19555711109
GDP per capita (current US$),NY.GDP.PCAP.CD,Cameroon,CMR,1441.7201725688
GDP per capita (current US$),NY.GDP.PCAP.CD,Canada,CAN,42314.0615817218
GDP per capita (current US$),NY.GDP.PCAP.CD,Cayman Islands,CYM,77802.2535658023
GDP per capita (current US$),NY.GDP.PCAP.CD,Central African Republic,CAF,387.176203444318
GDP per capita (current US$),NY.GDP.PCAP.CD,Chad,TCD,861.831767630746
GDP per capita (current US$),NY.GDP.PCAP.CD,Channel Islands,CHI,55947.579811974
GDP per capita (current US$),NY.GDP.PCAP.CD,Chile,CHL,13649.8520452803
GDP per capita (current US$),NY.GDP.PCAP.CD,China,CHN,8254.86859320357
GDP per capita (current US$),NY.GDP.PCAP.CD,Colombia,COL,5959.84250367574
GDP per capita (current US$),NY.GDP.PCAP.CD,Comoros,COM,1365.48403444497
GDP per capita (current US$),NY.GDP.PCAP.CD,"Congo, Dem. Rep.",COD,459.765036590388
GDP per capita (current US$),NY.GDP.PCAP.CD,"Congo, Rep.",COG,2093.10728558843
GDP per capita (current US$),NY.GDP.PCAP.CD,Costa Rica,CRI,12091.0301606154
GDP per capita (current US$),NY.GDP.PCAP.CD,Cote d'Ivoire,CIV,1862.59597081287
GDP per capita (current US$),NY.GDP.PCAP.CD,Croatia,HRV,12820.1653893008
GDP per capita (current US$),NY.GDP.PCAP.CD,Cuba,CUB,8110.55874283616
GDP per capita (current US$),NY.GDP.PCAP.CD,Curacao,CUW,18944.0962772875
GDP per capita (current US$),NY.GDP.PCAP.CD,Cyprus,CYP,24280.056640625
GDP per capita (current US$),NY.GDP.PCAP.CD,Czechia,CZE,18753.9686718096
GDP per capita (current US$),NY.GDP.PCAP.CD,Denmark,DNK,54500.9260410217
GDP per capita (current US$),NY.GDP.PCAP.CD,Djibouti,DJI,2510.4300076241
GDP per capita (current US$),NY.GDP.PCAP.CD,Dominica,DMA,8802.56172041363
GDP per capita (current US$),NY.GDP.PCAP.CD,Dominican Republic,DOM,7160.44200982307
GDP per capita (current US$),NY.GDP.PCAP.CD,Ecuador,ECU,5917.63771271481
GDP per capita (current US$),NY.GDP.PCAP.CD,"Egypt, Arab Rep.",EGY,3270.6287768197
GDP per capita (current US$),NY.GDP.PCAP.CD,El Salvador,SLV,3901.34014965811
GDP per capita (current US$),NY.GDP.PCAP.CD,Equatorial Guinea,GNQ,7453.19797948517
GDP per capita (current US$),NY.GDP.PCAP.CD,Eritrea,ERI,..
GDP per capita (current US$),NY.GDP.PCAP.CD,Estonia,EST,18666.3736521706
GDP per capita (current US$),NY.GDP.PCAP.CD,Ethiopia,ETH,641.651523286233
GDP per capita (current US$),NY.GDP.PCAP.CD,Faroe Islands,FRO,56875.2803813296
GDP per capita (current US$),NY.GDP.PCAP.CD,Fiji,FJI,5363.79026679243
GDP per capita (current US$),NY.GDP.PCAP.CD,Finland,FIN,43451.2562442158
GDP per capita (current US$),NY.GDP.PCAP.CD,France,FRA,37024.2157133669
GDP per capita (current US$),NY.GDP.PCAP.CD,French Polynesia,PYF,19690.0775734589
GDP per capita (current US$),NY.GDP.PCAP.CD,Gabon,GAB,6677.07003901644
GDP per capita (current US$),NY.GDP.PCAP.CD,"Gambia, The",GMB,650.056501323611
GDP per capita (current US$),NY.GDP.PCAP.CD,Georgia,GEO,4143.40125686315
GDP per capita (current US$),NY.GDP.PCAP.CD,Germany,DEU,42948.9381932694
GDP per capita (current US$),NY.GDP.PCAP.CD,Ghana,GHA,1912.47991339951
GDP per capita (current US$),NY.GDP.PCAP.CD,Gibraltar,GIB,..
GDP per capita (current US$),NY.GDP.PCAP.CD,Greece,GRC,17919.2426377048
GDP per capita (current US$),NY.GDP.PCAP.CD,Greenland,GRL,48181.7453541266
GDP per capita (current US$),NY.GDP.PCAP.CD,Grenada,GRD,9221.23461079424
GDP per capita (current US$),NY.GDP.PCAP.CD,Guam,GUM,35930.6594898711
GDP per capita (current US$),NY.GDP.PCAP.CD,Guatemala,GTM,4060.13784737643
GDP per capita (current US$),NY.GDP.PCAP.CD,Guinea,GIN,711.996509782316
GDP per capita (current US$),NY.GDP.PCAP.CD,Guinea-Bissau,GNB,679.665386626818
GDP per capita (current US$),NY.GDP.PCAP.CD,Guyana,GUY,5870.87823759835
GDP per capita (current US$),NY.GDP.PCAP.CD,Haiti,HTI,1318.40268167953
GDP per capita (current US$),NY.GDP.PCAP.CD,Honduras,HND,2307.34468351082
GDP per capita (current US$),NY.GDP.PCAP.CD,"Hong Kong SAR, China",HKG,43734.1980702999
GDP per capita (current US$),NY.GDP.PCAP.CD,Hungary,HUN,13215.8605277789
GDP per capita (current US$),NY.GDP.PCAP.CD,Iceland,ISL,62854.0906407932
GDP per capita (current US$),NY.GDP.PCAP.CD,India,IND,1707.50892912243
GDP per capita (current US$),NY.GDP.PCAP.CD,Indonesia,IDN,3521.46943457574
GDP per capita (current US$),NY.GDP.PCAP.CD,"Iran, Islamic Rep.",IRN,5710.59947089104
GDP per capita (current US$),NY.GDP.PCAP.CD,Iraq,IRQ,4334.42096404188
GDP per capita (current US$),NY.GDP.PCAP.CD,Ireland,IRL,64129.5571542383
GDP per capita (current US$),NY.GDP.PCAP.CD,Isle of Man,IMN,82025.9454509241
GDP per capita (current US$),NY.GDP.PCAP.CD,Israel,ISR,37671.5389138798
GDP per capita (current US$),NY.GDP.PCAP.CD,Italy,ITA,31391.5692898108
GDP per capita (current US$),NY.GDP.PCAP.CD,Jamaica,JAM,5302.29553353854
GDP per capita (current US$),NY.GDP.PCAP.CD,Japan,JPN,39375.4731620781
GDP per capita (current US$),NY.GDP.PCAP.CD,Jordan,JOR,3986.71677010853
GDP per capita (current US$),NY.GDP.PCAP.CD,Kazakhstan,KAZ,7475.56688689424
GDP per capita (current US$),NY.GDP.PCAP.CD,Kenya,KEN,1554.12610314423
GDP per capita (current US$),NY.GDP.PCAP.CD,Kiribati,KIR,1742.66799324117
GDP per capita (current US$),NY.GDP.PCAP.CD,"Korea, Dem. People's Rep.",PRK,..
GDP per capita (current US$),NY.GDP.PCAP.CD,"Korea, Rep.",KOR,30832.0628072516
GDP per capita (current US$),NY.GDP.PCAP.CD,Kosovo,XKX,3759.44959067104
GDP per capita (current US$),NY.GDP.PCAP.CD,Kuwait,KWT,27323.6890735517
GDP per capita (current US$),NY.GDP.PCAP.CD,Kyrgyz Republic,KGZ,1103.27489428412
GDP per capita (current US$),NY.GDP.PCAP.CD,Lao PDR,LAO,2303.22156035363
GDP per capita (current US$),NY.GDP.PCAP.CD,Latvia,LVA,13838.5266823272
GDP per capita (current US$),NY.GDP.PCAP.CD,Lebanon,LBN,8089.012088155
GDP per capita (current US$),NY.GDP.PCAP.CD,Lesotho,LSO,992.491840678465
GDP per capita (current US$),NY.GDP.PCAP.CD,Liberia,LBR,714.613063145659
GDP per capita (current US$),NY.GDP.PCAP.CD,Libya,LBY,7525.80299308216
GDP per capita (current US$),NY.GDP.PCAP.CD,Liechtenstein,LIE,165375.491396259
GDP per capita (current US$),NY.GDP.PCAP.CD,Lithuania,LTU,14934.2702840428
GDP per capita (current US$),NY.GDP.PCAP.CD,Luxembourg,LUX,106899.293549552
GDP per capita (current US$),NY.GDP.PCAP.CD,"Macao SAR, China",MAC,68911.6755919628
GDP per capita (current US$),NY.GDP.PCAP.CD,North Macedonia,MKD,5598.48622617967
GDP per capita (current US$),NY.GDP.PCAP.CD,Madagascar,MDG,453.970714522463
GDP per capita (current US$),NY.GDP.PCAP.CD,Malawi,MWI,450.506105510719
GDP per capita (current US$),NY.GDP.PCAP.CD,Malaysia,MYS,9476.53409809923
GDP per capita (current US$),NY.GDP.PCAP.CD,Maldives,MDV,9947.80744731739
GDP per capita (current US$),NY.GDP.PCAP.CD,Mali,MLI,872.468587171653
GDP per capita (current US$),NY.GDP.PCAP.CD,Malta,MLT,26459.0770929988
GDP per capita (current US$),NY.GDP.PCAP.CD,Marshall Islands,MHL,4229.80988911945
GDP per capita (current US$),NY.GDP.PCAP.CD,Mauritania,MRT,1565.76575722696
GDP per capita (current US$),NY.GDP.PCAP.CD,Mauritius,MUS,10095.1225574156
GDP per capita (current US$),NY.GDP.PCAP.CD,Mexico,MEX,9097.92397674769
GDP per capita (current US$),NY.GDP.PCAP.CD,"Micronesia, Fed. Sts.",FSM,2979.60119184048
GDP per capita (current US$),NY.GDP.PCAP.CD,Moldova,MDA,2847.08794770479
GDP per capita (current US$),NY.GDP.PCAP.CD,Monaco,MCO,173604.753555915
GDP per capita (current US$),NY.GDP.PCAP.CD,Mongolia,MNG,3619.90026383792
GDP per capita (current US$),NY.GDP.PCAP.CD,Montenegro,MNE,6968.01539365317
GDP per capita (current US$),NY.GDP.PCAP.CD,Morocco,MAR,3140.85546875
GDP per capita (current US$),NY.GDP.PCAP.CD,Mozambique,MOZ,441.489734819071
GDP per capita (current US$),NY.GDP.PCAP.CD,Myanmar,MMR,1229.19713491328
GDP per capita (current US$),NY.GDP.PCAP.CD,Namibia,NAM,4395.68776162376
GDP per capita (current US$),NY.GDP.PCAP.CD,Nauru,NRU,8748.15632605428
GDP per capita (current US$),NY.GDP.PCAP.CD,Nepal,NPL,877.256454696737
GDP per capita (current US$),NY.GDP.PCAP.CD,Netherlands,NLD,46808.5291492503
GDP per capita (current US$),NY.GDP.PCAP.CD,New Caledonia,NCL,30782.8544433514
GDP per capita (current US$),NY.GDP.PCAP.CD,New Zealand,NZL,40113.7195382428
GDP per capita (current US$),NY.GDP.PCAP.CD,Nicaragua,NIC,2131.68704828322
GDP per capita (current US$),NY.GDP.PCAP.CD,Niger,NER,502.706475406446
GDP per capita (current US$),NY.GDP.PCAP.CD,Nigeria,NGA,2070.4127339595
GDP per capita (current US$),NY.GDP.PCAP.CD,Northern Mariana Islands,MNP,24225.474169342
GDP per capita (current US$),NY.GDP.PCAP.CD,Norway,NOR,70867.3609970749
GDP per capita (current US$),NY.GDP.PCAP.CD,Oman,OMN,17110.1897460545
GDP per capita (current US$),NY.GDP.PCAP.CD,Pakistan,PAK,1424.69161195897
GDP per capita (current US$),NY.GDP.PCAP.CD,Palau,PLW,17150.4759377239
GDP per capita (current US$),NY.GDP.PCAP.CD,Panama,PAN,14832.3611652459
GDP per capita (current US$),NY.GDP.PCAP.CD,Papua New Guinea,PNG,2316.39479758492
GDP per capita (current US$),NY.GDP.PCAP.CD,Paraguay,PRY,5775.15963399596
GDP per capita (current US$),NY.GDP.PCAP.CD,Peru,PER,6217.03599995447
GDP per capita (current US$),NY.GDP.PCAP.CD,Philippines,PHL,2985.19564024046
GDP per capita (current US$),NY.GDP.PCAP.CD,Poland,POL,12464.0110508476
GDP per capita (current US$),NY.GDP.PCAP.CD,Portugal,PRT,19980.2808866516
GDP per capita (current US$),NY.GDP.PCAP.CD,Puerto Rico (US),PRI,29978.0889268918
GDP per capita (current US$),NY.GDP.PCAP.CD,Qatar,QAT,61253.6217997091
GDP per capita (current US$),NY.GDP.PCAP.CD,Romania,ROU,9404.54005870715
GDP per capita (current US$),NY.GDP.PCAP.CD,Russian Federation,RUS,8663.158203125
GDP per capita (current US$),NY.GDP.PCAP.CD,Rwanda,RWA,729.519133812945
GDP per capita (current US$),NY.GDP.PCAP.CD,Samoa,WSM,4147.07097674888
GDP per capita (current US$),NY.GDP.PCAP.CD,San Marino,SMR,44359.4797662688
GDP per capita (current US$),NY.GDP.PCAP.CD,Sao Tome and Principe,STP,1434.87018050521
GDP per capita (current US$),NY.GDP.PCAP.CD,Saudi Arabia,SAU,22267.7217050387
GDP per capita (current US$),NY.GDP.PCAP.CD,Senegal,SEN,1266.43957151587
GDP per capita (current US$),NY.GDP.PCAP.CD,Serbia,SRB,5982.37030126471
GDP per capita (current US$),NY.GDP.PCAP.CD,Seychelles,SYC,16566.9946042294
GDP per capita (current US$),NY.GDP.PCAP.CD,Sierra Leone,SLE,844.416411175476
GDP per capita (current US$),NY.GDP.PCAP.CD,Singapore,SGP,57005.5887176547
GDP per capita (current US$),NY.GDP.PCAP.CD,Sint Maarten (Dutch part),SXM,37308.6147795736
GDP per capita (current US$),NY.GDP.PCAP.CD,Slovak Republic,SVK,16636.0769133073
GDP per capita (current US$),NY.GDP.PCAP.CD,Slovenia,SVN,21447.8377796036
GDP per capita (current US$),NY.GDP.PCAP.CD,Solomon Islands,SLB,2082.62383124213
GDP per capita (current US$),NY.GDP.PCAP.CD,"Somalia, Fed. Rep.",SOM,460.928490585175
GDP per capita (current US$),NY.GDP.PCAP.CD,South Africa,ZAF,5651.20585165749
GDP per capita (current US$),NY.GDP.PCAP.CD,South Sudan,SSD,..
GDP per capita (current US$),NY.GDP.PCAP.CD,Spain,ESP,26755.6061149398
GDP per capita (current US$),NY.GDP.PCAP.CD,Sri Lanka,LKA,4149.19190775593
GDP per capita (current US$),NY.GDP.PCAP.CD,St. Kitts and Nevis,KNA,21387.5415511103
GDP per capita (current US$),NY.GDP.PCAP.CD,St. Lucia,LCA,10638.1269396653
GDP per capita (current US$),NY.GDP.PCAP.CD,St. Martin (French part),MAF,..
GDP per capita (current US$),NY.GDP.PCAP.CD,St. Vincent and the Grenadines,VCT,7656.90042881178
GDP per capita (current US$),NY.GDP.PCAP.CD,Sudan,SDN,1033.21594238281
GDP per capita (current US$),NY.GDP.PCAP.CD,Suriname,SUR,5644.2061057532
GDP per capita (current US$),NY.GDP.PCAP.CD,Eswatini,SWZ,3238.17611961364
GDP per capita (current US$),NY.GDP.PCAP.CD,Sweden,SWE,51703.5088332851
GDP per capita (current US$),NY.GDP.PCAP.CD,Switzerland,CHE,82153.0745447889
GDP per capita (current US$),NY.GDP.PCAP.CD,Syrian Arab Republic,SYR,656.3490586313
GDP per capita (current US$),NY.GDP.PCAP.CD,Tajikistan,TJK,788.710481734485
GDP per capita (current US$),NY.GDP.PCAP.CD,Tanzania,TZA,953.0107421875
GDP per capita (current US$),NY.GDP.PCAP.CD,Thailand,THA,5833.57715617098
GDP per capita (current US$),NY.GDP.PCAP.CD,Timor-Leste,TLS,1335.54391073349
GDP per capita (current US$),NY.GDP.PCAP.CD,Togo,TGO,772.581357620609
GDP per capita (current US$),NY.GDP.PCAP.CD,Tonga,TON,3987.98626206287
GDP per capita (current US$),NY.GDP.PCAP.CD,Trinidad and Tobago,TTO,17449.1538801956
GDP per capita (current US$),NY.GDP.PCAP.CD,Tunisia,TUN,3847.80354448809
GDP per capita (current US$),NY.GDP.PCAP.CD,Turkiye,TUR,10984.3643169061
GDP per capita (current US$),NY.GDP.PCAP.CD,Turkmenistan,TKM,5686.98040962764
GDP per capita (current US$),NY.GDP.PCAP.CD,Turks and Caicos Islands,TCA,31373.5612684327
GDP per capita (current US$),NY.GDP.PCAP.CD,Tuvalu,TUV,3808.69755015909
GDP per capita (current US$),NY.GDP.PCAP.CD,Uganda,UGA,752.696571725656
GDP per capita (current US$),NY.GDP.PCAP.CD,Ukraine,UKR,2158.46118164063
GDP per capita (current US$),NY.GDP.PCAP.CD,United Arab Emirates,ARE,42721.0999383185
GDP per capita (current US$),NY.GDP.PCAP.CD,United Kingdom,GBR,41257.9085545556
GDP per capita (current US$),NY.GDP.PCAP.CD,United States,USA,57638.1018367192
GDP per capita (current US$),NY.GDP.PCAP.CD,Uruguay,URY,17009.7584207276
GDP per capita (current US$),NY.GDP.PCAP.CD,Uzbekistan,UZB,2753.37951427589
GDP per capita (current US$),NY.GDP.PCAP.CD,Vanuatu,VUT,2956.12644801489
GDP per capita (current US$),NY.GDP.PCAP.CD,"Venezuela, RB",VEN,3670.15737848208
GDP per capita (current US$),NY.GDP.PCAP.CD,Viet Nam,VNM,2735.0604380416
GDP per capita (current US$),NY.GDP.PCAP.CD,Virgin Islands (U.S.),VIR,35324.9748874586
GDP per capita (current US$),NY.GDP.PCAP.CD,West Bank and Gaza,PSE,3527.61382413178
GDP per capita (current US$),NY.GDP.PCAP.CD,"Yemen, Rep.",YEM,975.359417003225
GDP per capita (current US$),NY.GDP.PCAP.CD,Zambia,ZMB,1239.08527877713
GDP per capita (current US$),NY.GDP.PCAP.CD,Zimbabwe,ZWE,1408.13945253431
"Foreign direct investment, net (BoP, current US$)",BN.KLT.DINV.CD,Afghanistan,AFG,-79585268.7492387
"Foreign direct investment, net (BoP, current US$)",BN.KLT.DINV.CD,Albania,ALB,-1037328978.03745
"Foreign direct investment, net (BoP, current US$)",BN.KLT.DINV.CD,Algeria,DZA,-1591723072.0537
"Foreign direct investment, net (BoP, current US$)",BN.KLT.DINV.CD,American Samoa,ASM,..
"Foreign direct investment, net (BoP, current US$)",BN.KLT.DINV.CD,Andorra,AND,..
"Foreign direct investment, net (BoP, current US$)",BN.KLT.DINV.CD,Angola,AGO,452522618.92
"Foreign direct investment, net (BoP, current US$)",BN.KLT.DINV.CD,Antigua and Barbuda,ATG,-59449394.19469
"Foreign direct investment, net (BoP, current US$)",BN.KLT.DINV.CD,Argentina,ARG,-1473633407.02589
"Foreign direct investment, net (BoP, current US$)",BN.KLT.DINV.CD,Armenia,ARM,-263304563.145079
"Foreign direct investment, net (BoP, current US$)",BN.KLT.DINV.CD,Aruba,ABW,-27969592.9352081
"Foreign direct investment, net (BoP, current US$)",BN.KLT.DINV.CD,Australia,AUS,-46078869963.9714
"Foreign direct investment, net (BoP, current US$)",BN.KLT.DINV.CD,Austria,AUT,777023614.940291
"Foreign direct investment, net (BoP, current US$)",BN.KLT.DINV.CD,Azerbaijan,AZE,-1926065000
"Foreign direct investment, net (BoP, current US$)",BN.KLT.DINV.CD,"Bahamas, The",BHS,-390400036.41
"Foreign direct investment, net (BoP, current US$)",BN.KLT.DINV.CD,Bahrain,BHR,-1123404255.31914
"Foreign direct investment, net (BoP, current US$)",BN.KLT.DINV.CD,Bangladesh,BGD,-2292208318.3686
"Foreign direct investment, net (BoP, current US$)",BN.KLT.DINV.CD,Barbados,BRB,-462836986.468919
"Foreign direct investment, net (BoP, current US$)",BN.KLT.DINV.CD,Belarus,BLR,-1124000000
"Foreign direct investment, net (BoP, current US$)",BN.KLT.DINV.CD,Belgium,BEL,-22983198267.7304
"Foreign direct investment, net (BoP, current US$)",BN.KLT.DINV.CD,Belize,BLZ,-31014601.3091005
"Foreign direct investment, net (BoP, current US$)",BN.KLT.DINV.CD,Benin,BEN,-114409648.300061
"Foreign direct investment, net (BoP, current US$)",BN.KLT.DINV.CD,Bermuda,BMU,168557638.692137
"Foreign direct investment, net (BoP, current US$)",BN.KLT.DINV.CD,Bhutan,BTN,-11884162.3485119
"Foreign direct investment, net (BoP, current US$)",BN.KLT.DINV.CD,Bolivia,BOL,-246499489.903112
"Foreign direct investment, net (BoP, current US$)",BN.KLT.DINV.CD,Bosnia and Herzegovina,BIH,-309306445.243284
"Foreign direct investment, net (BoP, current US$)",BN.KLT.DINV.CD,Botswana,BWA,27171118.1530403
"Foreign direct investment, net (BoP, current US$)",BN.KLT.DINV.CD,Brazil,BRA,-59601145882.35
"Foreign direct investment, net (BoP, current US$)",BN.KLT.DINV.CD,British Virgin Islands,VGB,..
"Foreign direct investment, net (BoP, current US$)",BN.KLT.DINV.CD,Brunei Darussalam,BRN,150550827.310312
"Foreign direct investment, net (BoP, current US$)",BN.KLT.DINV.CD,Bulgaria,BGR,-661410000
"Foreign direct investment, net (BoP, current US$)",BN.KLT.DINV.CD,Burkina Faso,BFA,-340113213.369679
"Foreign direct investment, net (BoP, current US$)",BN.KLT.DINV.CD,Burundi,BDI,607822.799693013
"Foreign direct investment, net (BoP, current US$)",BN.KLT.DINV.CD,Cabo Verde,CPV,-118483738.416594
"Foreign direct investment, net (BoP, current US$)",BN.KLT.DINV.CD,Cambodia,KHM,-2396841375.10403
"Foreign direct investment, net (BoP, current US$)",BN.KLT.DINV.CD,Cameroon,CMR,-702817614.103996
"Foreign direct investment, net (BoP, current US$)",BN.KLT.DINV.CD,Canada,CAN,33404095512.7527
"Foreign direct investment, net (BoP, current US$)",BN.KLT.DINV.CD,Cayman Islands,CYM,-2725340002.86855
"Foreign direct investment, net (BoP, current US$)",BN.KLT.DINV.CD,Central African Republic,CAF,..
"Foreign direct investment, net (BoP, current US$)",BN.KLT.DINV.CD,Chad,TCD,..
"Foreign direct investment, net (BoP, current US$)",BN.KLT.DINV.CD,Channel Islands,CHI,..
"Foreign direct investment, net (BoP, current US$)",BN.KLT.DINV.CD,Chile,CHL,-3486979467.71747
"Foreign direct investment, net (BoP, current US$)",BN.KLT.DINV.CD,China,CHN,41674876169.524
"Foreign direct investment, net (BoP, current US$)",BN.KLT.DINV.CD,Colombia,COL,-9340585800.77668
"Foreign direct investment, net (BoP, current US$)",BN.KLT.DINV.CD,Comoros,COM,-3569823.72997216
"Foreign direct investment, net (BoP, current US$)",BN.KLT.DINV.CD,"Congo, Dem. Rep.",COD,-932374669.380907
"Foreign direct investment, net (BoP, current US$)",BN.KLT.DINV.CD,"Congo, Rep.",COG,1147138978.64047
"Foreign direct investment, net (BoP, current US$)",BN.KLT.DINV.CD,Costa Rica,CRI,-2127035024.21393
"Foreign direct investment, net (BoP, current US$)",BN.KLT.DINV.CD,Cote d'Ivoire,CIV,-549220091.283453
"Foreign direct investment, net (BoP, current US$)",BN.KLT.DINV.CD,Croatia,HRV,-2257913256.4739
"Foreign direct investment, net (BoP, current US$)",BN.KLT.DINV.CD,Cuba,CUB,..
"Foreign direct investment, net (BoP, current US$)",BN.KLT.DINV.CD,Curacao,CUW,-95363128.4916201
"Foreign direct investment, net (BoP, current US$)",BN.KLT.DINV.CD,Cyprus,CYP,-6342296071.48071
"Foreign direct investment, net (BoP, current US$)",BN.KLT.DINV.CD,Czechia,CZE,-7711369348.17033
"Foreign direct investment, net (BoP, current US$)",BN.KLT.DINV.CD,Denmark,DNK,10094436005.2953
"Foreign direct investment, net (BoP, current US$)",BN.KLT.DINV.CD,Djibouti,DJI,-159997974.353059
"Foreign direct investment, net (BoP, current US$)",BN.KLT.DINV.CD,Dominica,DMA,-41382233.8479629
"Foreign direct investment, net (BoP, current US$)",BN.KLT.DINV.CD,Dominican Republic,DOM,-2406700000
"Foreign direct investment, net (BoP, current US$)",BN.KLT.DINV.CD,Ecuador,ECU,-766570868.122241
"Foreign direct investment, net (BoP, current US$)",BN.KLT.DINV.CD,"Egypt, Arab Rep.",EGY,-7900200000
"Foreign direct investment, net (BoP, current US$)",BN.KLT.DINV.CD,El Salvador,SLV,-347852921.553821
"Foreign direct investment, net (BoP, current US$)",BN.KLT.DINV.CD,Equatorial Guinea,GNQ,..
"Foreign direct investment, net (BoP, current US$)",BN.KLT.DINV.CD,Eritrea,ERI,..
"Foreign direct investment, net (BoP, current US$)",BN.KLT.DINV.CD,Estonia,EST,-560003486.301707
"Foreign direct investment, net (BoP, current US$)",BN.KLT.DINV.CD,Ethiopia,ETH,-4142937496.46329
"Foreign direct investment, net (BoP, current US$)",BN.KLT.DINV.CD,Faroe Islands,FRO,..
"Foreign direct investment, net (BoP, current US$)",BN.KLT.DINV.CD,Fiji,FJI,-408052302.705633
"Foreign direct investment, net (BoP, current US$)",BN.KLT.DINV.CD,Finland,FIN,15196877456.5247
"Foreign direct investment, net (BoP, current US$)",BN.KLT.DINV.CD,France,FRA,37198001295.6237
"Foreign direct investment, net (BoP, current US$)",BN.KLT.DINV.CD,French Polynesia,PYF,-37316039.011203
"Foreign direct investment, net (BoP, current US$)",BN.KLT.DINV.CD,Gabon,GAB,..
"Foreign direct investment, net (BoP, current US$)",BN.KLT.DINV.CD,"Gambia, The",GMB,-71169846.2506449
"Foreign direct investment, net (BoP, current US$)",BN.KLT.DINV.CD,Georgia,GEO,-1246836683.39
"Foreign direct investment, net (BoP, current US$)",BN.KLT.DINV.CD,Germany,DEU,58421887790
"Foreign direct investment, net (BoP, current US$)",BN.KLT.DINV.CD,Ghana,GHA,-3470668372.75535
"Foreign direct investment, net (BoP, current US$)",BN.KLT.DINV.CD,Gibraltar,GIB,..
"Foreign direct investment, net (BoP, current US$)",BN.KLT.DINV.CD,Greece,GRC,-4461888211.51061
"Foreign direct investment, net (BoP, current US$)",BN.KLT.DINV.CD,Greenland,GRL,..
"Foreign direct investment, net (BoP, current US$)",BN.KLT.DINV.CD,Grenada,GRD,-92776088.7545044
"Foreign direct investment, net (BoP, current US$)",BN.KLT.DINV.CD,Guam,GUM,..
"Foreign direct investment, net (BoP, current US$)",BN.KLT.DINV.CD,Guatemala,GTM,-965023370
"Foreign direct investment, net (BoP, current US$)",BN.KLT.DINV.CD,Guinea,GIN,-1597343631.60883
"Foreign direct investment, net (BoP, current US$)",BN.KLT.DINV.CD,Guinea-Bissau,GNB,-23548207.5182766
"Foreign direct investment, net (BoP, current US$)",BN.KLT.DINV.CD,Guyana,GUY,-32000000
"Foreign direct investment, net (BoP, current US$)",BN.KLT.DINV.CD,Haiti,HTI,-104900000
"Foreign direct investment, net (BoP, current US$)",BN.KLT.DINV.CD,Honduras,HND,-900072751.512727
"Foreign direct investment, net (BoP, current US$)",BN.KLT.DINV.CD,"Hong Kong SAR, China",HKG,-57706925767.8982
"Foreign direct investment, net (BoP, current US$)",BN.KLT.DINV.CD,Hungary,HUN,-2797038418.77405
"Foreign direct investment, net (BoP, current US$)",BN.KLT.DINV.CD,Iceland,ISL,-743724078.173073
"Foreign direct investment, net (BoP, current US$)",BN.KLT.DINV.CD,India,IND,-39411278940.2537
"Foreign direct investment, net (BoP, current US$)",BN.KLT.DINV.CD,Indonesia,IDN,-16135916018.7025
"Foreign direct investment, net (BoP, current US$)",BN.KLT.DINV.CD,"Iran, Islamic Rep.",IRN,..
"Foreign direct investment, net (BoP, current US$)",BN.KLT.DINV.CD,Iraq,IRQ,6560200000
"Foreign direct investment, net (BoP, current US$)",BN.KLT.DINV.CD,Ireland,IRL,16477511216.6158
"Foreign direct investment, net (BoP, current US$)",BN.KLT.DINV.CD,Isle of Man,IMN,..
"Foreign direct investment, net (BoP, current US$)",BN.KLT.DINV.CD,Israel,ISR,2590400000
"Foreign direct investment, net (BoP, current US$)",BN.KLT.DINV.CD,Italy,ITA,-11998104744.4284
"Foreign direct investment, net (BoP, current US$)",BN.KLT.DINV.CD,Jamaica,JAM,-657890736.257975
"Foreign direct investment, net (BoP, current US$)",BN.KLT.DINV.CD,Japan,JPN,137656207444.102
"Foreign direct investment, net (BoP, current US$)",BN.KLT.DINV.CD,Jordan,JOR,-1549718309.85915
"Foreign direct investment, net (BoP, current US$)",BN.KLT.DINV.CD,Kazakhstan,KAZ,-13749208890.7838
"Foreign direct investment, net (BoP, current US$)",BN.KLT.DINV.CD,Kenya,KEN,-352628512.894272
"Foreign direct investment, net (BoP, current US$)",BN.KLT.DINV.CD,Kiribati,KIR,-1686369.59247115
"Foreign direct investment, net (BoP, current US$)",BN.KLT.DINV.CD,"Korea, Dem. People's Rep.",PRK,..
"Foreign direct investment, net (BoP, current US$)",BN.KLT.DINV.CD,"Korea, Rep.",KOR,17785200000
"Foreign direct investment, net (BoP, current US$)",BN.KLT.DINV.CD,Kosovo,XKX,-196726633.312125
"Foreign direct investment, net (BoP, current US$)",BN.KLT.DINV.CD,Kuwait,KWT,6110599561.98838
"Foreign direct investment, net (BoP, current US$)",BN.KLT.DINV.CD,Kyrgyz Republic,KGZ,-578968800
"Foreign direct investment, net (BoP, current US$)",BN.KLT.DINV.CD,Lao PDR,LAO,-920111853.710532
"Foreign direct investment, net (BoP, current US$)",BN.KLT.DINV.CD,Latvia,LVA,-90059355.4477344
"Foreign direct investment, net (BoP, current US$)",BN.KLT.DINV.CD,Lebanon,LBN,-1563742343.7
"Foreign direct investment, net (BoP, current US$)",BN.KLT.DINV.CD,Lesotho,LSO,-79234566.0376044
"Foreign direct investment, net (BoP, current US$)",BN.KLT.DINV.CD,Liberia,LBR,-311699760.322875
"Foreign direct investment, net (BoP, current US$)",BN.KLT.DINV.CD,Libya,LBY,439500000
"Foreign direct investment, net (BoP, current US$)",BN.KLT.DINV.CD,Liechtenstein,LIE,..
"Foreign direct investment, net (BoP, current US$)",BN.KLT.DINV.CD,Lithuania,LTU,-264618974.686367
"Foreign direct investment, net (BoP, current US$)",BN.KLT.DINV.CD,Luxembourg,LUX,-19248238632.6246
"Foreign direct investment, net (BoP, current US$)",BN.KLT.DINV.CD,"Macao SAR, China",MAC,-1933341205.92089
"Foreign direct investment, net (BoP, current US$)",BN.KLT.DINV.CD,North Macedonia,MKD,-349364660.855128
"Foreign direct investment, net (BoP, current US$)",BN.KLT.DINV.CD,Madagascar,MDG,-451114994.408963
"Foreign direct investment, net (BoP, current US$)",BN.KLT.DINV.CD,Malawi,MWI,-119915635.173725
"Foreign direct investment, net (BoP, current US$)",BN.KLT.DINV.CD,Malaysia,MYS,-3372772123.4964
"Foreign direct investment, net (BoP, current US$)",BN.KLT.DINV.CD,Maldives,MDV,-456639057.30469
"Foreign direct investment, net (BoP, current US$)",BN.KLT.DINV.CD,Mali,MLI,-259460805.115132
"Foreign direct investment, net (BoP, current US$)",BN.KLT.DINV.CD,Malta,MLT,-9410911823.22087
"Foreign direct investment, net (BoP, current US$)",BN.KLT.DINV.CD,Marshall Islands,MHL,3055847.4488757
"Foreign direct investment, net (BoP, current US$)",BN.KLT.DINV.CD,Mauritania,MRT,-271134844.997291
"Foreign direct investment, net (BoP, current US$)",BN.KLT.DINV.CD,Mauritius,MUS,-8085686655.85394
"Foreign direct investment, net (BoP, current US$)",BN.KLT.DINV.CD,Mexico,MEX,-31029870740
"Foreign direct investment, net (BoP, current US$)",BN.KLT.DINV.CD,"Micronesia, Fed. Sts.",FSM,..
"Foreign direct investment, net (BoP, current US$)",BN.KLT.DINV.CD,Moldova,MDA,-74110000
"Foreign direct investment, net (BoP, current US$)",BN.KLT.DINV.CD,Monaco,MCO,..
"Foreign direct investment, net (BoP, current US$)",BN.KLT.DINV.CD,Mongolia,MNG,4170877673.22967
"Foreign direct investment, net (BoP, current US$)",BN.KLT.DINV.CD,Montenegro,MNE,-411575993.60909
"Foreign direct investment, net (BoP, current US$)",BN.KLT.DINV.CD,Morocco,MAR,-1574253170.02358
"Foreign direct investment, net (BoP, current US$)",BN.KLT.DINV.CD,Mozambique,MOZ,-3093429233.066
"Foreign direct investment, net (BoP, current US$)",BN.KLT.DINV.CD,Myanmar,MMR,-3278096409.87385
"Foreign direct investment, net (BoP, current US$)",BN.KLT.DINV.CD,Namibia,NAM,-115264590.334455
"Foreign direct investment, net (BoP, current US$)",BN.KLT.DINV.CD,Nauru,NRU,4926929.04254842
"Foreign direct investment, net (BoP, current US$)",BN.KLT.DINV.CD,Nepal,NPL,-105996375.590658
"Foreign direct investment, net (BoP, current US$)",BN.KLT.DINV.CD,Netherlands,NLD,110795464137.632
"Foreign direct investment, net (BoP, current US$)",BN.KLT.DINV.CD,New Caledonia,NCL,-702858374.056694
"Foreign direct investment, net (BoP, current US$)",BN.KLT.DINV.CD,New Zealand,NZL,-2772739977.47833
"Foreign direct investment, net (BoP, current US$)",BN.KLT.DINV.CD,Nicaragua,NIC,-923800000
"Foreign direct investment, net (BoP, current US$)",BN.KLT.DINV.CD,Niger,NER,-261120239.273371
"Foreign direct investment, net (BoP, current US$)",BN.KLT.DINV.CD,Nigeria,NGA,-3117793413.78813
"Foreign direct investment, net (BoP, current US$)",BN.KLT.DINV.CD,Northern Mariana Islands,MNP,..
"Foreign direct investment, net (BoP, current US$)",BN.KLT.DINV.CD,Norway,NOR,24929905386.601
"Foreign direct investment, net (BoP, current US$)",BN.KLT.DINV.CD,Oman,OMN,-1909475942.78283
"Foreign direct investment, net (BoP, current US$)",BN.KLT.DINV.CD,Pakistan,PAK,-2524000000
"Foreign direct investment, net (BoP, current US$)",BN.KLT.DINV.CD,Palau,PLW,-64657000
"Foreign direct investment, net (BoP, current US$)",BN.KLT.DINV.CD,Panama,PAN,-4557227234.94
"Foreign direct investment, net (BoP, current US$)",BN.KLT.DINV.CD,Papua New Guinea,PNG,331415711.579501
"Foreign direct investment, net (BoP, current US$)",BN.KLT.DINV.CD,Paraguay,PRY,-379083110.011983
"Foreign direct investment, net (BoP, current US$)",BN.KLT.DINV.CD,Peru,PER,-5279006930.05829
"Foreign direct investment, net (BoP, current US$)",BN.KLT.DINV.CD,Philippines,PHL,-5882813656.58401
"Foreign direct investment, net (BoP, current US$)",BN.KLT.DINV.CD,Poland,POL,-4059000000
"Foreign direct investment, net (BoP, current US$)",BN.KLT.DINV.CD,Portugal,PRT,-3644765859.78131
"Foreign direct investment, net (BoP, current US$)",BN.KLT.DINV.CD,Puerto Rico (US),PRI,..
"Foreign direct investment, net (BoP, current US$)",BN.KLT.DINV.CD,Qatar,QAT,7128021978.02197
"Foreign direct investment, net (BoP, current US$)",BN.KLT.DINV.CD,Romania,ROU,-4996271644.2778
"Foreign direct investment, net (BoP, current US$)",BN.KLT.DINV.CD,Russian Federation,RUS,-10224570000
"Foreign direct investment, net (BoP, current US$)",BN.KLT.DINV.CD,Rwanda,RWA,-231990763.944008
"Foreign direct investment, net (BoP, current US$)",BN.KLT.DINV.CD,Samoa,WSM,12841696.3902604
"Foreign direct investment, net (BoP, current US$)",BN.KLT.DINV.CD,San Marino,SMR,..
"Foreign direct investment, net (BoP, current US$)",BN.KLT.DINV.CD,Sao Tome and Principe,STP,-22324985.9856617
"Foreign direct investment, net (BoP, current US$)",BN.KLT.DINV.CD,Saudi Arabia,SAU,-12692875423.2893
"Foreign direct investment, net (BoP, current US$)",BN.KLT.DINV.CD,Senegal,SEN,-248547256.819924
"Foreign direct investment, net (BoP, current US$)",BN.KLT.DINV.CD,Serbia,SRB,-2102831263.07542
"Foreign direct investment, net (BoP, current US$)",BN.KLT.DINV.CD,Seychelles,SYC,-176199080.623455
"Foreign direct investment, net (BoP, current US$)",BN.KLT.DINV.CD,Sierra Leone,SLE,-138517339.824904
"Foreign direct investment, net (BoP, current US$)",BN.KLT.DINV.CD,Singapore,SGP,-25255033720.4489
"Foreign direct investment, net (BoP, current US$)",BN.KLT.DINV.CD,Sint Maarten (Dutch part),SXM,-39268156.424581
"Foreign direct investment, net (BoP, current US$)",BN.KLT.DINV.CD,Slovak Republic,SVK,-695453382.113163
"Foreign direct investment, net (BoP, current US$)",BN.KLT.DINV.CD,Slovenia,SVN,-968692741.564618
"Foreign direct investment, net (BoP, current US$)",BN.KLT.DINV.CD,Solomon Islands,SLB,-35978190.5781786
"Foreign direct investment, net (BoP, current US$)",BN.KLT.DINV.CD,"Somalia, Fed. Rep.",SOM,..
"Foreign direct investment, net (BoP, current US$)",BN.KLT.DINV.CD,South Africa,ZAF,2275171115.05217
"Foreign direct investment, net (BoP, current US$)",BN.KLT.DINV.CD,South Sudan,SSD,5880000
"Foreign direct investment, net (BoP, current US$)",BN.KLT.DINV.CD,Spain,ESP,15417358755.6325
"Foreign direct investment, net (BoP, current US$)",BN.KLT.DINV.CD,Sri Lanka,LKA,-660241239.082831
"Foreign direct investment, net (BoP, current US$)",BN.KLT.DINV.CD,St. Kitts and Nevis,KNA,-124446943.703703
"Foreign direct investment, net (BoP, current US$)",BN.KLT.DINV.CD,St. Lucia,LCA,-149201221.240473
"Foreign direct investment, net (BoP, current US$)",BN.KLT.DINV.CD,St. Martin (French part),MAF,..
"Foreign direct investment, net (BoP, current US$)",BN.KLT.DINV.CD,St. Vincent and the Grenadines,VCT,-79064646.8084229
"Foreign direct investment, net (BoP, current US$)",BN.KLT.DINV.CD,Sudan,SDN,-1063767535.33587
"Foreign direct investment, net (BoP, current US$)",BN.KLT.DINV.CD,Suriname,SUR,-299987139.653765
"Foreign direct investment, net (BoP, current US$)",BN.KLT.DINV.CD,Eswatini,SWZ,-34160178.0287148
"Foreign direct investment, net (BoP, current US$)",BN.KLT.DINV.CD,Sweden,SWE,-15487787967.7103
"Foreign direct investment, net (BoP, current US$)",BN.KLT.DINV.CD,Switzerland,CHE,13350272572.9875
"Foreign direct investment, net (BoP, current US$)",BN.KLT.DINV.CD,Syrian Arab Republic,SYR,..
"Foreign direct investment, net (BoP, current US$)",BN.KLT.DINV.CD,Tajikistan,TJK,-206522955.39903
"Foreign direct investment, net (BoP, current US$)",BN.KLT.DINV.CD,Tanzania,TZA,-864040000
"Foreign direct investment, net (BoP, current US$)",BN.KLT.DINV.CD,Thailand,THA,9906454564.7239
"Foreign direct investment, net (BoP, current US$)",BN.KLT.DINV.CD,Timor-Leste,TLS,7188000
"Foreign direct investment, net (BoP, current US$)",BN.KLT.DINV.CD,Togo,TGO,303274601.811713
"Foreign direct investment, net (BoP, current US$)",BN.KLT.DINV.CD,Tonga,TON,-16616625.7765658
"Foreign direct investment, net (BoP, current US$)",BN.KLT.DINV.CD,Trinidad and Tobago,TTO,-1741016.32308939
"Foreign direct investment, net (BoP, current US$)",BN.KLT.DINV.CD,Tunisia,TUN,-622569482.161978
"Foreign direct investment, net (BoP, current US$)",BN.KLT.DINV.CD,Turkiye,TUR,-10697000000
"Foreign direct investment, net (BoP, current US$)",BN.KLT.DINV.CD,Turkmenistan,TKM,..
"Foreign direct investment, net (BoP, current US$)",BN.KLT.DINV.CD,Turks and Caicos Islands,TCA,-18048000
"Foreign direct investment, net (BoP, current US$)",BN.KLT.DINV.CD,Tuvalu,TUV,0
"Foreign direct investment, net (BoP, current US$)",BN.KLT.DINV.CD,Uganda,UGA,-625558964.16212
"Foreign direct investment, net (BoP, current US$)",BN.KLT.DINV.CD,Ukraine,UKR,-3955000000
"Foreign direct investment, net (BoP, current US$)",BN.KLT.DINV.CD,United Arab Emirates,ARE,..
"Foreign direct investment, net (BoP, current US$)",BN.KLT.DINV.CD,United Kingdom,GBR,-291904952184.512
"Foreign direct investment, net (BoP, current US$)",BN.KLT.DINV.CD,United States,USA,-174573000000
"Foreign direct investment, net (BoP, current US$)",BN.KLT.DINV.CD,Uruguay,URY,1823407171.07988
"Foreign direct investment, net (BoP, current US$)",BN.KLT.DINV.CD,Uzbekistan,UZB,-1657069191.40485
"Foreign direct investment, net (BoP, current US$)",BN.KLT.DINV.CD,Vanuatu,VUT,-42884853.1165622
"Foreign direct investment, net (BoP, current US$)",BN.KLT.DINV.CD,"Venezuela, RB",VEN,-27000000
"Foreign direct investment, net (BoP, current US$)",BN.KLT.DINV.CD,Viet Nam,VNM,-11600000000
"Foreign direct investment, net (BoP, current US$)",BN.KLT.DINV.CD,Virgin Islands (U.S.),VIR,..
"Foreign direct investment, net (BoP, current US$)",BN.KLT.DINV.CD,West Bank and Gaza,PSE,-341458101.286623
"Foreign direct investment, net (BoP, current US$)",BN.KLT.DINV.CD,"Yemen, Rep.",YEM,..
"Foreign direct investment, net (BoP, current US$)",BN.KLT.DINV.CD,Zambia,ZMB,-486094167.875033
"Foreign direct investment, net (BoP, current US$)",BN.KLT.DINV.CD,Zimbabwe,ZWE,-343013813.38
"Inflation, consumer prices (annual %)",FP.CPI.TOTL.ZG,Afghanistan,AFG,4.38389195513915
"Inflation, consumer prices (annual %)",FP.CPI.TOTL.ZG,Albania,ALB,1.27543168367423
"Inflation, consumer prices (annual %)",FP.CPI.TOTL.ZG,Algeria,DZA,6.39769480268757
"Inflation, consumer prices (annual %)",FP.CPI.TOTL.ZG,American Samoa,ASM,..
"Inflation, consumer prices (annual %)",FP.CPI.TOTL.ZG,Andorra,AND,..
"Inflation, consumer prices (annual %)",FP.CPI.TOTL.ZG,Angola,AGO,30.6944150806719
"Inflation, consumer prices (annual %)",FP.CPI.TOTL.ZG,Antigua and Barbuda,ATG,-0.489437796230499
"Inflation, consumer prices (annual %)",FP.CPI.TOTL.ZG,Argentina,ARG,..
"Inflation, consumer prices (annual %)",FP.CPI.TOTL.ZG,Armenia,ARM,-1.403607559009
"Inflation, consumer prices (annual %)",FP.CPI.TOTL.ZG,Aruba,ABW,-0.931195987079561
"Inflation, consumer prices (annual %)",FP.CPI.TOTL.ZG,Australia,AUS,1.27699094497324
"Inflation, consumer prices (annual %)",FP.CPI.TOTL.ZG,Austria,AUT,0.891591752655362
"Inflation, consumer prices (annual %)",FP.CPI.TOTL.ZG,Azerbaijan,AZE,12.4433748584372
"Inflation, consumer prices (annual %)",FP.CPI.TOTL.ZG,"Bahamas, The",BHS,-0.346376929989397
"Inflation, consumer prices (annual %)",FP.CPI.TOTL.ZG,Bahrain,BHR,2.78679347602044
"Inflation, consumer prices (annual %)",FP.CPI.TOTL.ZG,Bangladesh,BGD,5.51352572692995
"Inflation, consumer prices (annual %)",FP.CPI.TOTL.ZG,Barbados,BRB,1.28192813061895
"Inflation, consumer prices (annual %)",FP.CPI.TOTL.ZG,Belarus,BLR,11.8365807653496
"Inflation, consumer prices (annual %)",FP.CPI.TOTL.ZG,Belgium,BEL,1.97385264653181
"Inflation, consumer prices (annual %)",FP.CPI.TOTL.ZG,Belize,BLZ,0.663427167917601
"Inflation, consumer prices (annual %)",FP.CPI.TOTL.ZG,Benin,BEN,-0.793310145785624
"Inflation, consumer prices (annual %)",FP.CPI.TOTL.ZG,Bermuda,BMU,..
"Inflation, consumer prices (annual %)",FP.CPI.TOTL.ZG,Bhutan,BTN,3.21988689395718
"Inflation, consumer prices (annual %)",FP.CPI.TOTL.ZG,Bolivia,BOL,3.62321431764138
"Inflation, consumer prices (annual %)",FP.CPI.TOTL.ZG,Bosnia and Herzegovina,BIH,-1.58410000000002
"Inflation, consumer prices (annual %)",FP.CPI.TOTL.ZG,Botswana,BWA,2.81495791361944
"Inflation, consumer prices (annual %)",FP.CPI.TOTL.ZG,Brazil,BRA,8.73914352329393
"Inflation, consumer prices (annual %)",FP.CPI.TOTL.ZG,British Virgin Islands,VGB,..
"Inflation, consumer prices (annual %)",FP.CPI.TOTL.ZG,Brunei Darussalam,BRN,-0.278693265753083
"Inflation, consumer prices (annual %)",FP.CPI.TOTL.ZG,Bulgaria,BGR,-0.79864988645371
"Inflation, consumer prices (annual %)",FP.CPI.TOTL.ZG,Burkina Faso,BFA,0.441041448058809
"Inflation, consumer prices (annual %)",FP.CPI.TOTL.ZG,Burundi,BDI,5.55768961400965
"Inflation, consumer prices (annual %)",FP.CPI.TOTL.ZG,Cabo Verde,CPV,-1.40781637091706
"Inflation, consumer prices (annual %)",FP.CPI.TOTL.ZG,Cambodia,KHM,3.01913975139128
"Inflation, consumer prices (annual %)",FP.CPI.TOTL.ZG,Cameroon,CMR,0.874190383288856
"Inflation, consumer prices (annual %)",FP.CPI.TOTL.ZG,Canada,CAN,1.42875954701085
"Inflation, consumer prices (annual %)",FP.CPI.TOTL.ZG,Cayman Islands,CYM,-0.62525835861814
"Inflation, consumer prices (annual %)",FP.CPI.TOTL.ZG,Central African Republic,CAF,4.94543276106518
"Inflation, consumer prices (annual %)",FP.CPI.TOTL.ZG,Chad,TCD,-0.792440525236102
"Inflation, consumer prices (annual %)",FP.CPI.TOTL.ZG,Channel Islands,CHI,..
"Inflation, consumer prices (annual %)",FP.CPI.TOTL.ZG,Chile,CHL,3.78619355893118
"Inflation, consumer prices (annual %)",FP.CPI.TOTL.ZG,China,CHN,2.00000182191943
"Inflation, consumer prices (annual %)",FP.CPI.TOTL.ZG,Colombia,COL,7.51346024627675
"Inflation, consumer prices (annual %)",FP.CPI.TOTL.ZG,Comoros,COM,0.797517430888487
"Inflation, consumer prices (annual %)",FP.CPI.TOTL.ZG,"Congo, Dem. Rep.",COD,2.88585107289988
"Inflation, consumer prices (annual %)",FP.CPI.TOTL.ZG,"Congo, Rep.",COG,3.19056179723773
"Inflation, consumer prices (annual %)",FP.CPI.TOTL.ZG,Costa Rica,CRI,-0.0174788505908217
"Inflation, consumer prices (annual %)",FP.CPI.TOTL.ZG,Cote d'Ivoire,CIV,0.723178457513308
"Inflation, consumer prices (annual %)",FP.CPI.TOTL.ZG,Croatia,HRV,-1.12500000000002
"Inflation, consumer prices (annual %)",FP.CPI.TOTL.ZG,Cuba,CUB,..
"Inflation, consumer prices (annual %)",FP.CPI.TOTL.ZG,Curacao,CUW,-0.0472079848940293
"Inflation, consumer prices (annual %)",FP.CPI.TOTL.ZG,Cyprus,CYP,-1.42916666666665
"Inflation, consumer prices (annual %)",FP.CPI.TOTL.ZG,Czechia,CZE,0.683504209385703
"Inflation, consumer prices (annual %)",FP.CPI.TOTL.ZG,Denmark,DNK,0.250000000000031
"Inflation, consumer prices (annual %)",FP.CPI.TOTL.ZG,Djibouti,DJI,2.73841208738755
"Inflation, consumer prices (annual %)",FP.CPI.TOTL.ZG,Dominica,DMA,0.141816225732312
"Inflation, consumer prices (annual %)",FP.CPI.TOTL.ZG,Dominican Republic,DOM,1.61416607245223
"Inflation, consumer prices (annual %)",FP.CPI.TOTL.ZG,Ecuador,ECU,1.72826463324533
"Inflation, consumer prices (annual %)",FP.CPI.TOTL.ZG,"Egypt, Arab Rep.",EGY,13.813606214829
"Inflation, consumer prices (annual %)",FP.CPI.TOTL.ZG,El Salvador,SLV,0.60404908699661
"Inflation, consumer prices (annual %)",FP.CPI.TOTL.ZG,Equatorial Guinea,GNQ,1.41193915479015
"Inflation, consumer prices (annual %)",FP.CPI.TOTL.ZG,Eritrea,ERI,..
"Inflation, consumer prices (annual %)",FP.CPI.TOTL.ZG,Estonia,EST,0.148684907627373
"Inflation, consumer prices (annual %)",FP.CPI.TOTL.ZG,Ethiopia,ETH,6.62813337230924
"Inflation, consumer prices (annual %)",FP.CPI.TOTL.ZG,Faroe Islands,FRO,..
"Inflation, consumer prices (annual %)",FP.CPI.TOTL.ZG,Fiji,FJI,3.86322538221269
"Inflation, consumer prices (annual %)",FP.CPI.TOTL.ZG,Finland,FIN,0.356684500891695
"Inflation, consumer prices (annual %)",FP.CPI.TOTL.ZG,France,FRA,0.18333486112386
"Inflation, consumer prices (annual %)",FP.CPI.TOTL.ZG,French Polynesia,PYF,..
"Inflation, consumer prices (annual %)",FP.CPI.TOTL.ZG,Gabon,GAB,2.10670712784054
"Inflation, consumer prices (annual %)",FP.CPI.TOTL.ZG,"Gambia, The",GMB,7.22879272057922
"Inflation, consumer prices (annual %)",FP.CPI.TOTL.ZG,Georgia,GEO,2.13492713939121
"Inflation, consumer prices (annual %)",FP.CPI.TOTL.ZG,Germany,DEU,0.491747008445174
"Inflation, consumer prices (annual %)",FP.CPI.TOTL.ZG,Ghana,GHA,17.4546347070868
"Inflation, consumer prices (annual %)",FP.CPI.TOTL.ZG,Gibraltar,GIB,..
"Inflation, consumer prices (annual %)",FP.CPI.TOTL.ZG,Greece,GRC,-0.825653978390973
"Inflation, consumer prices (annual %)",FP.CPI.TOTL.ZG,Greenland,GRL,..
"Inflation, consumer prices (annual %)",FP.CPI.TOTL.ZG,Grenada,GRD,1.65038994431573
"Inflation, consumer prices (annual %)",FP.CPI.TOTL.ZG,Guam,GUM,..
"Inflation, consumer prices (annual %)",FP.CPI.TOTL.ZG,Guatemala,GTM,4.44844199942827
"Inflation, consumer prices (annual %)",FP.CPI.TOTL.ZG,Guinea,GIN,8.17268112275132
"Inflation, consumer prices (annual %)",FP.CPI.TOTL.ZG,Guinea-Bissau,GNB,1.50312055861088
"Inflation, consumer prices (annual %)",FP.CPI.TOTL.ZG,Guyana,GUY,0.836008061506207
"Inflation, consumer prices (annual %)",FP.CPI.TOTL.ZG,Haiti,HTI,11.5029073942666
"Inflation, consumer prices (annual %)",FP.CPI.TOTL.ZG,Honduras,HND,2.72461223295289
"Inflation, consumer prices (annual %)",FP.CPI.TOTL.ZG,"Hong Kong SAR, China",HKG,2.40930743862224
"Inflation, consumer prices (annual %)",FP.CPI.TOTL.ZG,Hungary,HUN,0.394769306686392
"Inflation, consumer prices (annual %)",FP.CPI.TOTL.ZG,Iceland,ISL,1.69692761997751
"Inflation, consumer prices (annual %)",FP.CPI.TOTL.ZG,India,IND,4.94821634062141
"Inflation, consumer prices (annual %)",FP.CPI.TOTL.ZG,Indonesia,IDN,3.52580452815451
"Inflation, consumer prices (annual %)",FP.CPI.TOTL.ZG,"Iran, Islamic Rep.",IRN,7.24542548952979
"Inflation, consumer prices (annual %)",FP.CPI.TOTL.ZG,Iraq,IRQ,0.556521397155511
"Inflation, consumer prices (annual %)",FP.CPI.TOTL.ZG,Ireland,IRL,0.0201247735963237
"Inflation, consumer prices (annual %)",FP.CPI.TOTL.ZG,Isle of Man,IMN,..
"Inflation, consumer prices (annual %)",FP.CPI.TOTL.ZG,Israel,ISR,-0.535168195718695
"Inflation, consumer prices (annual %)",FP.CPI.TOTL.ZG,Italy,ITA,-0.09401665691575
"Inflation, consumer prices (annual %)",FP.CPI.TOTL.ZG,Jamaica,JAM,2.35102197485846
"Inflation, consumer prices (annual %)",FP.CPI.TOTL.ZG,Japan,JPN,-0.127258844489754
"Inflation, consumer prices (annual %)",FP.CPI.TOTL.ZG,Jordan,JOR,-0.778430463054142
"Inflation, consumer prices (annual %)",FP.CPI.TOTL.ZG,Kazakhstan,KAZ,14.3610942386248
"Inflation, consumer prices (annual %)",FP.CPI.TOTL.ZG,Kenya,KEN,6.29724953814625
"Inflation, consumer prices (annual %)",FP.CPI.TOTL.ZG,Kiribati,KIR,1.91731090233378
"Inflation, consumer prices (annual %)",FP.CPI.TOTL.ZG,"Korea, Dem. People's Rep.",PRK,..
"Inflation, consumer prices (annual %)",FP.CPI.TOTL.ZG,"Korea, Rep.",KOR,0.971685739912168
"Inflation, consumer prices (annual %)",FP.CPI.TOTL.ZG,Kosovo,XKX,0.273169431045468
"Inflation, consumer prices (annual %)",FP.CPI.TOTL.ZG,Kuwait,KWT,3.19839776658374
"Inflation, consumer prices (annual %)",FP.CPI.TOTL.ZG,Kyrgyz Republic,KGZ,0.388838296895799
"Inflation, consumer prices (annual %)",FP.CPI.TOTL.ZG,Lao PDR,LAO,1.59691227583204
"Inflation, consumer prices (annual %)",FP.CPI.TOTL.ZG,Latvia,LVA,0.140633334505327
"Inflation, consumer prices (annual %)",FP.CPI.TOTL.ZG,Lebanon,LBN,-0.783359624361508
"Inflation, consumer prices (annual %)",FP.CPI.TOTL.ZG,Lesotho,LSO,6.59650490696543
"Inflation, consumer prices (annual %)",FP.CPI.TOTL.ZG,Liberia,LBR,8.83424868336488
"Inflation, consumer prices (annual %)",FP.CPI.TOTL.ZG,Libya,LBY,25.8538742124461
"Inflation, consumer prices (annual %)",FP.CPI.TOTL.ZG,Liechtenstein,LIE,..
"Inflation, consumer prices (annual %)",FP.CPI.TOTL.ZG,Lithuania,LTU,0.905525075460342
"Inflation, consumer prices (annual %)",FP.CPI.TOTL.ZG,Luxembourg,LUX,0.290833333333317
"Inflation, consumer prices (annual %)",FP.CPI.TOTL.ZG,"Macao SAR, China",MAC,2.36895749705898
"Inflation, consumer prices (annual %)",FP.CPI.TOTL.ZG,North Macedonia,MKD,-0.23929078768441
"Inflation, consumer prices (annual %)",FP.CPI.TOTL.ZG,Madagascar,MDG,6.03575858154679
"Inflation, consumer prices (annual %)",FP.CPI.TOTL.ZG,Malawi,MWI,21.7111132136499
"Inflation, consumer prices (annual %)",FP.CPI.TOTL.ZG,Malaysia,MYS,2.09056659525742
"Inflation, consumer prices (annual %)",FP.CPI.TOTL.ZG,Maldives,MDV,0.502509413611612
"Inflation, consumer prices (annual %)",FP.CPI.TOTL.ZG,Mali,MLI,-1.79964707083386
"Inflation, consumer prices (annual %)",FP.CPI.TOTL.ZG,Malta,MLT,0.642702771527304
"Inflation, consumer prices (annual %)",FP.CPI.TOTL.ZG,Marshall Islands,MHL,..
"Inflation, consumer prices (annual %)",FP.CPI.TOTL.ZG,Mauritania,MRT,1.47171045650004
"Inflation, consumer prices (annual %)",FP.CPI.TOTL.ZG,Mauritius,MUS,0.977675134718965
"Inflation, consumer prices (annual %)",FP.CPI.TOTL.ZG,Mexico,MEX,2.8217078474766
"Inflation, consumer prices (annual %)",FP.CPI.TOTL.ZG,"Micronesia, Fed. Sts.",FSM,-1.03746806405349
"Inflation, consumer prices (annual %)",FP.CPI.TOTL.ZG,Moldova,MDA,6.35930898037931
"Inflation, consumer prices (annual %)",FP.CPI.TOTL.ZG,Monaco,MCO,..
"Inflation, consumer prices (annual %)",FP.CPI.TOTL.ZG,Mongolia,MNG,0.733272227314397
"Inflation, consumer prices (annual %)",FP.CPI.TOTL.ZG,Montenegro,MNE,-0.271385023385176
"Inflation, consumer prices (annual %)",FP.CPI.TOTL.ZG,Morocco,MAR,1.63531114327064
"Inflation, consumer prices (annual %)",FP.CPI.TOTL.ZG,Mozambique,MOZ,17.4180418197597
"Inflation, consumer prices (annual %)",FP.CPI.TOTL.ZG,Myanmar,MMR,6.92882525816076
"Inflation, consumer prices (annual %)",FP.CPI.TOTL.ZG,Namibia,NAM,6.72858234593338
"Inflation, consumer prices (annual %)",FP.CPI.TOTL.ZG,Nauru,NRU,..
"Inflation, consumer prices (annual %)",FP.CPI.TOTL.ZG,Nepal,NPL,8.7903433200464
"Inflation, consumer prices (annual %)",FP.CPI.TOTL.ZG,Netherlands,NLD,0.316666666666743
"Inflation, consumer prices (annual %)",FP.CPI.TOTL.ZG,New Caledonia,NCL,0.578317435520754
"Inflation, consumer prices (annual %)",FP.CPI.TOTL.ZG,New Zealand,NZL,0.646240284454524
"Inflation, consumer prices (annual %)",FP.CPI.TOTL.ZG,Nicaragua,NIC,3.52317317628473
"Inflation, consumer prices (annual %)",FP.CPI.TOTL.ZG,Niger,NER,1.65388922387806
"Inflation, consumer prices (annual %)",FP.CPI.TOTL.ZG,Nigeria,NGA,15.6968126387972
"Inflation, consumer prices (annual %)",FP.CPI.TOTL.ZG,Northern Mariana Islands,MNP,..
"Inflation, consumer prices (annual %)",FP.CPI.TOTL.ZG,Norway,NOR,3.54999999999998
"Inflation, consumer prices (annual %)",FP.CPI.TOTL.ZG,Oman,OMN,1.10920805807027
"Inflation, consumer prices (annual %)",FP.CPI.TOTL.ZG,Pakistan,PAK,3.7651191635658
"Inflation, consumer prices (annual %)",FP.CPI.TOTL.ZG,Palau,PLW,-1.04230533415074
"Inflation, consumer prices (annual %)",FP.CPI.TOTL.ZG,Panama,PAN,0.739734025300033
"Inflation, consumer prices (annual %)",FP.CPI.TOTL.ZG,Papua New Guinea,PNG,6.6737288135593
"Inflation, consumer prices (annual %)",FP.CPI.TOTL.ZG,Paraguay,PRY,4.08682280577241
"Inflation, consumer prices (annual %)",FP.CPI.TOTL.ZG,Peru,PER,3.55717663556279
"Inflation, consumer prices (annual %)",FP.CPI.TOTL.ZG,Philippines,PHL,1.25369880080982
"Inflation, consumer prices (annual %)",FP.CPI.TOTL.ZG,Poland,POL,-0.664767331433961
"Inflation, consumer prices (annual %)",FP.CPI.TOTL.ZG,Portugal,PRT,0.607397074641719
"Inflation, consumer prices (annual %)",FP.CPI.TOTL.ZG,Puerto Rico (US),PRI,..
"Inflation, consumer prices (annual %)",FP.CPI.TOTL.ZG,Qatar,QAT,2.6765917009819
"Inflation, consumer prices (annual %)",FP.CPI.TOTL.ZG,Romania,ROU,-1.54479666813897
"Inflation, consumer prices (annual %)",FP.CPI.TOTL.ZG,Russian Federation,RUS,7.04243725413707
"Inflation, consumer prices (annual %)",FP.CPI.TOTL.ZG,Rwanda,RWA,7.17434301982009
"Inflation, consumer prices (annual %)",FP.CPI.TOTL.ZG,Samoa,WSM,1.30471869303179
"Inflation, consumer prices (annual %)",FP.CPI.TOTL.ZG,San Marino,SMR,0.644075340346552
"Inflation, consumer prices (annual %)",FP.CPI.TOTL.ZG,Sao Tome and Principe,STP,5.43051966119156
"Inflation, consumer prices (annual %)",FP.CPI.TOTL.ZG,Saudi Arabia,SAU,2.05347076823965
"Inflation, consumer prices (annual %)",FP.CPI.TOTL.ZG,Senegal,SEN,0.837284942557434
"Inflation, consumer prices (annual %)",FP.CPI.TOTL.ZG,Serbia,SRB,1.12231397417769
"Inflation, consumer prices (annual %)",FP.CPI.TOTL.ZG,Seychelles,SYC,-1.01548191697626
"Inflation, consumer prices (annual %)",FP.CPI.TOTL.ZG,Sierra Leone,SLE,10.8860609413903
"Inflation, consumer prices (annual %)",FP.CPI.TOTL.ZG,Singapore,SGP,-0.529809760375464
"Inflation, consumer prices (annual %)",FP.CPI.TOTL.ZG,Sint Maarten (Dutch part),SXM,0.111682655737579
"Inflation, consumer prices (annual %)",FP.CPI.TOTL.ZG,Slovak Republic,SVK,-0.520010196278266
"Inflation, consumer prices (annual %)",FP.CPI.TOTL.ZG,Slovenia,SVN,-0.054999541670474
"Inflation, consumer prices (annual %)",FP.CPI.TOTL.ZG,Solomon Islands,SLB,0.512485626268792
"Inflation, consumer prices (annual %)",FP.CPI.TOTL.ZG,"Somalia, Fed. Rep.",SOM,..
"Inflation, consumer prices (annual %)",FP.CPI.TOTL.ZG,South Africa,ZAF,6.60290842394872
"Inflation, consumer prices (annual %)",FP.CPI.TOTL.ZG,South Sudan,SSD,379.999585624026
"Inflation, consumer prices (annual %)",FP.CPI.TOTL.ZG,Spain,ESP,-0.202598000426452
"Inflation, consumer prices (annual %)",FP.CPI.TOTL.ZG,Sri Lanka,LKA,3.9588884659307
"Inflation, consumer prices (annual %)",FP.CPI.TOTL.ZG,St. Kitts and Nevis,KNA,-0.687037123294039
"Inflation, consumer prices (annual %)",FP.CPI.TOTL.ZG,St. Lucia,LCA,-3.07821765676927
"Inflation, consumer prices (annual %)",FP.CPI.TOTL.ZG,St. Martin (French part),MAF,..
"Inflation, consumer prices (annual %)",FP.CPI.TOTL.ZG,St. Vincent and the Grenadines,VCT,-0.149641647633284
"Inflation, consumer prices (annual %)",FP.CPI.TOTL.ZG,Sudan,SDN,17.750253831196
"Inflation, consumer prices (annual %)",FP.CPI.TOTL.ZG,Suriname,SUR,55.4123879763196
"Inflation, consumer prices (annual %)",FP.CPI.TOTL.ZG,Eswatini,SWZ,7.8472745908568
"Inflation, consumer prices (annual %)",FP.CPI.TOTL.ZG,Sweden,SWE,0.984269244577992
"Inflation, consumer prices (annual %)",FP.CPI.TOTL.ZG,Switzerland,CHE,-0.434618664285835
"Inflation, consumer prices (annual %)",FP.CPI.TOTL.ZG,Syrian Arab Republic,SYR,47.7051615298923
"Inflation, consumer prices (annual %)",FP.CPI.TOTL.ZG,Tajikistan,TJK,6.00458082322139
"Inflation, consumer prices (annual %)",FP.CPI.TOTL.ZG,Tanzania,TZA,5.17476629301493
"Inflation, consumer prices (annual %)",FP.CPI.TOTL.ZG,Thailand,THA,0.188149704448143
"Inflation, consumer prices (annual %)",FP.CPI.TOTL.ZG,Timor-Leste,TLS,-1.33853876185163
"Inflation, consumer prices (annual %)",FP.CPI.TOTL.ZG,Togo,TGO,1.28544847051417
"Inflation, consumer prices (annual %)",FP.CPI.TOTL.ZG,Tonga,TON,2.57815515245072
"Inflation, consumer prices (annual %)",FP.CPI.TOTL.ZG,Trinidad and Tobago,TTO,3.07066742464024
"Inflation, consumer prices (annual %)",FP.CPI.TOTL.ZG,Tunisia,TUN,3.62939937384381
"Inflation, consumer prices (annual %)",FP.CPI.TOTL.ZG,Turkiye,TUR,7.7751341532833
"Inflation, consumer prices (annual %)",FP.CPI.TOTL.ZG,Turkmenistan,TKM,..
"Inflation, consumer prices (annual %)",FP.CPI.TOTL.ZG,Turks and Caicos Islands,TCA,..
"Inflation, consumer prices (annual %)",FP.CPI.TOTL.ZG,Tuvalu,TUV,..
"Inflation, consumer prices (annual %)",FP.CPI.TOTL.ZG,Uganda,UGA,5.70637504616212
"Inflation, consumer prices (annual %)",FP.CPI.TOTL.ZG,Ukraine,UKR,13.9127101997797
"Inflation, consumer prices (annual %)",FP.CPI.TOTL.ZG,United Arab Emirates,ARE,1.61748808904198
"Inflation, consumer prices (annual %)",FP.CPI.TOTL.ZG,United Kingdom,GBR,1.0084173681141
"Inflation, consumer prices (annual %)",FP.CPI.TOTL.ZG,United States,USA,1.26158320570536
"Inflation, consumer prices (annual %)",FP.CPI.TOTL.ZG,Uruguay,URY,9.6394134763508
"Inflation, consumer prices (annual %)",FP.CPI.TOTL.ZG,Uzbekistan,UZB,8.130886695236
"Inflation, consumer prices (annual %)",FP.CPI.TOTL.ZG,Vanuatu,VUT,0.842069084035061
"Inflation, consumer prices (annual %)",FP.CPI.TOTL.ZG,"Venezuela, RB",VEN,254.948534781816
"Inflation, consumer prices (annual %)",FP.CPI.TOTL.ZG,Viet Nam,VNM,2.66824816969082
"Inflation, consumer prices (annual %)",FP.CPI.TOTL.ZG,Virgin Islands (U.S.),VIR,..
"Inflation, consumer prices (annual %)",FP.CPI.TOTL.ZG,West Bank and Gaza,PSE,-0.219106604907316
"Inflation, consumer prices (annual %)",FP.CPI.TOTL.ZG,"Yemen, Rep.",YEM,..
"Inflation, consumer prices (annual %)",FP.CPI.TOTL.ZG,Zambia,ZMB,17.8697300795268
"Inflation, consumer prices (annual %)",FP.CPI.TOTL.ZG,Zimbabwe,ZWE,-1.54366960054161
,,,,
,,,,
,,,,
Data from database: World Development Indicators,,,,
Last Updated: 01/28/2026,,,,
